query-id	corpus-id	score
q_0	doc_0	1
q_1	doc_1	1
q_2	doc_2	1
q_3	doc_3	1
q_4	doc_4	1
q_5	doc_6	1
q_6	doc_7	1
q_7	doc_9	1
q_8	doc_10	1
q_9	doc_11	1
q_10	doc_12	1
q_11	doc_14	1
q_12	doc_15	1
q_13	doc_16	1
q_14	doc_17	1
q_15	doc_18	1
q_16	doc_19	1
q_17	doc_20	1
q_18	doc_21	1
q_19	doc_22	1
q_20	doc_23	1
q_21	doc_24	1
q_22	doc_25	1
q_23	doc_26	1
q_24	doc_27	1
q_25	doc_28	1
q_26	doc_29	1
q_27	doc_30	1
q_28	doc_31	1
q_29	doc_32	1
q_30	doc_33	1
q_31	doc_34	1
q_32	doc_35	1
q_33	doc_36	1
q_34	doc_37	1
q_35	doc_38	1
q_36	doc_39	1
q_37	doc_40	1
q_38	doc_41	1
q_39	doc_42	1
q_40	doc_43	1
q_41	doc_44	1
q_42	doc_45	1
q_43	doc_46	1
q_44	doc_47	1
q_45	doc_48	1
q_46	doc_49	1
q_47	doc_50	1
q_48	doc_51	1
q_49	doc_52	1
q_50	doc_53	1
q_51	doc_54	1
q_52	doc_58	1
q_53	doc_59	1
q_54	doc_60	1
q_55	doc_62	1
q_56	doc_63	1
q_57	doc_64	1
q_58	doc_65	1
q_59	doc_66	1
q_60	doc_67	1
q_61	doc_68	1
q_62	doc_69	1
q_63	doc_70	1
q_64	doc_71	1
q_65	doc_72	1
q_66	doc_73	1
q_67	doc_74	1
q_68	doc_75	1
q_69	doc_76	1
q_70	doc_77	1
q_71	doc_78	1
q_72	doc_79	1
q_73	doc_80	1
q_74	doc_81	1
q_75	doc_82	1
q_76	doc_83	1
q_77	doc_84	1
q_78	doc_88	1
q_79	doc_90	1
q_80	doc_91	1
q_81	doc_92	1
q_82	doc_93	1
q_83	doc_94	1
q_84	doc_95	1
q_85	doc_96	1
q_86	doc_97	1
q_87	doc_98	1
q_88	doc_99	1
q_89	doc_100	1
q_90	doc_101	1
q_91	doc_102	1
q_92	doc_103	1
q_93	doc_104	1
q_94	doc_105	1
q_95	doc_106	1
q_96	doc_107	1
q_97	doc_108	1
q_98	doc_109	1
q_99	doc_110	1
q_100	doc_111	1
q_101	doc_112	1
q_102	doc_113	1
q_103	doc_114	1
q_104	doc_115	1
q_105	doc_116	1
q_106	doc_117	1
q_107	doc_118	1
q_108	doc_119	1
q_109	doc_120	1
q_110	doc_121	1
q_111	doc_122	1
q_112	doc_123	1
q_113	doc_124	1
q_114	doc_125	1
q_115	doc_126	1
q_116	doc_127	1
q_117	doc_128	1
q_118	doc_129	1
q_119	doc_130	1
q_120	doc_131	1
q_121	doc_132	1
q_122	doc_133	1
q_123	doc_134	1
q_124	doc_135	1
q_125	doc_136	1
q_126	doc_137	1
q_127	doc_138	1
q_128	doc_139	1
q_129	doc_140	1
q_130	doc_141	1
q_131	doc_142	1
q_132	doc_143	1
q_133	doc_144	1
q_134	doc_145	1
q_135	doc_146	1
q_136	doc_147	1
q_137	doc_148	1
q_138	doc_149	1
q_139	doc_150	1
q_140	doc_151	1
q_141	doc_152	1
q_142	doc_153	1
q_143	doc_154	1
q_144	doc_155	1
q_145	doc_157	1
q_146	doc_158	1
q_147	doc_159	1
q_148	doc_160	1
q_149	doc_161	1
q_150	doc_162	1
q_151	doc_163	1
q_152	doc_164	1
q_153	doc_165	1
q_154	doc_166	1
q_155	doc_167	1
q_156	doc_168	1
q_157	doc_169	1
q_158	doc_170	1
q_159	doc_172	1
q_160	doc_173	1
q_161	doc_174	1
q_162	doc_175	1
q_163	doc_176	1
q_164	doc_177	1
q_165	doc_178	1
q_166	doc_179	1
q_167	doc_180	1
q_168	doc_181	1
q_169	doc_182	1
q_170	doc_183	1
q_171	doc_184	1
q_172	doc_185	1
q_173	doc_186	1
q_174	doc_187	1
q_175	doc_188	1
q_176	doc_189	1
q_177	doc_190	1
q_178	doc_191	1
q_179	doc_193	1
q_180	doc_194	1
q_181	doc_195	1
q_182	doc_196	1
q_183	doc_197	1
q_184	doc_198	1
q_185	doc_201	1
q_186	doc_202	1
q_187	doc_203	1
q_188	doc_204	1
q_189	doc_205	1
q_190	doc_206	1
q_191	doc_207	1
q_192	doc_208	1
q_193	doc_209	1
q_194	doc_210	1
q_195	doc_211	1
q_196	doc_212	1
q_197	doc_213	1
q_198	doc_214	1
q_199	doc_215	1
q_200	doc_216	1
q_201	doc_217	1
q_202	doc_218	1
q_203	doc_219	1
q_204	doc_220	1
q_205	doc_221	1
q_206	doc_222	1
q_207	doc_223	1
q_208	doc_224	1
q_209	doc_225	1
q_210	doc_226	1
q_211	doc_227	1
q_212	doc_228	1
q_213	doc_229	1
q_214	doc_230	1
q_215	doc_231	1
q_216	doc_232	1
q_217	doc_233	1
q_218	doc_234	1
q_219	doc_235	1
q_220	doc_236	1
q_221	doc_237	1
q_222	doc_238	1
q_223	doc_239	1
q_224	doc_240	1
q_225	doc_241	1
q_226	doc_242	1
q_227	doc_243	1
q_228	doc_244	1
q_229	doc_245	1
q_230	doc_246	1
q_231	doc_247	1
q_232	doc_249	1
q_233	doc_250	1
q_234	doc_251	1
q_235	doc_252	1
q_236	doc_253	1
q_237	doc_254	1
q_238	doc_255	1
q_239	doc_15	1
q_240	doc_17	1
q_241	doc_18	1
q_242	doc_19	1
q_243	doc_20	1
q_244	doc_21	1
q_245	doc_22	1
q_246	doc_256	1
q_247	doc_257	1
q_248	doc_258	1
q_249	doc_259	1
q_250	doc_260	1
q_251	doc_261	1
q_252	doc_262	1
q_253	doc_263	1
q_254	doc_41	1
q_255	doc_42	1
q_256	doc_43	1
q_257	doc_44	1
q_258	doc_45	1
q_259	doc_46	1
q_260	doc_49	1
q_261	doc_264	1
q_262	doc_265	1
q_263	doc_266	1
q_264	doc_269	1
q_265	doc_270	1
q_266	doc_271	1
q_267	doc_272	1
q_268	doc_273	1
q_269	doc_274	1
q_270	doc_275	1
q_271	doc_276	1
q_272	doc_277	1
q_273	doc_278	1
q_274	doc_279	1
q_275	doc_280	1
q_276	doc_281	1
q_277	doc_282	1
q_278	doc_283	1
q_279	doc_284	1
q_280	doc_285	1
q_281	doc_286	1
q_282	doc_287	1
q_283	doc_288	1
q_284	doc_289	1
q_285	doc_290	1
q_286	doc_291	1
q_287	doc_292	1
q_288	doc_293	1
q_289	doc_294	1
q_290	doc_295	1
q_291	doc_296	1
q_292	doc_297	1
q_293	doc_298	1
q_294	doc_299	1
q_295	doc_300	1
q_296	doc_301	1
q_297	doc_302	1
q_298	doc_303	1
q_299	doc_304	1
q_300	doc_305	1
q_301	doc_306	1
q_302	doc_307	1
q_303	doc_308	1
q_304	doc_309	1
q_305	doc_310	1
q_306	doc_311	1
q_307	doc_312	1
q_308	doc_313	1
q_309	doc_314	1
q_310	doc_315	1
q_311	doc_316	1
q_312	doc_317	1
q_313	doc_318	1
q_314	doc_319	1
q_315	doc_320	1
q_316	doc_321	1
q_317	doc_322	1
q_318	doc_323	1
q_319	doc_324	1
q_320	doc_325	1
q_321	doc_326	1
q_322	doc_327	1
q_323	doc_328	1
q_324	doc_329	1
q_325	doc_330	1
q_326	doc_331	1
q_327	doc_332	1
q_328	doc_333	1
q_329	doc_334	1
q_330	doc_335	1
q_331	doc_336	1
q_332	doc_337	1
q_333	doc_338	1
q_334	doc_339	1
q_335	doc_340	1
q_336	doc_341	1
q_337	doc_342	1
q_338	doc_343	1
q_339	doc_344	1
q_340	doc_345	1
q_341	doc_346	1
q_342	doc_347	1
q_343	doc_348	1
q_344	doc_349	1
q_345	doc_350	1
q_346	doc_351	1
q_347	doc_352	1
q_348	doc_353	1
q_349	doc_354	1
q_350	doc_355	1
q_351	doc_356	1
q_352	doc_357	1
q_353	doc_358	1
q_354	doc_359	1
q_355	doc_360	1
q_356	doc_361	1
q_357	doc_362	1
q_358	doc_363	1
q_359	doc_364	1
q_360	doc_365	1
q_361	doc_366	1
q_362	doc_367	1
q_363	doc_368	1
q_364	doc_369	1
q_365	doc_370	1
q_366	doc_371	1
q_367	doc_372	1
q_368	doc_373	1
q_369	doc_374	1
q_370	doc_375	1
q_371	doc_376	1
q_372	doc_377	1
q_373	doc_378	1
q_374	doc_379	1
q_375	doc_380	1
q_376	doc_381	1
q_377	doc_382	1
q_378	doc_383	1
q_379	doc_384	1
q_380	doc_385	1
q_381	doc_386	1
q_382	doc_387	1
q_383	doc_388	1
q_384	doc_389	1
q_385	doc_390	1
q_386	doc_391	1
q_387	doc_392	1
q_388	doc_393	1
q_389	doc_394	1
q_390	doc_395	1
q_391	doc_396	1
q_392	doc_397	1
q_393	doc_398	1
q_394	doc_399	1
q_395	doc_400	1
q_396	doc_401	1
q_397	doc_402	1
q_398	doc_403	1
q_399	doc_404	1
q_400	doc_405	1
q_401	doc_406	1
q_402	doc_407	1
q_403	doc_408	1
q_404	doc_409	1
q_405	doc_410	1
q_406	doc_411	1
q_407	doc_412	1
q_408	doc_413	1
q_409	doc_414	1
q_410	doc_415	1
q_411	doc_416	1
q_412	doc_417	1
q_413	doc_418	1
q_414	doc_419	1
q_415	doc_420	1
q_416	doc_421	1
q_417	doc_422	1
q_418	doc_423	1
q_419	doc_424	1
q_420	doc_425	1
q_421	doc_426	1
q_422	doc_427	1
q_423	doc_428	1
q_424	doc_429	1
q_425	doc_430	1
q_426	doc_431	1
q_427	doc_432	1
q_428	doc_433	1
q_429	doc_434	1
q_430	doc_435	1
q_431	doc_436	1
q_432	doc_437	1
q_433	doc_438	1
q_434	doc_439	1
q_435	doc_440	1
q_436	doc_441	1
q_437	doc_442	1
q_438	doc_443	1
q_439	doc_444	1
q_440	doc_445	1
q_441	doc_446	1
q_442	doc_447	1
q_443	doc_448	1
q_444	doc_449	1
q_445	doc_450	1
q_446	doc_451	1
q_447	doc_452	1
q_448	doc_453	1
q_449	doc_454	1
q_450	doc_455	1
q_451	doc_456	1
q_452	doc_457	1
q_453	doc_458	1
q_454	doc_459	1
q_455	doc_460	1
q_456	doc_461	1
q_457	doc_462	1
q_458	doc_463	1
q_459	doc_464	1
q_460	doc_465	1
q_461	doc_466	1
q_462	doc_467	1
q_463	doc_468	1
q_464	doc_469	1
q_465	doc_470	1
q_466	doc_471	1
q_467	doc_472	1
q_468	doc_473	1
q_469	doc_474	1
q_470	doc_475	1
q_471	doc_476	1
q_472	doc_477	1
q_473	doc_478	1
q_474	doc_479	1
q_475	doc_480	1
q_476	doc_481	1
q_477	doc_482	1
q_478	doc_483	1
q_479	doc_484	1
q_480	doc_485	1
q_481	doc_486	1
q_482	doc_487	1
q_483	doc_488	1
q_484	doc_489	1
q_485	doc_490	1
q_486	doc_491	1
q_487	doc_492	1
q_488	doc_493	1
q_489	doc_494	1
q_490	doc_495	1
q_491	doc_496	1
q_492	doc_497	1
q_493	doc_498	1
q_494	doc_499	1
q_495	doc_500	1
q_496	doc_501	1
q_497	doc_502	1
q_498	doc_503	1
q_499	doc_504	1
q_500	doc_505	1
q_501	doc_506	1
q_502	doc_507	1
q_503	doc_508	1
q_504	doc_509	1
q_505	doc_510	1
q_506	doc_511	1
q_507	doc_512	1
q_508	doc_513	1
q_509	doc_514	1
q_510	doc_515	1
q_511	doc_516	1
q_512	doc_517	1
q_513	doc_518	1
q_514	doc_519	1
q_515	doc_520	1
q_516	doc_521	1
q_517	doc_522	1
q_518	doc_523	1
q_519	doc_524	1
q_520	doc_525	1
q_521	doc_526	1
q_522	doc_527	1
q_523	doc_528	1
q_524	doc_529	1
q_525	doc_530	1
q_526	doc_531	1
q_527	doc_532	1
q_528	doc_533	1
q_529	doc_534	1
q_530	doc_535	1
q_531	doc_536	1
q_532	doc_537	1
q_533	doc_538	1
q_534	doc_539	1
q_535	doc_540	1
q_536	doc_541	1
q_537	doc_542	1
q_538	doc_543	1
q_539	doc_544	1
q_540	doc_545	1
q_541	doc_546	1
q_542	doc_547	1
q_543	doc_548	1
q_544	doc_549	1
q_545	doc_550	1
q_546	doc_551	1
q_547	doc_552	1
q_548	doc_553	1
q_549	doc_554	1
q_550	doc_555	1
q_551	doc_556	1
q_552	doc_557	1
q_553	doc_558	1
q_554	doc_559	1
q_555	doc_560	1
q_556	doc_561	1
q_557	doc_562	1
q_558	doc_563	1
q_559	doc_564	1
q_560	doc_565	1
q_561	doc_566	1
q_562	doc_567	1
q_563	doc_568	1
q_564	doc_569	1
q_565	doc_570	1
q_566	doc_571	1
q_567	doc_572	1
q_568	doc_573	1
q_569	doc_574	1
q_570	doc_575	1
q_571	doc_576	1
q_572	doc_577	1
q_573	doc_578	1
q_574	doc_579	1
q_575	doc_580	1
q_576	doc_581	1
q_577	doc_582	1
q_578	doc_583	1
q_579	doc_584	1
q_580	doc_585	1
q_581	doc_586	1
q_582	doc_587	1
q_583	doc_588	1
q_584	doc_589	1
q_585	doc_590	1
q_586	doc_591	1
q_587	doc_592	1
q_588	doc_593	1
q_589	doc_594	1
q_590	doc_595	1
q_591	doc_596	1
q_592	doc_597	1
q_593	doc_598	1
q_594	doc_599	1
q_595	doc_600	1
q_596	doc_601	1
q_597	doc_602	1
q_598	doc_603	1
q_599	doc_604	1
q_600	doc_605	1
q_601	doc_606	1
q_602	doc_607	1
q_603	doc_608	1
q_604	doc_609	1
q_605	doc_610	1
q_606	doc_611	1
q_607	doc_612	1
q_608	doc_613	1
q_609	doc_614	1
q_610	doc_615	1
q_611	doc_616	1
q_612	doc_617	1
q_613	doc_618	1
q_614	doc_619	1
q_615	doc_620	1
q_616	doc_621	1
q_617	doc_623	1
q_618	doc_624	1
q_619	doc_625	1
q_620	doc_626	1
q_621	doc_627	1
q_622	doc_628	1
q_623	doc_629	1
q_624	doc_630	1
q_625	doc_631	1
q_626	doc_632	1
q_627	doc_633	1
q_628	doc_634	1
q_629	doc_635	1
q_630	doc_636	1
q_631	doc_637	1
q_632	doc_638	1
q_633	doc_639	1
q_634	doc_640	1
q_635	doc_641	1
q_636	doc_642	1
q_637	doc_643	1
q_638	doc_644	1
q_639	doc_645	1
q_640	doc_646	1
q_641	doc_647	1
q_642	doc_648	1
q_643	doc_649	1
q_644	doc_650	1
q_645	doc_651	1
q_646	doc_652	1
q_647	doc_653	1
q_648	doc_654	1
q_649	doc_655	1
q_650	doc_656	1
q_651	doc_657	1
q_652	doc_658	1
q_653	doc_659	1
q_654	doc_660	1
q_655	doc_661	1
q_656	doc_663	1
q_657	doc_664	1
q_658	doc_665	1
q_659	doc_666	1
q_660	doc_667	1
q_661	doc_668	1
q_662	doc_669	1
q_663	doc_670	1
q_664	doc_671	1
q_665	doc_672	1
q_666	doc_673	1
q_667	doc_674	1
q_668	doc_675	1
q_669	doc_676	1
q_670	doc_677	1
q_671	doc_678	1
q_672	doc_679	1
q_673	doc_680	1
q_674	doc_681	1
q_675	doc_682	1
q_676	doc_683	1
q_677	doc_684	1
q_678	doc_685	1
q_679	doc_686	1
q_680	doc_687	1
q_681	doc_688	1
q_682	doc_689	1
q_683	doc_690	1
q_684	doc_691	1
q_685	doc_692	1
q_686	doc_693	1
q_687	doc_694	1
q_688	doc_695	1
q_689	doc_696	1
q_690	doc_697	1
q_691	doc_698	1
q_692	doc_699	1
q_693	doc_700	1
q_694	doc_701	1
q_695	doc_702	1
q_696	doc_703	1
q_697	doc_704	1
q_698	doc_705	1
q_699	doc_706	1
q_700	doc_707	1
q_701	doc_708	1
q_702	doc_709	1
q_703	doc_710	1
q_704	doc_711	1
q_705	doc_712	1
q_706	doc_713	1
q_707	doc_714	1
q_708	doc_715	1
q_709	doc_716	1
q_710	doc_717	1
q_711	doc_718	1
q_712	doc_719	1
q_713	doc_720	1
q_714	doc_721	1
q_715	doc_722	1
q_716	doc_723	1
q_717	doc_724	1
q_718	doc_725	1
q_719	doc_726	1
q_720	doc_727	1
q_721	doc_728	1
q_722	doc_729	1
q_723	doc_730	1
q_724	doc_731	1
q_725	doc_732	1
q_726	doc_733	1
q_727	doc_734	1
q_728	doc_735	1
q_729	doc_736	1
q_730	doc_737	1
q_731	doc_738	1
q_732	doc_739	1
q_733	doc_740	1
q_734	doc_741	1
q_735	doc_742	1
q_736	doc_743	1
q_737	doc_744	1
q_738	doc_745	1
q_739	doc_746	1
q_740	doc_747	1
q_741	doc_748	1
q_742	doc_749	1
q_743	doc_750	1
q_744	doc_751	1
q_745	doc_752	1
q_746	doc_753	1
q_747	doc_754	1
q_748	doc_755	1
q_749	doc_756	1
q_750	doc_757	1
q_751	doc_758	1
q_752	doc_759	1
q_753	doc_760	1
q_754	doc_761	1
q_755	doc_762	1
q_756	doc_763	1
q_757	doc_764	1
q_758	doc_765	1
q_759	doc_766	1
q_760	doc_767	1
q_761	doc_768	1
q_762	doc_769	1
q_763	doc_770	1
q_764	doc_771	1
q_765	doc_772	1
q_766	doc_773	1
q_767	doc_774	1
q_768	doc_775	1
q_769	doc_776	1
q_770	doc_777	1
q_771	doc_778	1
q_772	doc_779	1
q_773	doc_780	1
q_774	doc_781	1
q_775	doc_782	1
q_776	doc_783	1
q_777	doc_784	1
q_778	doc_785	1
q_779	doc_786	1
q_780	doc_787	1
q_781	doc_788	1
q_782	doc_789	1
q_783	doc_790	1
q_784	doc_791	1
q_785	doc_792	1
q_786	doc_793	1
q_787	doc_794	1
q_788	doc_795	1
q_789	doc_796	1
q_790	doc_797	1
q_791	doc_798	1
q_792	doc_799	1
q_793	doc_800	1
q_794	doc_801	1
q_795	doc_802	1
q_796	doc_803	1
q_797	doc_804	1
q_798	doc_805	1
q_799	doc_806	1
q_800	doc_807	1
q_801	doc_808	1
q_802	doc_809	1
q_803	doc_810	1
q_804	doc_811	1
q_805	doc_812	1
q_806	doc_813	1
q_807	doc_814	1
q_808	doc_815	1
q_809	doc_816	1
q_810	doc_817	1
q_811	doc_818	1
q_812	doc_819	1
q_813	doc_820	1
q_814	doc_821	1
q_815	doc_822	1
q_816	doc_823	1
q_817	doc_824	1
q_818	doc_825	1
q_819	doc_826	1
q_820	doc_827	1
q_821	doc_828	1
q_822	doc_829	1
q_823	doc_830	1
q_824	doc_831	1
q_825	doc_832	1
q_826	doc_833	1
q_827	doc_834	1
q_828	doc_835	1
q_829	doc_836	1
q_830	doc_837	1
q_831	doc_838	1
q_832	doc_839	1
q_833	doc_840	1
q_834	doc_841	1
q_835	doc_842	1
q_836	doc_843	1
q_837	doc_844	1
q_838	doc_845	1
q_839	doc_846	1
q_840	doc_847	1
q_841	doc_848	1
q_842	doc_849	1
q_843	doc_850	1
q_844	doc_851	1
q_845	doc_852	1
q_846	doc_853	1
q_847	doc_854	1
q_848	doc_855	1
q_849	doc_856	1
q_850	doc_857	1
q_851	doc_858	1
q_852	doc_859	1
q_853	doc_860	1
q_854	doc_861	1
q_855	doc_862	1
q_856	doc_863	1
q_857	doc_864	1
q_858	doc_865	1
q_859	doc_866	1
q_860	doc_867	1
q_861	doc_868	1
q_862	doc_869	1
q_863	doc_870	1
q_864	doc_871	1
q_865	doc_872	1
q_866	doc_873	1
q_867	doc_874	1
q_868	doc_875	1
q_869	doc_876	1
q_870	doc_877	1
q_871	doc_878	1
q_872	doc_879	1
q_873	doc_880	1
q_874	doc_881	1
q_875	doc_882	1
q_876	doc_883	1
q_877	doc_884	1
q_878	doc_885	1
q_879	doc_886	1
q_880	doc_887	1
q_881	doc_888	1
q_882	doc_889	1
q_883	doc_890	1
q_884	doc_891	1
q_885	doc_892	1
q_886	doc_893	1
q_887	doc_894	1
q_888	doc_895	1
q_889	doc_896	1
q_890	doc_897	1
q_891	doc_898	1
q_892	doc_899	1
q_893	doc_900	1
q_894	doc_901	1
q_895	doc_902	1
q_896	doc_903	1
q_897	doc_904	1
q_898	doc_905	1
q_899	doc_906	1
q_900	doc_907	1
q_901	doc_908	1
q_902	doc_909	1
q_903	doc_910	1
q_904	doc_911	1
q_905	doc_912	1
q_906	doc_913	1
q_907	doc_914	1
q_908	doc_915	1
q_909	doc_916	1
q_910	doc_917	1
q_911	doc_918	1
q_912	doc_919	1
q_913	doc_920	1
q_914	doc_921	1
q_915	doc_922	1
q_916	doc_923	1
q_917	doc_924	1
q_918	doc_925	1
q_919	doc_926	1
q_920	doc_927	1
q_921	doc_928	1
q_922	doc_929	1
q_923	doc_930	1
q_924	doc_931	1
q_925	doc_932	1
q_926	doc_933	1
q_927	doc_934	1
q_928	doc_935	1
q_929	doc_936	1
q_930	doc_937	1
q_931	doc_938	1
q_932	doc_939	1
q_933	doc_940	1
q_934	doc_941	1
q_935	doc_942	1
q_936	doc_943	1
q_937	doc_944	1
q_938	doc_945	1
q_939	doc_946	1
q_940	doc_947	1
q_941	doc_948	1
q_942	doc_949	1
q_943	doc_950	1
q_944	doc_951	1
q_945	doc_952	1
q_946	doc_953	1
q_947	doc_954	1
q_948	doc_955	1
q_949	doc_956	1
q_950	doc_957	1
q_951	doc_958	1
q_952	doc_959	1
q_953	doc_960	1
q_954	doc_961	1
q_955	doc_962	1
q_956	doc_963	1
q_957	doc_964	1
q_958	doc_965	1
q_959	doc_966	1
q_960	doc_967	1
q_961	doc_968	1
q_962	doc_969	1
q_963	doc_970	1
q_964	doc_971	1
q_965	doc_972	1
q_966	doc_973	1
q_967	doc_974	1
q_968	doc_975	1
q_969	doc_976	1
q_970	doc_977	1
q_971	doc_978	1
q_972	doc_979	1
q_973	doc_980	1
q_974	doc_981	1
q_975	doc_982	1
q_976	doc_983	1
q_977	doc_984	1
q_978	doc_985	1
q_979	doc_986	1
q_980	doc_987	1
q_981	doc_988	1
q_982	doc_989	1
q_983	doc_990	1
q_984	doc_991	1
q_985	doc_992	1
q_986	doc_993	1
q_987	doc_994	1
q_988	doc_995	1
q_989	doc_996	1
q_990	doc_997	1
q_991	doc_998	1
q_992	doc_999	1
q_993	doc_1000	1
q_994	doc_1001	1
q_995	doc_1002	1
q_996	doc_1003	1
q_997	doc_1004	1
q_998	doc_1005	1
q_999	doc_1006	1
q_1000	doc_1007	1
q_1001	doc_1008	1
q_1002	doc_1009	1
q_1003	doc_1010	1
q_1004	doc_1011	1
q_1005	doc_1012	1
q_1006	doc_1013	1
q_1007	doc_1014	1
q_1008	doc_1015	1
q_1009	doc_1016	1
q_1010	doc_1017	1
q_1011	doc_1018	1
q_1012	doc_1019	1
q_1013	doc_1020	1
q_1014	doc_1021	1
q_1015	doc_1022	1
q_1016	doc_1023	1
q_1017	doc_1024	1
q_1018	doc_1025	1
q_1019	doc_1026	1
q_1020	doc_1027	1
q_1021	doc_1028	1
q_1022	doc_1029	1
q_1023	doc_1030	1
q_1024	doc_1031	1
q_1025	doc_1032	1
q_1026	doc_1033	1
q_1027	doc_1034	1
q_1028	doc_1035	1
q_1029	doc_1036	1
q_1030	doc_1037	1
q_1031	doc_1038	1
q_1032	doc_1039	1
q_1033	doc_1040	1
q_1034	doc_1041	1
q_1035	doc_1042	1
q_1036	doc_1043	1
q_1037	doc_1044	1
q_1038	doc_1045	1
q_1039	doc_1046	1
q_1040	doc_1047	1
q_1041	doc_1049	1
q_1042	doc_1050	1
q_1043	doc_1051	1
q_1044	doc_1052	1
q_1045	doc_1053	1
q_1046	doc_1054	1
q_1047	doc_1055	1
q_1048	doc_1056	1
q_1049	doc_1057	1
q_1050	doc_1058	1
q_1051	doc_1059	1
q_1052	doc_1060	1
q_1053	doc_1061	1
q_1054	doc_1062	1
q_1055	doc_1063	1
q_1056	doc_1064	1
q_1057	doc_1065	1
q_1058	doc_1066	1
q_1059	doc_1067	1
q_1060	doc_1068	1
q_1061	doc_1069	1
q_1062	doc_1070	1
q_1063	doc_1071	1
q_1064	doc_1072	1
q_1065	doc_1073	1
q_1066	doc_1074	1
q_1067	doc_1075	1
q_1068	doc_1076	1
q_1069	doc_1077	1
q_1070	doc_1078	1
q_1071	doc_1079	1
q_1072	doc_1080	1
q_1073	doc_1081	1
q_1074	doc_1082	1
q_1075	doc_1083	1
q_1076	doc_1084	1
q_1077	doc_1085	1
q_1078	doc_1086	1
q_1079	doc_1087	1
q_1080	doc_1088	1
q_1081	doc_1089	1
q_1082	doc_1090	1
q_1083	doc_1091	1
q_1084	doc_1092	1
q_1085	doc_1093	1
q_1086	doc_1094	1
q_1087	doc_1095	1
q_1088	doc_1096	1
q_1089	doc_1097	1
q_1090	doc_1098	1
q_1091	doc_1099	1
q_1092	doc_1100	1
q_1093	doc_1101	1
q_1094	doc_1102	1
q_1095	doc_1103	1
q_1096	doc_1104	1
q_1097	doc_1105	1
q_1098	doc_1106	1
q_1099	doc_1107	1
q_1100	doc_1108	1
q_1101	doc_1109	1
q_1102	doc_1110	1
q_1103	doc_1111	1
q_1104	doc_1112	1
q_1105	doc_1113	1
q_1106	doc_1114	1
q_1107	doc_1115	1
q_1108	doc_1116	1
q_1109	doc_1117	1
q_1110	doc_1118	1
q_1111	doc_1119	1
q_1112	doc_1120	1
q_1113	doc_1121	1
q_1114	doc_1122	1
q_1115	doc_1123	1
q_1116	doc_1124	1
q_1117	doc_1125	1
q_1118	doc_1126	1
q_1119	doc_1127	1
q_1120	doc_1128	1
q_1121	doc_1129	1
q_1122	doc_1130	1
q_1123	doc_1131	1
q_1124	doc_1132	1
q_1125	doc_1133	1
q_1126	doc_1134	1
q_1127	doc_1135	1
q_1128	doc_1136	1
q_1129	doc_1137	1
q_1130	doc_1138	1
q_1131	doc_1139	1
q_1132	doc_1140	1
q_1133	doc_1141	1
q_1134	doc_1142	1
q_1135	doc_1143	1
q_1136	doc_1144	1
q_1137	doc_1145	1
q_1138	doc_1146	1
q_1139	doc_1147	1
q_1140	doc_1148	1
q_1141	doc_1149	1
q_1142	doc_1150	1
q_1143	doc_1151	1
q_1144	doc_1152	1
q_1145	doc_1153	1
q_1146	doc_1154	1
q_1147	doc_1155	1
q_1148	doc_1156	1
q_1149	doc_1157	1
q_1150	doc_1158	1
q_1151	doc_1159	1
q_1152	doc_1160	1
q_1153	doc_1161	1
q_1154	doc_1162	1
q_1155	doc_1163	1
q_1156	doc_1164	1
q_1157	doc_1165	1
q_1158	doc_1166	1
q_1159	doc_1167	1
q_1160	doc_1168	1
q_1161	doc_1169	1
q_1162	doc_1170	1
q_1163	doc_1171	1
q_1164	doc_1172	1
q_1165	doc_1173	1
q_1166	doc_1174	1
q_1167	doc_1175	1
q_1168	doc_1176	1
q_1169	doc_1177	1
q_1170	doc_1178	1
q_1171	doc_1179	1
q_1172	doc_1180	1
q_1173	doc_1181	1
q_1174	doc_1182	1
q_1175	doc_1183	1
q_1176	doc_1184	1
q_1177	doc_1185	1
q_1178	doc_1186	1
q_1179	doc_1187	1
q_1180	doc_1188	1
q_1181	doc_1189	1
q_1182	doc_1190	1
q_1183	doc_1191	1
q_1184	doc_1192	1
q_1185	doc_1193	1
q_1186	doc_1194	1
q_1187	doc_1195	1
q_1188	doc_1196	1
q_1189	doc_1197	1
q_1190	doc_1198	1
q_1191	doc_1199	1
q_1192	doc_1200	1
q_1193	doc_1201	1
q_1194	doc_1202	1
q_1195	doc_1203	1
q_1196	doc_1204	1
q_1197	doc_1205	1
q_1198	doc_1206	1
q_1199	doc_1207	1
q_1200	doc_1208	1
q_1201	doc_1209	1
q_1202	doc_1210	1
q_1203	doc_1211	1
q_1204	doc_1212	1
q_1205	doc_1213	1
q_1206	doc_1214	1
q_1207	doc_1215	1
q_1208	doc_1216	1
q_1209	doc_1217	1
q_1210	doc_1218	1
q_1211	doc_1219	1
q_1212	doc_1220	1
q_1213	doc_1221	1
q_1214	doc_1222	1
q_1215	doc_1223	1
q_1216	doc_1224	1
q_1217	doc_1225	1
q_1218	doc_1226	1
q_1219	doc_1227	1
q_1220	doc_1228	1
q_1221	doc_1229	1
q_1222	doc_1230	1
q_1223	doc_1231	1
q_1224	doc_1232	1
q_1225	doc_1233	1
q_1226	doc_1234	1
q_1227	doc_1235	1
q_1228	doc_1236	1
q_1229	doc_1237	1
q_1230	doc_1238	1
q_1231	doc_1239	1
q_1232	doc_1240	1
q_1233	doc_1241	1
q_1234	doc_1242	1
q_1235	doc_1243	1
q_1236	doc_1244	1
q_1237	doc_1245	1
q_1238	doc_1246	1
q_1239	doc_1247	1
q_1240	doc_1248	1
q_1241	doc_1249	1
q_1242	doc_1250	1
q_1243	doc_1251	1
q_1244	doc_1252	1
q_1245	doc_1253	1
q_1246	doc_1254	1
q_1247	doc_1255	1
q_1248	doc_1256	1
q_1249	doc_1257	1
q_1250	doc_1258	1
q_1251	doc_1259	1
q_1252	doc_1260	1
q_1253	doc_1261	1
q_1254	doc_1262	1
q_1255	doc_1263	1
q_1256	doc_1264	1
q_1257	doc_1265	1
q_1258	doc_1266	1
q_1259	doc_1267	1
q_1260	doc_1268	1
q_1261	doc_1269	1
q_1262	doc_1270	1
q_1263	doc_1271	1
q_1264	doc_1272	1
q_1265	doc_1273	1
q_1266	doc_1274	1
q_1267	doc_1275	1
q_1268	doc_1276	1
q_1269	doc_1277	1
q_1270	doc_1278	1
q_1271	doc_1279	1
q_1272	doc_1280	1
q_1273	doc_1281	1
q_1274	doc_1282	1
q_1275	doc_1283	1
q_1276	doc_1284	1
q_1277	doc_1285	1
q_1278	doc_1286	1
q_1279	doc_1287	1
q_1280	doc_1288	1
q_1281	doc_1289	1
q_1282	doc_1290	1
q_1283	doc_1291	1
q_1284	doc_1292	1
q_1285	doc_1293	1
q_1286	doc_1294	1
q_1287	doc_1295	1
q_1288	doc_1296	1
q_1289	doc_1297	1
q_1290	doc_1298	1
q_1291	doc_1299	1
q_1292	doc_1300	1
q_1293	doc_1301	1
q_1294	doc_1302	1
q_1295	doc_1303	1
q_1296	doc_1304	1
q_1297	doc_1305	1
q_1298	doc_1306	1
q_1299	doc_1307	1
q_1300	doc_1308	1
q_1301	doc_1309	1
q_1302	doc_1310	1
q_1303	doc_1311	1
q_1304	doc_1312	1
q_1305	doc_1313	1
q_1306	doc_1314	1
q_1307	doc_1315	1
q_1308	doc_1316	1
q_1309	doc_1317	1
q_1310	doc_1318	1
q_1311	doc_1319	1
q_1312	doc_1320	1
q_1313	doc_1321	1
q_1314	doc_1322	1
q_1315	doc_1323	1
q_1316	doc_1324	1
q_1317	doc_1325	1
q_1318	doc_1326	1
q_1319	doc_1327	1
q_1320	doc_1328	1
q_1321	doc_1329	1
q_1322	doc_1330	1
q_1323	doc_1331	1
q_1324	doc_1332	1
q_1325	doc_1333	1
q_1326	doc_1334	1
q_1327	doc_1335	1
q_1328	doc_1336	1
q_1329	doc_1337	1
q_1330	doc_1338	1
q_1331	doc_1339	1
q_1332	doc_1340	1
q_1333	doc_1341	1
q_1334	doc_1342	1
q_1335	doc_1343	1
q_1336	doc_1344	1
q_1337	doc_1345	1
q_1338	doc_1346	1
q_1339	doc_1347	1
q_1340	doc_1348	1
q_1341	doc_1349	1
q_1342	doc_1350	1
q_1343	doc_1351	1
q_1344	doc_1352	1
q_1345	doc_1353	1
q_1346	doc_1354	1
q_1347	doc_1355	1
q_1348	doc_1356	1
q_1349	doc_1357	1
q_1350	doc_1358	1
q_1351	doc_1359	1
q_1352	doc_1360	1
q_1353	doc_1361	1
q_1354	doc_1362	1
q_1355	doc_1363	1
q_1356	doc_1364	1
q_1357	doc_1365	1
q_1358	doc_1366	1
q_1359	doc_1367	1
q_1360	doc_1368	1
q_1361	doc_1369	1
q_1362	doc_1370	1
q_1363	doc_1371	1
q_1364	doc_1372	1
q_1365	doc_1373	1
q_1366	doc_1374	1
q_1367	doc_1375	1
q_1368	doc_1376	1
q_1369	doc_1377	1
q_1370	doc_1378	1
q_1371	doc_1379	1
q_1372	doc_1380	1
q_1373	doc_1381	1
q_1374	doc_1382	1
q_1375	doc_1383	1
q_1376	doc_1384	1
q_1377	doc_1385	1
q_1378	doc_1386	1
q_1379	doc_1387	1
q_1380	doc_1388	1
q_1381	doc_1389	1
q_1382	doc_1390	1
q_1383	doc_1391	1
q_1384	doc_1392	1
q_1385	doc_1393	1
q_1386	doc_1394	1
q_1387	doc_1395	1
q_1388	doc_1396	1
q_1389	doc_1397	1
q_1390	doc_1398	1
q_1391	doc_1399	1
q_1392	doc_1400	1
q_1393	doc_1401	1
q_1394	doc_1402	1
q_1395	doc_1403	1
q_1396	doc_1404	1
q_1397	doc_1405	1
q_1398	doc_1406	1
q_1399	doc_1407	1
q_1400	doc_1408	1
q_1401	doc_1409	1
q_1402	doc_1410	1
q_1403	doc_1411	1
q_1404	doc_1412	1
q_1405	doc_1413	1
q_1406	doc_1414	1
q_1407	doc_1415	1
q_1408	doc_1416	1
q_1409	doc_1417	1
q_1410	doc_1418	1
q_1411	doc_1419	1
q_1412	doc_1420	1
q_1413	doc_1421	1
q_1414	doc_1422	1
q_1415	doc_1423	1
q_1416	doc_1424	1
q_1417	doc_1425	1
q_1418	doc_1426	1
q_1419	doc_1427	1
q_1420	doc_1428	1
q_1421	doc_1429	1
q_1422	doc_1430	1
q_1423	doc_1431	1
q_1424	doc_1432	1
q_1425	doc_1433	1
q_1426	doc_1434	1
q_1427	doc_1435	1
q_1428	doc_1436	1
q_1429	doc_1437	1
q_1430	doc_1438	1
q_1431	doc_1439	1
q_1432	doc_1440	1
q_1433	doc_1441	1
q_1434	doc_1442	1
q_1435	doc_1443	1
q_1436	doc_1444	1
q_1437	doc_1445	1
q_1438	doc_1446	1
q_1439	doc_1447	1
q_1440	doc_1448	1
q_1441	doc_1449	1
q_1442	doc_1450	1
q_1443	doc_1451	1
q_1444	doc_1452	1
q_1445	doc_1453	1
q_1446	doc_1454	1
q_1447	doc_1455	1
q_1448	doc_1456	1
q_1449	doc_1457	1
q_1450	doc_1458	1
q_1451	doc_1459	1
q_1452	doc_1460	1
q_1453	doc_1461	1
q_1454	doc_1462	1
q_1455	doc_1463	1
q_1456	doc_1464	1
q_1457	doc_1465	1
q_1458	doc_1466	1
q_1459	doc_1467	1
q_1460	doc_1468	1
q_1461	doc_1469	1
q_1462	doc_1470	1
q_1463	doc_1471	1
q_1464	doc_1472	1
q_1465	doc_1473	1
q_1466	doc_1474	1
q_1467	doc_1475	1
q_1468	doc_1476	1
q_1469	doc_1477	1
q_1470	doc_1478	1
q_1471	doc_1479	1
q_1472	doc_1481	1
q_1473	doc_1482	1
q_1474	doc_1483	1
q_1475	doc_1484	1
q_1476	doc_1485	1
q_1477	doc_1486	1
q_1478	doc_1487	1
q_1479	doc_1488	1
q_1480	doc_1489	1
q_1481	doc_1490	1
q_1482	doc_1491	1
q_1483	doc_1492	1
q_1484	doc_1493	1
q_1485	doc_1494	1
q_1486	doc_1495	1
q_1487	doc_1496	1
q_1488	doc_1497	1
q_1489	doc_1498	1
q_1490	doc_1499	1
q_1491	doc_1500	1
q_1492	doc_1501	1
q_1493	doc_1502	1
q_1494	doc_1503	1
q_1495	doc_1504	1
q_1496	doc_1505	1
q_1497	doc_1506	1
q_1498	doc_1507	1
q_1499	doc_1508	1
q_1500	doc_1509	1
q_1501	doc_1510	1
q_1502	doc_1511	1
q_1503	doc_1512	1
q_1504	doc_1513	1
q_1505	doc_1514	1
q_1506	doc_1515	1
q_1507	doc_1516	1
q_1508	doc_1517	1
q_1509	doc_1518	1
q_1510	doc_1519	1
q_1511	doc_1520	1
q_1512	doc_1521	1
q_1513	doc_1522	1
q_1514	doc_1523	1
q_1515	doc_1524	1
q_1516	doc_1525	1
q_1517	doc_1526	1
q_1518	doc_1527	1
q_1519	doc_1528	1
q_1520	doc_1529	1
q_1521	doc_1530	1
q_1522	doc_1531	1
q_1523	doc_1532	1
q_1524	doc_1533	1
q_1525	doc_1534	1
q_1526	doc_1535	1
q_1527	doc_1536	1
q_1528	doc_1537	1
q_1529	doc_1538	1
q_1530	doc_1539	1
q_1531	doc_1540	1
q_1532	doc_1541	1
q_1533	doc_1542	1
q_1534	doc_1543	1
q_1535	doc_1544	1
q_1536	doc_1546	1
q_1537	doc_1547	1
q_1538	doc_1548	1
q_1539	doc_1549	1
q_1540	doc_1550	1
q_1541	doc_1551	1
q_1542	doc_1552	1
q_1543	doc_1553	1
q_1544	doc_1554	1
q_1545	doc_1555	1
q_1546	doc_1556	1
q_1547	doc_1557	1
q_1548	doc_1558	1
q_1549	doc_1559	1
q_1550	doc_1560	1
q_1551	doc_1561	1
q_1552	doc_1562	1
q_1553	doc_1563	1
q_1554	doc_1564	1
q_1555	doc_1565	1
q_1556	doc_1566	1
q_1557	doc_1567	1
q_1558	doc_1568	1
q_1559	doc_1569	1
q_1560	doc_1570	1
q_1561	doc_1571	1
q_1562	doc_1572	1
q_1563	doc_1573	1
q_1564	doc_1574	1
q_1565	doc_1575	1
q_1566	doc_1576	1
q_1567	doc_1577	1
q_1568	doc_1578	1
q_1569	doc_1579	1
q_1570	doc_1580	1
q_1571	doc_1581	1
q_1572	doc_1582	1
q_1573	doc_1583	1
q_1574	doc_1584	1
q_1575	doc_1585	1
q_1576	doc_1586	1
q_1577	doc_1587	1
q_1578	doc_1588	1
q_1579	doc_1589	1
q_1580	doc_1590	1
q_1581	doc_1591	1
q_1582	doc_1592	1
q_1583	doc_1593	1
q_1584	doc_1594	1
q_1585	doc_1595	1
q_1586	doc_1596	1
q_1587	doc_1597	1
q_1588	doc_1598	1
q_1589	doc_1599	1
q_1590	doc_1600	1
q_1591	doc_1601	1
q_1592	doc_1602	1
q_1593	doc_1603	1
q_1594	doc_1604	1
q_1595	doc_1605	1
q_1596	doc_1606	1
q_1597	doc_1607	1
q_1598	doc_1608	1
q_1599	doc_1609	1
q_1600	doc_1610	1
q_1601	doc_1611	1
q_1602	doc_1612	1
q_1603	doc_1613	1
q_1604	doc_1614	1
q_1605	doc_1615	1
q_1606	doc_1616	1
q_1607	doc_1617	1
q_1608	doc_1618	1
q_1609	doc_1619	1
q_1610	doc_1620	1
q_1611	doc_1621	1
q_1612	doc_1622	1
q_1613	doc_1623	1
q_1614	doc_1624	1
q_1615	doc_1625	1
q_1616	doc_1626	1
q_1617	doc_1627	1
q_1618	doc_1628	1
q_1619	doc_1629	1
q_1620	doc_1630	1
q_1621	doc_1632	1
q_1622	doc_1633	1
q_1623	doc_1634	1
q_1624	doc_1635	1
q_1625	doc_1636	1
q_1626	doc_1637	1
q_1627	doc_1638	1
q_1628	doc_1639	1
q_1629	doc_1640	1
q_1630	doc_1641	1
q_1631	doc_1642	1
q_1632	doc_1643	1
q_1633	doc_1644	1
q_1634	doc_1645	1
q_1635	doc_1646	1
q_1636	doc_1647	1
q_1637	doc_1648	1
q_1638	doc_1649	1
q_1639	doc_1650	1
q_1640	doc_1651	1
q_1641	doc_1652	1
q_1642	doc_1653	1
q_1643	doc_1654	1
q_1644	doc_1655	1
q_1645	doc_1656	1
q_1646	doc_1657	1
q_1647	doc_1659	1
q_1648	doc_1660	1
q_1649	doc_1661	1
q_1650	doc_1662	1
q_1651	doc_1663	1
q_1652	doc_1664	1
q_1653	doc_1665	1
q_1654	doc_1666	1
q_1655	doc_1667	1
q_1656	doc_1668	1
q_1657	doc_1669	1
q_1658	doc_1670	1
q_1659	doc_1671	1
q_1660	doc_1672	1
q_1661	doc_1673	1
q_1662	doc_1674	1
q_1663	doc_1675	1
q_1664	doc_1676	1
q_1665	doc_1677	1
q_1666	doc_1678	1
q_1667	doc_1679	1
q_1668	doc_1680	1
q_1669	doc_1681	1
q_1670	doc_1682	1
q_1671	doc_1683	1
q_1672	doc_1684	1
q_1673	doc_1685	1
q_1674	doc_1686	1
q_1675	doc_1687	1
q_1676	doc_1688	1
q_1677	doc_1689	1
q_1678	doc_1690	1
q_1679	doc_1691	1
q_1680	doc_1692	1
q_1681	doc_1693	1
q_1682	doc_1694	1
q_1683	doc_1695	1
q_1684	doc_1696	1
q_1685	doc_1697	1
q_1686	doc_1698	1
q_1687	doc_1699	1
q_1688	doc_1700	1
q_1689	doc_1701	1
q_1690	doc_1702	1
q_1691	doc_1703	1
q_1692	doc_1704	1
q_1693	doc_1705	1
q_1694	doc_1706	1
q_1695	doc_1707	1
q_1696	doc_1708	1
q_1697	doc_1709	1
q_1698	doc_1710	1
q_1699	doc_1711	1
q_1700	doc_1712	1
q_1701	doc_1713	1
q_1702	doc_1714	1
q_1703	doc_1715	1
q_1704	doc_1716	1
q_1705	doc_1717	1
q_1706	doc_1718	1
q_1707	doc_1719	1
q_1708	doc_1720	1
q_1709	doc_1721	1
q_1710	doc_1722	1
q_1711	doc_1723	1
q_1712	doc_1724	1
q_1713	doc_1725	1
q_1714	doc_1726	1
q_1715	doc_1727	1
q_1716	doc_1728	1
q_1717	doc_1729	1
q_1718	doc_1730	1
q_1719	doc_1731	1
q_1720	doc_1732	1
q_1721	doc_1733	1
q_1722	doc_1734	1
q_1723	doc_1735	1
q_1724	doc_1736	1
q_1725	doc_1737	1
q_1726	doc_1738	1
q_1727	doc_1739	1
q_1728	doc_1740	1
q_1729	doc_1741	1
q_1730	doc_1742	1
q_1731	doc_1743	1
q_1732	doc_1744	1
q_1733	doc_1745	1
q_1734	doc_1746	1
q_1735	doc_1747	1
q_1736	doc_1748	1
q_1737	doc_1749	1
q_1738	doc_1750	1
q_1739	doc_1751	1
q_1740	doc_1752	1
q_1741	doc_1753	1
q_1742	doc_1754	1
q_1743	doc_1755	1
q_1744	doc_1756	1
q_1745	doc_1757	1
q_1746	doc_1758	1
q_1747	doc_1759	1
q_1748	doc_1760	1
q_1749	doc_1761	1
q_1750	doc_1762	1
q_1751	doc_1763	1
q_1752	doc_1764	1
q_1753	doc_1765	1
q_1754	doc_1766	1
q_1755	doc_1767	1
q_1756	doc_1768	1
q_1757	doc_1769	1
q_1758	doc_1770	1
q_1759	doc_1771	1
q_1760	doc_1772	1
q_1761	doc_1773	1
q_1762	doc_1774	1
q_1763	doc_1775	1
q_1764	doc_1776	1
q_1765	doc_1777	1
q_1766	doc_1778	1
q_1767	doc_1779	1
q_1768	doc_1780	1
q_1769	doc_1781	1
q_1770	doc_1782	1
q_1771	doc_1783	1
q_1772	doc_1784	1
q_1773	doc_1785	1
q_1774	doc_1786	1
q_1775	doc_1787	1
q_1776	doc_1788	1
q_1777	doc_1789	1
q_1778	doc_1790	1
q_1779	doc_1791	1
q_1780	doc_1792	1
q_1781	doc_1793	1
q_1782	doc_1794	1
q_1783	doc_1795	1
q_1784	doc_1796	1
q_1785	doc_1797	1
q_1786	doc_1798	1
q_1787	doc_1799	1
q_1788	doc_1800	1
q_1789	doc_1801	1
q_1790	doc_1802	1
q_1791	doc_1803	1
q_1792	doc_1804	1
q_1793	doc_1805	1
q_1794	doc_1806	1
q_1795	doc_1807	1
q_1796	doc_1808	1
q_1797	doc_1809	1
q_1798	doc_1810	1
q_1799	doc_1811	1
q_1800	doc_1812	1
q_1801	doc_1813	1
q_1802	doc_1814	1
q_1803	doc_1815	1
q_1804	doc_1816	1
q_1805	doc_1817	1
q_1806	doc_1818	1
q_1807	doc_1819	1
q_1808	doc_1820	1
q_1809	doc_1821	1
q_1810	doc_1822	1
q_1811	doc_1823	1
q_1812	doc_1824	1
q_1813	doc_1825	1
q_1814	doc_1826	1
q_1815	doc_1827	1
q_1816	doc_1828	1
q_1817	doc_1829	1
q_1818	doc_1830	1
q_1819	doc_1831	1
q_1820	doc_1832	1
q_1821	doc_1833	1
q_1822	doc_1834	1
q_1823	doc_1835	1
q_1824	doc_1836	1
q_1825	doc_1837	1
q_1826	doc_1838	1
q_1827	doc_1839	1
q_1828	doc_1840	1
q_1829	doc_1841	1
q_1830	doc_1842	1
q_1831	doc_1843	1
q_1832	doc_1844	1
q_1833	doc_1845	1
q_1834	doc_1847	1
q_1835	doc_1848	1
q_1836	doc_1849	1
q_1837	doc_1850	1
q_1838	doc_1851	1
q_1839	doc_1852	1
q_1840	doc_1853	1
q_1841	doc_1854	1
q_1842	doc_1855	1
q_1843	doc_1856	1
q_1844	doc_1857	1
q_1845	doc_1858	1
q_1846	doc_1859	1
q_1847	doc_1860	1
q_1848	doc_1861	1
q_1849	doc_1862	1
q_1850	doc_1863	1
q_1851	doc_1864	1
q_1852	doc_1865	1
q_1853	doc_1866	1
q_1854	doc_1867	1
q_1855	doc_1868	1
q_1856	doc_1869	1
q_1857	doc_1870	1
q_1858	doc_1871	1
q_1859	doc_1872	1
q_1860	doc_1873	1
q_1861	doc_1874	1
q_1862	doc_1875	1
q_1863	doc_1876	1
q_1864	doc_1877	1
q_1865	doc_1878	1
q_1866	doc_1879	1
q_1867	doc_1880	1
q_1868	doc_1881	1
q_1869	doc_1882	1
q_1870	doc_1883	1
q_1871	doc_1884	1
q_1872	doc_1885	1
q_1873	doc_1886	1
q_1874	doc_1887	1
q_1875	doc_1888	1
q_1876	doc_1889	1
q_1877	doc_1890	1
q_1878	doc_1891	1
q_1879	doc_1892	1
q_1880	doc_1893	1
q_1881	doc_1894	1
q_1882	doc_1895	1
q_1883	doc_1896	1
q_1884	doc_1897	1
q_1885	doc_1898	1
q_1886	doc_1899	1
q_1887	doc_1900	1
q_1888	doc_1901	1
q_1889	doc_1902	1
q_1890	doc_1903	1
q_1891	doc_1904	1
q_1892	doc_1905	1
q_1893	doc_1906	1
q_1894	doc_1907	1
q_1895	doc_1908	1
q_1896	doc_1909	1
q_1897	doc_1910	1
q_1898	doc_1911	1
q_1899	doc_1912	1
q_1900	doc_1913	1
q_1901	doc_1914	1
q_1902	doc_1915	1
q_1903	doc_1916	1
q_1904	doc_1917	1
q_1905	doc_1918	1
q_1906	doc_1919	1
q_1907	doc_1920	1
q_1908	doc_1921	1
q_1909	doc_1922	1
q_1910	doc_1923	1
q_1911	doc_1924	1
q_1912	doc_1925	1
q_1913	doc_1926	1
q_1914	doc_1927	1
q_1915	doc_1928	1
q_1916	doc_1929	1
q_1917	doc_1930	1
q_1918	doc_1931	1
q_1919	doc_1932	1
q_1920	doc_1933	1
q_1921	doc_1934	1
q_1922	doc_1935	1
q_1923	doc_1936	1
q_1924	doc_1937	1
q_1925	doc_1938	1
q_1926	doc_1939	1
q_1927	doc_1940	1
q_1928	doc_1941	1
q_1929	doc_1942	1
q_1930	doc_1943	1
q_1931	doc_1944	1
q_1932	doc_1945	1
q_1933	doc_1946	1
q_1934	doc_1947	1
q_1935	doc_1948	1
q_1936	doc_1949	1
q_1937	doc_1950	1
q_1938	doc_1951	1
q_1939	doc_1952	1
q_1940	doc_1953	1
q_1941	doc_1954	1
q_1942	doc_1955	1
q_1943	doc_1956	1
q_1944	doc_1957	1
q_1945	doc_1958	1
q_1946	doc_1959	1
q_1947	doc_1960	1
q_1948	doc_1961	1
q_1949	doc_1962	1
q_1950	doc_1963	1
q_1951	doc_1964	1
q_1952	doc_1965	1
q_1953	doc_1966	1
q_1954	doc_1967	1
q_1955	doc_1968	1
q_1956	doc_1969	1
q_1957	doc_1970	1
q_1958	doc_1971	1
q_1959	doc_1972	1
q_1960	doc_1973	1
q_1961	doc_1974	1
q_1962	doc_1975	1
q_1963	doc_1976	1
q_1964	doc_1977	1
q_1965	doc_1978	1
q_1966	doc_1979	1
q_1967	doc_1980	1
q_1968	doc_1981	1
q_1969	doc_1982	1
q_1970	doc_1983	1
q_1971	doc_1984	1
q_1972	doc_1985	1
q_1973	doc_1986	1
q_1974	doc_1987	1
q_1975	doc_1988	1
q_1976	doc_1989	1
q_1977	doc_1990	1
q_1978	doc_1991	1
q_1979	doc_1992	1
q_1980	doc_1993	1
q_1981	doc_1994	1
q_1982	doc_1995	1
q_1983	doc_1996	1
q_1984	doc_1997	1
q_1985	doc_1998	1
q_1986	doc_1999	1
q_1987	doc_2000	1
q_1988	doc_2001	1
q_1989	doc_2002	1
q_1990	doc_2003	1
q_1991	doc_2004	1
q_1992	doc_2005	1
q_1993	doc_2006	1
q_1994	doc_2007	1
q_1995	doc_2008	1
q_1996	doc_2009	1
q_1997	doc_2010	1
q_1998	doc_2011	1
q_1999	doc_2012	1
q_2000	doc_2013	1
q_2001	doc_2014	1
q_2002	doc_2015	1
q_2003	doc_2016	1
q_2004	doc_2017	1
q_2005	doc_2018	1
q_2006	doc_2019	1
q_2007	doc_2020	1
q_2008	doc_2021	1
q_2009	doc_2022	1
q_2010	doc_2023	1
q_2011	doc_2024	1
q_2012	doc_2025	1
q_2013	doc_2026	1
q_2014	doc_2027	1
q_2015	doc_2028	1
q_2016	doc_2029	1
q_2017	doc_2030	1
q_2018	doc_2031	1
q_2019	doc_2032	1
q_2020	doc_2033	1
q_2021	doc_2034	1
q_2022	doc_2035	1
q_2023	doc_2036	1
q_2024	doc_2037	1
q_2025	doc_2038	1
q_2026	doc_2039	1
q_2027	doc_2040	1
q_2028	doc_2041	1
q_2029	doc_2042	1
q_2030	doc_2043	1
q_2031	doc_2044	1
q_2032	doc_2046	1
q_2033	doc_2047	1
q_2034	doc_2048	1
q_2035	doc_2049	1
q_2036	doc_2050	1
q_2037	doc_2051	1
q_2038	doc_2052	1
q_2039	doc_2053	1
q_2040	doc_2054	1
q_2041	doc_2055	1
q_2042	doc_2056	1
q_2043	doc_2057	1
q_2044	doc_2058	1
q_2045	doc_2059	1
q_2046	doc_2061	1
q_2047	doc_2063	1
q_2048	doc_2064	1
q_2049	doc_2065	1
q_2050	doc_2066	1
q_2051	doc_2067	1
q_2052	doc_2068	1
q_2053	doc_2069	1
q_2054	doc_2070	1
q_2055	doc_2071	1
q_2056	doc_2072	1
q_2057	doc_2073	1
q_2058	doc_2074	1
q_2059	doc_2075	1
q_2060	doc_2076	1
q_2061	doc_2077	1
q_2062	doc_2078	1
q_2063	doc_2079	1
q_2064	doc_2080	1
q_2065	doc_2081	1
q_2066	doc_2082	1
q_2067	doc_2083	1
q_2068	doc_2084	1
q_2069	doc_2085	1
q_2070	doc_2086	1
q_2071	doc_2087	1
q_2072	doc_2088	1
q_2073	doc_2089	1
q_2074	doc_2090	1
q_2075	doc_2091	1
q_2076	doc_2092	1
q_2077	doc_2093	1
q_2078	doc_2094	1
q_2079	doc_2095	1
q_2080	doc_2096	1
q_2081	doc_2097	1
q_2082	doc_2098	1
q_2083	doc_2099	1
q_2084	doc_2100	1
q_2085	doc_2101	1
q_2086	doc_2102	1
q_2087	doc_2103	1
q_2088	doc_2104	1
q_2089	doc_2105	1
q_2090	doc_2106	1
q_2091	doc_2107	1
q_2092	doc_2108	1
q_2093	doc_2109	1
q_2094	doc_2110	1
q_2095	doc_2111	1
q_2096	doc_2112	1
q_2097	doc_2113	1
q_2098	doc_2114	1
q_2099	doc_2115	1
q_2100	doc_2116	1
q_2101	doc_2117	1
q_2102	doc_2118	1
q_2103	doc_2119	1
q_2104	doc_2120	1
q_2105	doc_2121	1
q_2106	doc_2122	1
q_2107	doc_2123	1
q_2108	doc_2124	1
q_2109	doc_2125	1
q_2110	doc_2126	1
q_2111	doc_2127	1
q_2112	doc_2128	1
q_2113	doc_2129	1
q_2114	doc_2130	1
q_2115	doc_2131	1
q_2116	doc_2132	1
q_2117	doc_2133	1
q_2118	doc_2134	1
q_2119	doc_2135	1
q_2120	doc_2136	1
q_2121	doc_2137	1
q_2122	doc_2138	1
q_2123	doc_2139	1
q_2124	doc_2140	1
q_2125	doc_2141	1
q_2126	doc_2142	1
q_2127	doc_2143	1
q_2128	doc_2144	1
q_2129	doc_2145	1
q_2130	doc_2146	1
q_2131	doc_2147	1
q_2132	doc_2148	1
q_2133	doc_2149	1
q_2134	doc_2150	1
q_2135	doc_2151	1
q_2136	doc_2152	1
q_2137	doc_2153	1
q_2138	doc_2154	1
q_2139	doc_2155	1
q_2140	doc_2156	1
q_2141	doc_2157	1
q_2142	doc_2158	1
q_2143	doc_2159	1
q_2144	doc_2160	1
q_2145	doc_2161	1
q_2146	doc_2162	1
q_2147	doc_2163	1
q_2148	doc_2164	1
q_2149	doc_2165	1
q_2150	doc_2166	1
q_2151	doc_2167	1
q_2152	doc_2168	1
q_2153	doc_2169	1
q_2154	doc_2170	1
q_2155	doc_2171	1
q_2156	doc_2172	1
q_2157	doc_2173	1
q_2158	doc_2174	1
q_2159	doc_2175	1
q_2160	doc_2176	1
q_2161	doc_2177	1
q_2162	doc_2178	1
q_2163	doc_2179	1
q_2164	doc_2180	1
q_2165	doc_2181	1
q_2166	doc_2182	1
q_2167	doc_2183	1
q_2168	doc_2184	1
q_2169	doc_2185	1
q_2170	doc_2186	1
q_2171	doc_2187	1
q_2172	doc_2188	1
q_2173	doc_2189	1
q_2174	doc_2190	1
q_2175	doc_2191	1
q_2176	doc_2192	1
q_2177	doc_2193	1
q_2178	doc_2194	1
q_2179	doc_2195	1
q_2180	doc_2196	1
q_2181	doc_2197	1
q_2182	doc_2198	1
q_2183	doc_2199	1
q_2184	doc_2200	1
q_2185	doc_2201	1
q_2186	doc_2202	1
q_2187	doc_2203	1
q_2188	doc_2204	1
q_2189	doc_2205	1
q_2190	doc_2206	1
q_2191	doc_2207	1
q_2192	doc_2208	1
q_2193	doc_2209	1
q_2194	doc_2210	1
q_2195	doc_2211	1
q_2196	doc_2212	1
q_2197	doc_2213	1
q_2198	doc_2214	1
q_2199	doc_2215	1
q_2200	doc_2216	1
q_2201	doc_2217	1
q_2202	doc_2218	1
q_2203	doc_2219	1
q_2204	doc_2220	1
q_2205	doc_2221	1
q_2206	doc_2222	1
q_2207	doc_2223	1
q_2208	doc_2224	1
q_2209	doc_2225	1
q_2210	doc_2226	1
q_2211	doc_2227	1
q_2212	doc_2228	1
q_2213	doc_2229	1
q_2214	doc_2230	1
q_2215	doc_2231	1
q_2216	doc_2232	1
q_2217	doc_2233	1
q_2218	doc_2234	1
q_2219	doc_2235	1
q_2220	doc_2236	1
q_2221	doc_2237	1
q_2222	doc_2238	1
q_2223	doc_2239	1
q_2224	doc_2240	1
q_2225	doc_2241	1
q_2226	doc_2243	1
q_2227	doc_2245	1
q_2228	doc_2246	1
q_2229	doc_2247	1
q_2230	doc_2248	1
q_2231	doc_2249	1
q_2232	doc_2250	1
q_2233	doc_2251	1
q_2234	doc_2252	1
q_2235	doc_2253	1
q_2236	doc_2254	1
q_2237	doc_2258	1
q_2238	doc_2259	1
q_2239	doc_2260	1
q_2240	doc_2261	1
q_2241	doc_2263	1
q_2242	doc_2266	1
q_2243	doc_2267	1
q_2244	doc_2269	1
q_2245	doc_2270	1
q_2246	doc_2271	1
q_2247	doc_2272	1
q_2248	doc_2273	1
q_2249	doc_2274	1
q_2250	doc_2275	1
q_2251	doc_2276	1
q_2252	doc_2277	1
q_2253	doc_2278	1
q_2254	doc_2279	1
q_2255	doc_2280	1
q_2256	doc_2281	1
q_2257	doc_2282	1
q_2258	doc_2283	1
q_2259	doc_2284	1
q_2260	doc_2285	1
q_2261	doc_2286	1
q_2262	doc_2287	1
q_2263	doc_2288	1
q_2264	doc_14	1
q_2265	doc_15	1
q_2266	doc_17	1
q_2267	doc_18	1
q_2268	doc_23	1
q_2269	doc_24	1
q_2270	doc_25	1
q_2271	doc_29	1
q_2272	doc_30	1
q_2273	doc_31	1
q_2274	doc_33	1
q_2275	doc_39	1
q_2276	doc_40	1
q_2277	doc_41	1
q_2278	doc_43	1
q_2279	doc_45	1
q_2280	doc_2289	1
q_2281	doc_2290	1
q_2282	doc_2291	1
q_2283	doc_2292	1
q_2284	doc_2293	1
q_2285	doc_2294	1
q_2286	doc_2295	1
q_2287	doc_2296	1
q_2288	doc_2297	1
q_2289	doc_2298	1
q_2290	doc_2299	1
q_2291	doc_2300	1
q_2292	doc_2301	1
q_2293	doc_2302	1
q_2294	doc_15	1
q_2295	doc_16	1
q_2296	doc_17	1
q_2297	doc_19	1
q_2298	doc_21	1
q_2299	doc_2303	1
q_2300	doc_24	1
q_2301	doc_25	1
q_2302	doc_37	1
q_2303	doc_38	1
q_2304	doc_39	1
q_2305	doc_40	1
q_2306	doc_41	1
q_2307	doc_42	1
q_2308	doc_43	1
q_2309	doc_44	1
q_2310	doc_45	1
q_2311	doc_46	1
q_2312	doc_2304	1
q_2313	doc_2259	1
q_2314	doc_2260	1
q_2315	doc_2261	1
q_2316	doc_2305	1
q_2317	doc_2306	1
q_2318	doc_2307	1
q_2319	doc_2309	1
q_2320	doc_2311	1
q_2321	doc_2313	1
q_2322	doc_2314	1
q_2323	doc_2316	1
q_2324	doc_2317	1
q_2325	doc_2319	1
q_2326	doc_2320	1
q_2327	doc_2322	1
q_2328	doc_2323	1
q_2329	doc_2325	1
q_2330	doc_2326	1
q_2331	doc_2327	1
q_2332	doc_2329	1
q_2333	doc_2330	1
q_2334	doc_2333	1
q_2335	doc_2335	1
q_2336	doc_2336	1
q_2337	doc_2337	1
q_2338	doc_2340	1
q_2339	doc_2343	1
q_2340	doc_2345	1
q_2341	doc_2346	1
q_2342	doc_2347	1
q_2343	doc_2349	1
q_2344	doc_2350	1
q_2345	doc_2352	1
q_2346	doc_2353	1
q_2347	doc_2354	1
q_2348	doc_2357	1
q_2349	doc_2360	1
q_2350	doc_2362	1
q_2351	doc_2363	1
q_2352	doc_2367	1
q_2353	doc_2368	1
q_2354	doc_2369	1
q_2355	doc_2371	1
q_2356	doc_2372	1
q_2357	doc_2374	1
q_2358	doc_2375	1
q_2359	doc_2377	1
q_2360	doc_2378	1
q_2361	doc_2380	1
q_2362	doc_2381	1
q_2363	doc_2383	1
q_2364	doc_2384	1
q_2365	doc_2385	1
q_2366	doc_2386	1
q_2367	doc_2387	1
q_2368	doc_2391	1
q_2369	doc_2393	1
q_2370	doc_2395	1
q_2371	doc_2396	1
q_2372	doc_2399	1
q_2373	doc_2400	1
q_2374	doc_2402	1
q_2375	doc_2403	1
q_2376	doc_2404	1
q_2377	doc_2405	1
q_2378	doc_2406	1
q_2379	doc_2407	1
q_2380	doc_2410	1
q_2381	doc_2458	1
q_2382	doc_2459	1
q_2383	doc_2460	1
q_2384	doc_2461	1
q_2385	doc_2462	1
q_2386	doc_2463	1
q_2387	doc_2464	1
q_2388	doc_2465	1
q_2389	doc_2467	1
q_2390	doc_2468	1
q_2391	doc_2469	1
q_2392	doc_2471	1
q_2393	doc_2472	1
q_2394	doc_2473	1
q_2395	doc_2474	1
q_2396	doc_2475	1
q_2397	doc_2476	1
q_2398	doc_2477	1
q_2399	doc_2478	1
q_2400	doc_2479	1
q_2401	doc_2480	1
q_2402	doc_2481	1
q_2403	doc_2482	1
q_2404	doc_2483	1
q_2405	doc_2484	1
q_2406	doc_2485	1
q_2407	doc_2486	1
q_2408	doc_2487	1
q_2409	doc_2488	1
q_2410	doc_2489	1
q_2411	doc_2490	1
q_2412	doc_2491	1
q_2413	doc_2492	1
q_2414	doc_2493	1
q_2415	doc_2494	1
q_2416	doc_2495	1
q_2417	doc_2496	1
q_2418	doc_2497	1
q_2419	doc_2498	1
q_2420	doc_2499	1
q_2421	doc_2500	1
q_2422	doc_2501	1
q_2423	doc_2502	1
q_2424	doc_2503	1
q_2425	doc_2504	1
q_2426	doc_2505	1
q_2427	doc_2506	1
q_2428	doc_2507	1
q_2429	doc_2508	1
q_2430	doc_2509	1
q_2431	doc_2510	1
q_2432	doc_2511	1
q_2433	doc_2512	1
q_2434	doc_2513	1
q_2435	doc_2514	1
q_2436	doc_2515	1
q_2437	doc_2516	1
q_2438	doc_2517	1
q_2439	doc_2518	1
q_2440	doc_2519	1
q_2441	doc_2520	1
q_2442	doc_2521	1
q_2443	doc_2522	1
q_2444	doc_2523	1
q_2445	doc_2524	1
q_2446	doc_2525	1
q_2447	doc_2526	1
q_2448	doc_2527	1
q_2449	doc_2528	1
q_2450	doc_2529	1
q_2451	doc_2530	1
q_2452	doc_2531	1
q_2453	doc_2532	1
q_2454	doc_2533	1
q_2455	doc_2534	1
q_2456	doc_2535	1
q_2457	doc_2536	1
q_2458	doc_2537	1
q_2459	doc_2538	1
q_2460	doc_2539	1
q_2461	doc_2540	1
q_2462	doc_2541	1
q_2463	doc_2542	1
q_2464	doc_2543	1
q_2465	doc_2544	1
q_2466	doc_2545	1
q_2467	doc_2546	1
q_2468	doc_2547	1
q_2469	doc_2549	1
q_2470	doc_2550	1
q_2471	doc_2551	1
q_2472	doc_2552	1
q_2473	doc_2554	1
q_2474	doc_2555	1
q_2475	doc_2556	1
q_2476	doc_2557	1
q_2477	doc_2558	1
q_2478	doc_2559	1
q_2479	doc_2560	1
q_2480	doc_2561	1
q_2481	doc_2562	1
q_2482	doc_2564	1
q_2483	doc_2565	1
q_2484	doc_2566	1
q_2485	doc_2567	1
q_2486	doc_2568	1
q_2487	doc_2569	1
q_2488	doc_2570	1
q_2489	doc_2571	1
q_2490	doc_2572	1
q_2491	doc_2573	1
q_2492	doc_2574	1
q_2493	doc_2575	1
q_2494	doc_2576	1
q_2495	doc_2577	1
q_2496	doc_2578	1
q_2497	doc_2579	1
q_2498	doc_2581	1
q_2499	doc_2582	1
q_2500	doc_2583	1
q_2501	doc_2584	1
q_2502	doc_2585	1
q_2503	doc_2586	1
q_2504	doc_2587	1
q_2505	doc_2588	1
q_2506	doc_2589	1
q_2507	doc_2590	1
q_2508	doc_2591	1
q_2509	doc_2592	1
q_2510	doc_2593	1
q_2511	doc_2594	1
q_2512	doc_2595	1
q_2513	doc_2596	1
q_2514	doc_2597	1
q_2515	doc_2598	1
q_2516	doc_2599	1
q_2517	doc_2600	1
q_2518	doc_2601	1
q_2519	doc_2602	1
q_2520	doc_2603	1
q_2521	doc_2604	1
q_2522	doc_2605	1
q_2523	doc_2606	1
q_2524	doc_2607	1
q_2525	doc_2609	1
q_2526	doc_2610	1
q_2527	doc_2611	1
q_2528	doc_2612	1
q_2529	doc_2613	1
q_2530	doc_2614	1
q_2531	doc_2615	1
q_2532	doc_2616	1
q_2533	doc_2617	1
q_2534	doc_2618	1
q_2535	doc_2619	1
q_2536	doc_2620	1
q_2537	doc_2621	1
q_2538	doc_2622	1
q_2539	doc_2623	1
q_2540	doc_2624	1
q_2541	doc_2625	1
q_2542	doc_2626	1
q_2543	doc_2627	1
q_2544	doc_2628	1
q_2545	doc_2629	1
q_2546	doc_2630	1
q_2547	doc_2631	1
q_2548	doc_2632	1
q_2549	doc_2633	1
q_2550	doc_2634	1
q_2551	doc_2635	1
q_2552	doc_2636	1
q_2553	doc_2637	1
q_2554	doc_2638	1
q_2555	doc_2639	1
q_2556	doc_2640	1
q_2557	doc_2642	1
q_2558	doc_2643	1
q_2559	doc_2644	1
q_2560	doc_2645	1
q_2561	doc_2646	1
q_2562	doc_2647	1
q_2563	doc_2649	1
q_2564	doc_2650	1
q_2565	doc_2651	1
q_2566	doc_2652	1
q_2567	doc_2653	1
q_2568	doc_2654	1
q_2569	doc_2656	1
q_2570	doc_2657	1
q_2571	doc_2658	1
q_2572	doc_2659	1
q_2573	doc_2660	1
q_2574	doc_2661	1
q_2575	doc_2662	1
q_2576	doc_2663	1
q_2577	doc_2664	1
q_2578	doc_2665	1
q_2579	doc_2666	1
q_2580	doc_2667	1
q_2581	doc_2669	1
q_2582	doc_2670	1
q_2583	doc_2671	1
q_2584	doc_2672	1
q_2585	doc_2673	1
q_2586	doc_2674	1
q_2587	doc_2675	1
q_2588	doc_2676	1
q_2589	doc_2677	1
q_2590	doc_2678	1
q_2591	doc_2679	1
q_2592	doc_2680	1
q_2593	doc_2681	1
q_2594	doc_2682	1
q_2595	doc_2683	1
q_2596	doc_2684	1
q_2597	doc_2685	1
q_2598	doc_2686	1
q_2599	doc_2687	1
q_2600	doc_2688	1
q_2601	doc_2689	1
q_2602	doc_2691	1
q_2603	doc_2692	1
q_2604	doc_81	1
q_2605	doc_2693	1
q_2606	doc_2694	1
q_2607	doc_2695	1
q_2608	doc_2696	1
q_2609	doc_2697	1
q_2610	doc_2698	1
q_2611	doc_2699	1
q_2612	doc_2701	1
q_2613	doc_2702	1
q_2614	doc_2703	1
q_2615	doc_2704	1
q_2616	doc_2705	1
q_2617	doc_2706	1
q_2618	doc_2707	1
q_2619	doc_2708	1
q_2620	doc_2709	1
q_2621	doc_2710	1
q_2622	doc_2711	1
q_2623	doc_2712	1
q_2624	doc_2713	1
q_2625	doc_2714	1
q_2626	doc_2715	1
q_2627	doc_2716	1
q_2628	doc_2717	1
q_2629	doc_2718	1
q_2630	doc_2719	1
q_2631	doc_2489	1
q_2632	doc_2720	1
q_2633	doc_2722	1
q_2634	doc_2723	1
q_2635	doc_2724	1
q_2636	doc_2725	1
q_2637	doc_2726	1
q_2638	doc_2727	1
q_2639	doc_2728	1
q_2640	doc_2729	1
q_2641	doc_2730	1
q_2642	doc_2731	1
q_2643	doc_2732	1
q_2644	doc_2733	1
q_2645	doc_2734	1
q_2646	doc_2735	1
q_2647	doc_2736	1
q_2648	doc_2737	1
q_2649	doc_2738	1
q_2650	doc_2739	1
q_2651	doc_2740	1
q_2652	doc_2741	1
q_2653	doc_2742	1
q_2654	doc_2743	1
q_2655	doc_2744	1
q_2656	doc_2745	1
q_2657	doc_2746	1
q_2658	doc_2747	1
q_2659	doc_2748	1
q_2660	doc_2749	1
q_2661	doc_2750	1
q_2662	doc_2751	1
q_2663	doc_2752	1
q_2664	doc_2753	1
q_2665	doc_2754	1
q_2666	doc_2755	1
q_2667	doc_2756	1
q_2668	doc_2757	1
q_2669	doc_2758	1
q_2670	doc_2759	1
q_2671	doc_2494	1
q_2672	doc_2760	1
q_2673	doc_2761	1
q_2674	doc_2762	1
q_2675	doc_2763	1
q_2676	doc_2764	1
q_2677	doc_2765	1
q_2678	doc_2766	1
q_2679	doc_2767	1
q_2680	doc_2768	1
q_2681	doc_2770	1
q_2682	doc_2771	1
q_2683	doc_2772	1
q_2684	doc_2773	1
q_2685	doc_2774	1
q_2686	doc_2775	1
q_2687	doc_2776	1
q_2688	doc_2777	1
q_2689	doc_2778	1
q_2690	doc_2779	1
q_2691	doc_2780	1
q_2692	doc_2781	1
q_2693	doc_2782	1
q_2694	doc_2783	1
q_2695	doc_2784	1
q_2696	doc_2785	1
q_2697	doc_2786	1
q_2698	doc_2787	1
q_2699	doc_2788	1
q_2700	doc_2789	1
q_2701	doc_2791	1
q_2702	doc_2792	1
q_2703	doc_2793	1
q_2704	doc_2794	1
q_2705	doc_2795	1
q_2706	doc_2796	1
q_2707	doc_2797	1
q_2708	doc_2798	1
q_2709	doc_2799	1
q_2710	doc_2800	1
q_2711	doc_2801	1
q_2712	doc_2802	1
q_2713	doc_2803	1
q_2714	doc_2804	1
q_2715	doc_2805	1
q_2716	doc_2806	1
q_2717	doc_2807	1
q_2718	doc_2808	1
q_2719	doc_2809	1
q_2720	doc_2810	1
q_2721	doc_2811	1
q_2722	doc_2812	1
q_2723	doc_2813	1
q_2724	doc_2814	1
q_2725	doc_2815	1
q_2726	doc_2816	1
q_2727	doc_2817	1
q_2728	doc_2818	1
q_2729	doc_2819	1
q_2730	doc_2820	1
q_2731	doc_2821	1
q_2732	doc_2822	1
q_2733	doc_2823	1
q_2734	doc_2824	1
q_2735	doc_2825	1
q_2736	doc_2826	1
q_2737	doc_2499	1
q_2738	doc_2827	1
q_2739	doc_2828	1
q_2740	doc_2829	1
q_2741	doc_2830	1
q_2742	doc_2831	1
q_2743	doc_2832	1
q_2744	doc_2833	1
q_2745	doc_2834	1
q_2746	doc_2835	1
q_2747	doc_2836	1
q_2748	doc_2837	1
q_2749	doc_2838	1
q_2750	doc_2839	1
q_2751	doc_2842	1
q_2752	doc_2843	1
q_2753	doc_2844	1
q_2754	doc_2845	1
q_2755	doc_2846	1
q_2756	doc_2847	1
q_2757	doc_2848	1
q_2758	doc_2849	1
q_2759	doc_2850	1
q_2760	doc_2851	1
q_2761	doc_2852	1
q_2762	doc_2853	1
q_2763	doc_2856	1
q_2764	doc_2857	1
q_2765	doc_2858	1
q_2766	doc_2859	1
q_2767	doc_2860	1
q_2768	doc_2861	1
q_2769	doc_2862	1
q_2770	doc_2863	1
q_2771	doc_2864	1
q_2772	doc_2865	1
q_2773	doc_2866	1
q_2774	doc_2867	1
q_2775	doc_2868	1
q_2776	doc_2869	1
q_2777	doc_2870	1
q_2778	doc_2871	1
q_2779	doc_2872	1
q_2780	doc_2873	1
q_2781	doc_2504	1
q_2782	doc_2874	1
q_2783	doc_2875	1
q_2784	doc_2876	1
q_2785	doc_2877	1
q_2786	doc_2878	1
q_2787	doc_2879	1
q_2788	doc_2880	1
q_2789	doc_2881	1
q_2790	doc_2882	1
q_2791	doc_2883	1
q_2792	doc_2884	1
q_2793	doc_2885	1
q_2794	doc_2886	1
q_2795	doc_2887	1
q_2796	doc_2888	1
q_2797	doc_2889	1
q_2798	doc_2890	1
q_2799	doc_2891	1
q_2800	doc_2892	1
q_2801	doc_2894	1
q_2802	doc_2895	1
q_2803	doc_2896	1
q_2804	doc_2897	1
q_2805	doc_2898	1
q_2806	doc_2899	1
q_2807	doc_2900	1
q_2808	doc_2901	1
q_2809	doc_2902	1
q_2810	doc_2903	1
q_2811	doc_2904	1
q_2812	doc_2905	1
q_2813	doc_2906	1
q_2814	doc_2907	1
q_2815	doc_2908	1
q_2816	doc_2909	1
q_2817	doc_2910	1
q_2818	doc_2911	1
q_2819	doc_2912	1
q_2820	doc_2913	1
q_2821	doc_2914	1
q_2822	doc_2915	1
q_2823	doc_2916	1
q_2824	doc_2917	1
q_2825	doc_2918	1
q_2826	doc_2919	1
q_2827	doc_2920	1
q_2828	doc_2921	1
q_2829	doc_2922	1
q_2830	doc_2923	1
q_2831	doc_2924	1
q_2832	doc_2925	1
q_2833	doc_2926	1
q_2834	doc_2927	1
q_2835	doc_2928	1
q_2836	doc_2929	1
q_2837	doc_2930	1
q_2838	doc_2931	1
q_2839	doc_2932	1
q_2840	doc_2933	1
q_2841	doc_2934	1
q_2842	doc_2935	1
q_2843	doc_2936	1
q_2844	doc_2939	1
q_2845	doc_2940	1
q_2846	doc_2941	1
q_2847	doc_2942	1
q_2848	doc_2943	1
q_2849	doc_2944	1
q_2850	doc_2945	1
q_2851	doc_30	1
q_2852	doc_2946	1
q_2853	doc_2947	1
q_2854	doc_40	1
q_2855	doc_41	1
q_2856	doc_43	1
q_2857	doc_2948	1
q_2858	doc_2949	1
q_2859	doc_2950	1
q_2860	doc_2951	1
q_2861	doc_2952	1
q_2862	doc_2953	1
q_2863	doc_2954	1
q_2864	doc_2955	1
q_2865	doc_2956	1
q_2866	doc_2957	1
q_2867	doc_2958	1
q_2868	doc_2959	1
q_2869	doc_2960	1
q_2870	doc_2961	1
q_2871	doc_2962	1
q_2872	doc_2963	1
q_2873	doc_2964	1
q_2874	doc_2965	1
q_2875	doc_2966	1
q_2876	doc_2967	1
q_2877	doc_2968	1
q_2878	doc_2969	1
q_2879	doc_2970	1
q_2880	doc_2971	1
q_2881	doc_2972	1
q_2882	doc_2973	1
q_2883	doc_2974	1
q_2884	doc_2975	1
q_2885	doc_2976	1
q_2886	doc_2977	1
q_2887	doc_2978	1
q_2888	doc_2979	1
q_2889	doc_2980	1
q_2890	doc_2981	1
q_2891	doc_2982	1
q_2892	doc_2983	1
q_2893	doc_2984	1
q_2894	doc_2985	1
q_2895	doc_2986	1
q_2896	doc_2987	1
q_2897	doc_2988	1
q_2898	doc_2989	1
q_2899	doc_2990	1
q_2900	doc_2991	1
q_2901	doc_2992	1
q_2902	doc_2993	1
q_2903	doc_2994	1
q_2904	doc_2995	1
q_2905	doc_2996	1
q_2906	doc_2997	1
q_2907	doc_2998	1
q_2908	doc_2999	1
q_2909	doc_3000	1
q_2910	doc_3001	1
q_2911	doc_3002	1
q_2912	doc_3003	1
q_2913	doc_3004	1
q_2914	doc_3005	1
q_2915	doc_3006	1
q_2916	doc_3007	1
q_2917	doc_3008	1
q_2918	doc_3009	1
q_2919	doc_3010	1
q_2920	doc_3011	1
q_2921	doc_3012	1
q_2922	doc_3013	1
q_2923	doc_3014	1
q_2924	doc_3015	1
q_2925	doc_3016	1
q_2926	doc_3017	1
q_2927	doc_3018	1
q_2928	doc_3019	1
q_2929	doc_3020	1
q_2930	doc_3021	1
q_2931	doc_3022	1
q_2932	doc_3023	1
q_2933	doc_3024	1
q_2934	doc_3025	1
q_2935	doc_3026	1
q_2936	doc_3027	1
q_2937	doc_3028	1
q_2938	doc_3029	1
q_2939	doc_3030	1
q_2940	doc_3031	1
q_2941	doc_3032	1
q_2942	doc_3033	1
q_2943	doc_3034	1
q_2944	doc_3035	1
q_2945	doc_3036	1
q_2946	doc_3037	1
q_2947	doc_3038	1
q_2948	doc_3039	1
q_2949	doc_3040	1
q_2950	doc_3041	1
q_2951	doc_3043	1
q_2952	doc_3044	1
q_2953	doc_3045	1
q_2954	doc_3046	1
q_2955	doc_3047	1
q_2956	doc_3048	1
q_2957	doc_3049	1
q_2958	doc_3050	1
q_2959	doc_3051	1
q_2960	doc_3052	1
q_2961	doc_3053	1
q_2962	doc_3054	1
q_2963	doc_3055	1
q_2964	doc_3056	1
q_2965	doc_3057	1
q_2966	doc_3058	1
q_2967	doc_3059	1
q_2968	doc_3060	1
q_2969	doc_3061	1
q_2970	doc_3062	1
q_2971	doc_3063	1
q_2972	doc_3064	1
q_2973	doc_3065	1
q_2974	doc_3066	1
q_2975	doc_3067	1
q_2976	doc_3068	1
q_2977	doc_3069	1
q_2978	doc_3070	1
q_2979	doc_3071	1
q_2980	doc_3072	1
q_2981	doc_3073	1
q_2982	doc_3074	1
q_2983	doc_3075	1
q_2984	doc_3076	1
q_2985	doc_3077	1
q_2986	doc_3078	1
q_2987	doc_3079	1
q_2988	doc_3080	1
q_2989	doc_3081	1
q_2990	doc_3082	1
q_2991	doc_3083	1
q_2992	doc_3084	1
q_2993	doc_3085	1
q_2994	doc_3086	1
q_2995	doc_3087	1
q_2996	doc_3088	1
q_2997	doc_3089	1
q_2998	doc_3090	1
q_2999	doc_3091	1
q_3000	doc_3092	1
q_3001	doc_3093	1
q_3002	doc_3094	1
q_3003	doc_3095	1
q_3004	doc_3096	1
q_3005	doc_3097	1
q_3006	doc_3098	1
q_3007	doc_3099	1
q_3008	doc_3100	1
q_3009	doc_3101	1
q_3010	doc_3102	1
q_3011	doc_3103	1
q_3012	doc_3104	1
q_3013	doc_3105	1
q_3014	doc_3106	1
q_3015	doc_3107	1
q_3016	doc_3108	1
q_3017	doc_3109	1
q_3018	doc_3110	1
q_3019	doc_3111	1
q_3020	doc_3112	1
q_3021	doc_3113	1
q_3022	doc_3114	1
q_3023	doc_3115	1
q_3024	doc_3116	1
q_3025	doc_3117	1
q_3026	doc_3118	1
q_3027	doc_3119	1
q_3028	doc_3120	1
q_3029	doc_3121	1
q_3030	doc_3122	1
q_3031	doc_3123	1
q_3032	doc_3124	1
q_3033	doc_3125	1
q_3034	doc_3126	1
q_3035	doc_3127	1
q_3036	doc_3128	1
q_3037	doc_3129	1
q_3038	doc_3130	1
q_3039	doc_3131	1
q_3040	doc_3132	1
q_3041	doc_3133	1
q_3042	doc_3134	1
q_3043	doc_3135	1
q_3044	doc_3136	1
q_3045	doc_3137	1
q_3046	doc_3138	1
q_3047	doc_3139	1
q_3048	doc_3140	1
q_3049	doc_3141	1
q_3050	doc_3142	1
q_3051	doc_3143	1
q_3052	doc_3144	1
q_3053	doc_3145	1
q_3054	doc_3146	1
q_3055	doc_3147	1
q_3056	doc_3148	1
q_3057	doc_3149	1
q_3058	doc_3150	1
q_3059	doc_3151	1
q_3060	doc_3152	1
q_3061	doc_3153	1
q_3062	doc_3154	1
q_3063	doc_3155	1
q_3064	doc_3156	1
q_3065	doc_3157	1
q_3066	doc_3158	1
q_3067	doc_3159	1
q_3068	doc_3160	1
q_3069	doc_3161	1
q_3070	doc_3162	1
q_3071	doc_3163	1
q_3072	doc_3164	1
q_3073	doc_3165	1
q_3074	doc_3166	1
q_3075	doc_3167	1
q_3076	doc_3168	1
q_3077	doc_3169	1
q_3078	doc_3170	1
q_3079	doc_3171	1
q_3080	doc_3172	1
q_3081	doc_3173	1
q_3082	doc_3174	1
q_3083	doc_3175	1
q_3084	doc_3176	1
q_3085	doc_3177	1
q_3086	doc_3178	1
q_3087	doc_3179	1
q_3088	doc_3180	1
q_3089	doc_3181	1
q_3090	doc_3182	1
q_3091	doc_3183	1
q_3092	doc_3184	1
q_3093	doc_3185	1
q_3094	doc_3186	1
q_3095	doc_3187	1
q_3096	doc_3188	1
q_3097	doc_3189	1
q_3098	doc_3190	1
q_3099	doc_3191	1
q_3100	doc_3192	1
q_3101	doc_3193	1
q_3102	doc_3194	1
q_3103	doc_3195	1
q_3104	doc_3196	1
q_3105	doc_3197	1
q_3106	doc_3198	1
q_3107	doc_3199	1
q_3108	doc_3200	1
q_3109	doc_3201	1
q_3110	doc_3202	1
q_3111	doc_3203	1
q_3112	doc_3204	1
q_3113	doc_3205	1
q_3114	doc_3206	1
q_3115	doc_3207	1
q_3116	doc_3208	1
q_3117	doc_3209	1
q_3118	doc_3210	1
q_3119	doc_3211	1
q_3120	doc_3212	1
q_3121	doc_3213	1
q_3122	doc_3214	1
q_3123	doc_3215	1
q_3124	doc_3216	1
q_3125	doc_3217	1
q_3126	doc_3218	1
q_3127	doc_3219	1
q_3128	doc_3220	1
q_3129	doc_3221	1
q_3130	doc_3222	1
q_3131	doc_3223	1
q_3132	doc_3224	1
q_3133	doc_3225	1
q_3134	doc_3226	1
q_3135	doc_3227	1
q_3136	doc_3228	1
q_3137	doc_3229	1
q_3138	doc_3230	1
q_3139	doc_3231	1
q_3140	doc_3232	1
q_3141	doc_3233	1
q_3142	doc_3234	1
q_3143	doc_3235	1
q_3144	doc_3236	1
q_3145	doc_3237	1
q_3146	doc_3238	1
q_3147	doc_3239	1
q_3148	doc_3240	1
q_3149	doc_3241	1
q_3150	doc_3242	1
q_3151	doc_3243	1
q_3152	doc_3244	1
q_3153	doc_3245	1
q_3154	doc_3246	1
q_3155	doc_3247	1
q_3156	doc_3248	1
q_3157	doc_3249	1
q_3158	doc_3250	1
q_3159	doc_3251	1
q_3160	doc_3252	1
q_3161	doc_3253	1
q_3162	doc_3254	1
q_3163	doc_3255	1
q_3164	doc_3256	1
q_3165	doc_3257	1
q_3166	doc_3258	1
q_3167	doc_3259	1
q_3168	doc_3260	1
q_3169	doc_3261	1
q_3170	doc_3262	1
q_3171	doc_3263	1
q_3172	doc_3264	1
q_3173	doc_3265	1
q_3174	doc_3266	1
q_3175	doc_3267	1
q_3176	doc_3268	1
q_3177	doc_3269	1
q_3178	doc_3270	1
q_3179	doc_3271	1
q_3180	doc_3272	1
q_3181	doc_3273	1
q_3182	doc_3274	1
q_3183	doc_3275	1
q_3184	doc_3276	1
q_3185	doc_3277	1
q_3186	doc_3278	1
q_3187	doc_3279	1
q_3188	doc_3280	1
q_3189	doc_3281	1
q_3190	doc_3282	1
q_3191	doc_3283	1
q_3192	doc_3284	1
q_3193	doc_3285	1
q_3194	doc_3286	1
q_3195	doc_3287	1
q_3196	doc_3288	1
q_3197	doc_3289	1
q_3198	doc_3290	1
q_3199	doc_3291	1
q_3200	doc_3292	1
q_3201	doc_3293	1
q_3202	doc_3294	1
q_3203	doc_3295	1
q_3204	doc_3296	1
q_3205	doc_3297	1
q_3206	doc_3298	1
q_3207	doc_3299	1
q_3208	doc_3300	1
q_3209	doc_3301	1
q_3210	doc_3302	1
q_3211	doc_3303	1
q_3212	doc_3304	1
q_3213	doc_3305	1
q_3214	doc_3306	1
q_3215	doc_3307	1
q_3216	doc_3308	1
q_3217	doc_3309	1
q_3218	doc_3310	1
q_3219	doc_3311	1
q_3220	doc_3312	1
q_3221	doc_3313	1
q_3222	doc_3314	1
q_3223	doc_3316	1
q_3224	doc_3318	1
q_3225	doc_3319	1
q_3226	doc_3320	1
q_3227	doc_3321	1
q_3228	doc_3322	1
q_3229	doc_3323	1
q_3230	doc_3324	1
q_3231	doc_3325	1
q_3232	doc_3326	1
q_3233	doc_3327	1
q_3234	doc_3328	1
q_3235	doc_3329	1
q_3236	doc_3330	1
q_3237	doc_3331	1
q_3238	doc_3332	1
q_3239	doc_3333	1
q_3240	doc_3334	1
q_3241	doc_3336	1
q_3242	doc_3337	1
q_3243	doc_3339	1
q_3244	doc_3340	1
q_3245	doc_3342	1
q_3246	doc_3343	1
q_3247	doc_3345	1
q_3248	doc_3346	1
q_3249	doc_3348	1
q_3250	doc_3349	1
q_3251	doc_3351	1
q_3252	doc_3352	1
q_3253	doc_3353	1
q_3254	doc_3354	1
q_3255	doc_3355	1
q_3256	doc_3356	1
q_3257	doc_3357	1
q_3258	doc_3358	1
q_3259	doc_3359	1
q_3260	doc_3360	1
q_3261	doc_3361	1
q_3262	doc_3362	1
q_3263	doc_3363	1
q_3264	doc_3364	1
q_3265	doc_3365	1
q_3266	doc_3366	1
q_3267	doc_3367	1
q_3268	doc_3368	1
q_3269	doc_3369	1
q_3270	doc_3371	1
q_3271	doc_3372	1
q_3272	doc_3373	1
q_3273	doc_3374	1
q_3274	doc_3375	1
q_3275	doc_3376	1
q_3276	doc_3377	1
q_3277	doc_3378	1
q_3278	doc_3379	1
q_3279	doc_3380	1
q_3280	doc_3381	1
q_3281	doc_3382	1
q_3282	doc_3383	1
q_3283	doc_3384	1
q_3284	doc_3385	1
q_3285	doc_3386	1
q_3286	doc_3387	1
q_3287	doc_3388	1
q_3288	doc_3389	1
q_3289	doc_3391	1
q_3290	doc_3392	1
q_3291	doc_3393	1
q_3292	doc_3394	1
q_3293	doc_3395	1
q_3294	doc_3396	1
q_3295	doc_3397	1
q_3296	doc_3398	1
q_3297	doc_3399	1
q_3298	doc_3400	1
q_3299	doc_3401	1
q_3300	doc_3402	1
q_3301	doc_3404	1
q_3302	doc_3405	1
q_3303	doc_3406	1
q_3304	doc_3407	1
q_3305	doc_3408	1
q_3306	doc_3409	1
q_3307	doc_3410	1
q_3308	doc_3411	1
q_3309	doc_3412	1
q_3310	doc_3413	1
q_3311	doc_3414	1
q_3312	doc_3415	1
q_3313	doc_3416	1
q_3314	doc_3417	1
q_3315	doc_3418	1
q_3316	doc_3419	1
q_3317	doc_3420	1
q_3318	doc_3421	1
q_3319	doc_3422	1
q_3320	doc_3423	1
q_3321	doc_3424	1
q_3322	doc_3425	1
q_3323	doc_3426	1
q_3324	doc_3427	1
q_3325	doc_3428	1
q_3326	doc_3429	1
q_3327	doc_3430	1
q_3328	doc_3431	1
q_3329	doc_3432	1
q_3330	doc_3433	1
q_3331	doc_3434	1
q_3332	doc_3435	1
q_3333	doc_3436	1
q_3334	doc_3437	1
q_3335	doc_3438	1
q_3336	doc_3439	1
q_3337	doc_3440	1
q_3338	doc_3441	1
q_3339	doc_3442	1
q_3340	doc_3443	1
q_3341	doc_3444	1
q_3342	doc_3445	1
q_3343	doc_3446	1
q_3344	doc_3447	1
q_3345	doc_3448	1
q_3346	doc_3449	1
q_3347	doc_3450	1
q_3348	doc_3451	1
q_3349	doc_3453	1
q_3350	doc_3454	1
q_3351	doc_3455	1
q_3352	doc_3456	1
q_3353	doc_3457	1
q_3354	doc_3458	1
q_3355	doc_3459	1
q_3356	doc_3460	1
q_3357	doc_3461	1
q_3358	doc_3462	1
q_3359	doc_3463	1
q_3360	doc_3464	1
q_3361	doc_3465	1
q_3362	doc_3466	1
q_3363	doc_3467	1
q_3364	doc_3468	1
q_3365	doc_3469	1
q_3366	doc_3470	1
q_3367	doc_3471	1
q_3368	doc_3472	1
q_3369	doc_3473	1
q_3370	doc_3474	1
q_3371	doc_3475	1
q_3372	doc_3476	1
q_3373	doc_3477	1
q_3374	doc_3478	1
q_3375	doc_3479	1
q_3376	doc_3480	1
q_3377	doc_3481	1
q_3378	doc_3482	1
q_3379	doc_3483	1
q_3380	doc_3484	1
q_3381	doc_3485	1
q_3382	doc_3486	1
q_3383	doc_3487	1
q_3384	doc_3488	1
q_3385	doc_3489	1
q_3386	doc_3490	1
q_3387	doc_3491	1
q_3388	doc_3492	1
q_3389	doc_3493	1
q_3390	doc_3494	1
q_3391	doc_3495	1
q_3392	doc_3496	1
q_3393	doc_3497	1
q_3394	doc_3498	1
q_3395	doc_3499	1
q_3396	doc_3500	1
q_3397	doc_3502	1
q_3398	doc_3503	1
q_3399	doc_3504	1
q_3400	doc_3505	1
q_3401	doc_3506	1
q_3402	doc_3507	1
q_3403	doc_3508	1
q_3404	doc_3509	1
q_3405	doc_3510	1
q_3406	doc_3511	1
q_3407	doc_3512	1
q_3408	doc_3513	1
q_3409	doc_3514	1
q_3410	doc_3515	1
q_3411	doc_3516	1
q_3412	doc_3517	1
q_3413	doc_3518	1
q_3414	doc_3519	1
q_3415	doc_3520	1
q_3416	doc_3521	1
q_3417	doc_3522	1
q_3418	doc_3523	1
q_3419	doc_3525	1
q_3420	doc_3526	1
q_3421	doc_3527	1
q_3422	doc_3528	1
q_3423	doc_3529	1
q_3424	doc_3530	1
q_3425	doc_3531	1
q_3426	doc_3533	1
q_3427	doc_3534	1
q_3428	doc_3535	1
q_3429	doc_3536	1
q_3430	doc_3537	1
q_3431	doc_3538	1
q_3432	doc_3539	1
q_3433	doc_3540	1
q_3434	doc_3541	1
q_3435	doc_3542	1
q_3436	doc_3543	1
q_3437	doc_3544	1
q_3438	doc_3545	1
q_3439	doc_3546	1
q_3440	doc_3547	1
q_3441	doc_3548	1
q_3442	doc_3549	1
q_3443	doc_3550	1
q_3444	doc_3551	1
q_3445	doc_3552	1
q_3446	doc_3553	1
q_3447	doc_3554	1
q_3448	doc_3555	1
q_3449	doc_3556	1
q_3450	doc_3557	1
q_3451	doc_3558	1
q_3452	doc_3559	1
q_3453	doc_3560	1
q_3454	doc_3561	1
q_3455	doc_3562	1
q_3456	doc_3563	1
q_3457	doc_3564	1
q_3458	doc_3565	1
q_3459	doc_3566	1
q_3460	doc_3567	1
q_3461	doc_3568	1
q_3462	doc_3569	1
q_3463	doc_3570	1
q_3464	doc_3571	1
q_3465	doc_3572	1
q_3466	doc_3573	1
q_3467	doc_3574	1
q_3468	doc_3575	1
q_3469	doc_3576	1
q_3470	doc_3577	1
q_3471	doc_3578	1
q_3472	doc_3579	1
q_3473	doc_3580	1
q_3474	doc_3581	1
q_3475	doc_3582	1
q_3476	doc_3583	1
q_3477	doc_3585	1
q_3478	doc_3586	1
q_3479	doc_3587	1
q_3480	doc_3588	1
q_3481	doc_3590	1
q_3482	doc_3591	1
q_3483	doc_3592	1
q_3484	doc_3593	1
q_3485	doc_3594	1
q_3486	doc_3595	1
q_3487	doc_3596	1
q_3488	doc_3597	1
q_3489	doc_3598	1
q_3490	doc_3599	1
q_3491	doc_3600	1
q_3492	doc_3601	1
q_3493	doc_3602	1
q_3494	doc_3603	1
q_3495	doc_3604	1
q_3496	doc_3605	1
q_3497	doc_3606	1
q_3498	doc_3607	1
q_3499	doc_3608	1
q_3500	doc_3609	1
q_3501	doc_3610	1
q_3502	doc_3611	1
q_3503	doc_3612	1
q_3504	doc_3613	1
q_3505	doc_3614	1
q_3506	doc_3615	1
q_3507	doc_3616	1
q_3508	doc_3617	1
q_3509	doc_3618	1
q_3510	doc_3619	1
q_3511	doc_3620	1
q_3512	doc_3621	1
q_3513	doc_3622	1
q_3514	doc_3623	1
q_3515	doc_3624	1
q_3516	doc_3625	1
q_3517	doc_3626	1
q_3518	doc_3627	1
q_3519	doc_3628	1
q_3520	doc_3629	1
q_3521	doc_3630	1
q_3522	doc_3631	1
q_3523	doc_3632	1
q_3524	doc_3633	1
q_3525	doc_3634	1
q_3526	doc_3635	1
q_3527	doc_3636	1
q_3528	doc_3637	1
q_3529	doc_3638	1
q_3530	doc_3639	1
q_3531	doc_3640	1
q_3532	doc_3641	1
q_3533	doc_3642	1
q_3534	doc_3643	1
q_3535	doc_3644	1
q_3536	doc_3645	1
q_3537	doc_3646	1
q_3538	doc_3647	1
q_3539	doc_3648	1
q_3540	doc_3649	1
q_3541	doc_3650	1
q_3542	doc_3651	1
q_3543	doc_3652	1
q_3544	doc_3653	1
q_3545	doc_3654	1
q_3546	doc_3655	1
q_3547	doc_3656	1
q_3548	doc_3657	1
q_3549	doc_3658	1
q_3550	doc_3659	1
q_3551	doc_3660	1
q_3552	doc_3661	1
q_3553	doc_3662	1
q_3554	doc_3663	1
q_3555	doc_3664	1
q_3556	doc_3665	1
q_3557	doc_3666	1
q_3558	doc_3667	1
q_3559	doc_3668	1
q_3560	doc_3669	1
q_3561	doc_3671	1
q_3562	doc_3672	1
q_3563	doc_3673	1
q_3564	doc_3674	1
q_3565	doc_3675	1
q_3566	doc_3676	1
q_3567	doc_3677	1
q_3568	doc_3678	1
q_3569	doc_3679	1
q_3570	doc_3681	1
q_3571	doc_3682	1
q_3572	doc_3683	1
q_3573	doc_3684	1
q_3574	doc_3685	1
q_3575	doc_3686	1
q_3576	doc_3687	1
q_3577	doc_3688	1
q_3578	doc_3689	1
q_3579	doc_3690	1
q_3580	doc_3691	1
q_3581	doc_3692	1
q_3582	doc_3693	1
q_3583	doc_3694	1
q_3584	doc_3696	1
q_3585	doc_3697	1
q_3586	doc_3698	1
q_3587	doc_3699	1
q_3588	doc_3700	1
q_3589	doc_3701	1
q_3590	doc_3703	1
q_3591	doc_3704	1
q_3592	doc_3705	1
q_3593	doc_3706	1
q_3594	doc_3707	1
q_3595	doc_3708	1
q_3596	doc_3709	1
q_3597	doc_3711	1
q_3598	doc_3712	1
q_3599	doc_3713	1
q_3600	doc_3714	1
q_3601	doc_3715	1
q_3602	doc_3716	1
q_3603	doc_3717	1
q_3604	doc_3718	1
q_3605	doc_3719	1
q_3606	doc_3720	1
q_3607	doc_3721	1
q_3608	doc_3722	1
q_3609	doc_3723	1
q_3610	doc_3724	1
q_3611	doc_3725	1
q_3612	doc_3726	1
q_3613	doc_3727	1
q_3614	doc_3728	1
q_3615	doc_3729	1
q_3616	doc_3730	1
q_3617	doc_3731	1
q_3618	doc_3732	1
q_3619	doc_3733	1
q_3620	doc_3734	1
q_3621	doc_3735	1
q_3622	doc_3736	1
q_3623	doc_3737	1
q_3624	doc_3738	1
q_3625	doc_3739	1
q_3626	doc_3740	1
q_3627	doc_3741	1
q_3628	doc_3742	1
q_3629	doc_3743	1
q_3630	doc_3744	1
q_3631	doc_3745	1
q_3632	doc_3746	1
q_3633	doc_3747	1
q_3634	doc_3748	1
q_3635	doc_3749	1
q_3636	doc_3750	1
q_3637	doc_3751	1
q_3638	doc_3752	1
q_3639	doc_3753	1
q_3640	doc_3754	1
q_3641	doc_3755	1
q_3642	doc_3756	1
q_3643	doc_3757	1
q_3644	doc_3758	1
q_3645	doc_3759	1
q_3646	doc_3760	1
q_3647	doc_3761	1
q_3648	doc_3762	1
q_3649	doc_3763	1
q_3650	doc_3764	1
q_3651	doc_3765	1
q_3652	doc_3766	1
q_3653	doc_3767	1
q_3654	doc_3768	1
q_3655	doc_3769	1
q_3656	doc_3770	1
q_3657	doc_3771	1
q_3658	doc_3772	1
q_3659	doc_3773	1
q_3660	doc_3774	1
q_3661	doc_3775	1
q_3662	doc_3776	1
q_3663	doc_3777	1
q_3664	doc_3778	1
q_3665	doc_3779	1
q_3666	doc_3780	1
q_3667	doc_3781	1
q_3668	doc_3782	1
q_3669	doc_3783	1
q_3670	doc_3784	1
q_3671	doc_3785	1
q_3672	doc_3786	1
q_3673	doc_3787	1
q_3674	doc_3788	1
q_3675	doc_3789	1
q_3676	doc_3790	1
q_3677	doc_3791	1
q_3678	doc_3792	1
q_3679	doc_3793	1
q_3680	doc_3794	1
q_3681	doc_3795	1
q_3682	doc_3796	1
q_3683	doc_3797	1
q_3684	doc_3798	1
q_3685	doc_3799	1
q_3686	doc_3800	1
q_3687	doc_3801	1
q_3688	doc_3802	1
q_3689	doc_3803	1
q_3690	doc_3804	1
q_3691	doc_3805	1
q_3692	doc_3806	1
q_3693	doc_3807	1
q_3694	doc_3808	1
q_3695	doc_3809	1
q_3696	doc_3810	1
q_3697	doc_3811	1
q_3698	doc_3812	1
q_3699	doc_3813	1
q_3700	doc_3814	1
q_3701	doc_3815	1
q_3702	doc_3816	1
q_3703	doc_3817	1
q_3704	doc_3818	1
q_3705	doc_3819	1
q_3706	doc_3820	1
q_3707	doc_3821	1
q_3708	doc_3822	1
q_3709	doc_3823	1
q_3710	doc_3824	1
q_3711	doc_3825	1
q_3712	doc_3826	1
q_3713	doc_3827	1
q_3714	doc_3828	1
q_3715	doc_3829	1
q_3716	doc_3830	1
q_3717	doc_3831	1
q_3718	doc_3832	1
q_3719	doc_3833	1
q_3720	doc_3834	1
q_3721	doc_3835	1
q_3722	doc_3836	1
q_3723	doc_3837	1
q_3724	doc_3838	1
q_3725	doc_3839	1
q_3726	doc_3840	1
q_3727	doc_3841	1
q_3728	doc_3842	1
q_3729	doc_3843	1
q_3730	doc_3844	1
q_3731	doc_3845	1
q_3732	doc_3847	1
q_3733	doc_3848	1
q_3734	doc_3849	1
q_3735	doc_3850	1
q_3736	doc_3851	1
q_3737	doc_3852	1
q_3738	doc_3853	1
q_3739	doc_3854	1
q_3740	doc_3855	1
q_3741	doc_3856	1
q_3742	doc_3857	1
q_3743	doc_3858	1
q_3744	doc_3860	1
q_3745	doc_3861	1
q_3746	doc_3862	1
q_3747	doc_3863	1
q_3748	doc_3864	1
q_3749	doc_3865	1
q_3750	doc_3866	1
q_3751	doc_3867	1
q_3752	doc_3868	1
q_3753	doc_3869	1
q_3754	doc_3870	1
q_3755	doc_3871	1
q_3756	doc_3872	1
q_3757	doc_3873	1
q_3758	doc_3874	1
q_3759	doc_3875	1
q_3760	doc_3876	1
q_3761	doc_3877	1
q_3762	doc_3878	1
q_3763	doc_3879	1
q_3764	doc_3880	1
q_3765	doc_3881	1
q_3766	doc_3882	1
q_3767	doc_3883	1
q_3768	doc_3884	1
q_3769	doc_3885	1
q_3770	doc_3886	1
q_3771	doc_3887	1
q_3772	doc_3888	1
q_3773	doc_3889	1
q_3774	doc_3890	1
q_3775	doc_3891	1
q_3776	doc_3892	1
q_3777	doc_3893	1
q_3778	doc_3894	1
q_3779	doc_3895	1
q_3780	doc_3896	1
q_3781	doc_3897	1
q_3782	doc_3898	1
q_3783	doc_3899	1
q_3784	doc_3900	1
q_3785	doc_3901	1
q_3786	doc_3902	1
q_3787	doc_3903	1
q_3788	doc_3904	1
q_3789	doc_3905	1
q_3790	doc_3906	1
q_3791	doc_3907	1
q_3792	doc_3908	1
q_3793	doc_3911	1
q_3794	doc_3912	1
q_3795	doc_3913	1
q_3796	doc_3914	1
q_3797	doc_3915	1
q_3798	doc_3916	1
q_3799	doc_3917	1
q_3800	doc_3918	1
q_3801	doc_3919	1
q_3802	doc_3920	1
q_3803	doc_3921	1
q_3804	doc_3922	1
q_3805	doc_3923	1
q_3806	doc_3924	1
q_3807	doc_3925	1
q_3808	doc_3926	1
q_3809	doc_3927	1
q_3810	doc_3928	1
q_3811	doc_3929	1
q_3812	doc_3930	1
q_3813	doc_3931	1
q_3814	doc_3932	1
q_3815	doc_3933	1
q_3816	doc_3934	1
q_3817	doc_3935	1
q_3818	doc_3936	1
q_3819	doc_3937	1
q_3820	doc_3938	1
q_3821	doc_3939	1
q_3822	doc_3940	1
q_3823	doc_3941	1
q_3824	doc_3942	1
q_3825	doc_3943	1
q_3826	doc_3944	1
q_3827	doc_3945	1
q_3828	doc_3946	1
q_3829	doc_3947	1
q_3830	doc_3948	1
q_3831	doc_3949	1
q_3832	doc_3950	1
q_3833	doc_3951	1
q_3834	doc_3952	1
q_3835	doc_3953	1
q_3836	doc_3954	1
q_3837	doc_3955	1
q_3838	doc_3956	1
q_3839	doc_3957	1
q_3840	doc_3958	1
q_3841	doc_3959	1
q_3842	doc_3960	1
q_3843	doc_3961	1
q_3844	doc_3962	1
q_3845	doc_3963	1
q_3846	doc_3964	1
q_3847	doc_3965	1
q_3848	doc_3966	1
q_3849	doc_3967	1
q_3850	doc_3969	1
q_3851	doc_3970	1
q_3852	doc_3971	1
q_3853	doc_3972	1
q_3854	doc_3973	1
q_3855	doc_3974	1
q_3856	doc_3975	1
q_3857	doc_3976	1
q_3858	doc_3977	1
q_3859	doc_3978	1
q_3860	doc_3979	1
q_3861	doc_3980	1
q_3862	doc_3981	1
q_3863	doc_3982	1
q_3864	doc_3983	1
q_3865	doc_3984	1
q_3866	doc_3985	1
q_3867	doc_3986	1
q_3868	doc_3987	1
q_3869	doc_3988	1
q_3870	doc_3989	1
q_3871	doc_3990	1
q_3872	doc_3991	1
q_3873	doc_3992	1
q_3874	doc_3993	1
q_3875	doc_3994	1
q_3876	doc_3995	1
q_3877	doc_3996	1
q_3878	doc_3997	1
q_3879	doc_3998	1
q_3880	doc_3999	1
q_3881	doc_4000	1
q_3882	doc_4001	1
q_3883	doc_4002	1
q_3884	doc_4003	1
q_3885	doc_4004	1
q_3886	doc_4005	1
q_3887	doc_4006	1
q_3888	doc_4007	1
q_3889	doc_4008	1
q_3890	doc_4009	1
q_3891	doc_4010	1
q_3892	doc_4011	1
q_3893	doc_4012	1
q_3894	doc_4013	1
q_3895	doc_4014	1
q_3896	doc_4015	1
q_3897	doc_4016	1
q_3898	doc_4017	1
q_3899	doc_4018	1
q_3900	doc_4019	1
q_3901	doc_4020	1
q_3902	doc_4021	1
q_3903	doc_4022	1
q_3904	doc_4023	1
q_3905	doc_4024	1
q_3906	doc_4025	1
q_3907	doc_4026	1
q_3908	doc_4027	1
q_3909	doc_4028	1
q_3910	doc_4029	1
q_3911	doc_4030	1
q_3912	doc_4031	1
q_3913	doc_4032	1
q_3914	doc_4033	1
q_3915	doc_4034	1
q_3916	doc_4035	1
q_3917	doc_4036	1
q_3918	doc_4037	1
q_3919	doc_4038	1
q_3920	doc_4039	1
q_3921	doc_4040	1
q_3922	doc_4041	1
q_3923	doc_4042	1
q_3924	doc_4043	1
q_3925	doc_4044	1
q_3926	doc_4045	1
q_3927	doc_4046	1
q_3928	doc_4047	1
q_3929	doc_4048	1
q_3930	doc_4049	1
q_3931	doc_4050	1
q_3932	doc_4051	1
q_3933	doc_4052	1
q_3934	doc_4053	1
q_3935	doc_4054	1
q_3936	doc_4055	1
q_3937	doc_4056	1
q_3938	doc_4057	1
q_3939	doc_4058	1
q_3940	doc_4059	1
q_3941	doc_4060	1
q_3942	doc_4061	1
q_3943	doc_4062	1
q_3944	doc_4063	1
q_3945	doc_4064	1
q_3946	doc_4065	1
q_3947	doc_4066	1
q_3948	doc_4067	1
q_3949	doc_4068	1
q_3950	doc_4069	1
q_3951	doc_4070	1
q_3952	doc_4071	1
q_3953	doc_4072	1
q_3954	doc_4073	1
q_3955	doc_4074	1
q_3956	doc_4075	1
q_3957	doc_4076	1
q_3958	doc_4077	1
q_3959	doc_4078	1
q_3960	doc_4079	1
q_3961	doc_4080	1
q_3962	doc_4081	1
q_3963	doc_4082	1
q_3964	doc_4083	1
q_3965	doc_4084	1
q_3966	doc_4085	1
q_3967	doc_4086	1
q_3968	doc_4087	1
q_3969	doc_4088	1
q_3970	doc_4089	1
q_3971	doc_4090	1
q_3972	doc_4091	1
q_3973	doc_4092	1
q_3974	doc_4093	1
q_3975	doc_4094	1
q_3976	doc_4095	1
q_3977	doc_4096	1
q_3978	doc_4097	1
q_3979	doc_4098	1
q_3980	doc_4099	1
q_3981	doc_4100	1
q_3982	doc_4101	1
q_3983	doc_4102	1
q_3984	doc_4103	1
q_3985	doc_4104	1
q_3986	doc_4105	1
q_3987	doc_4106	1
q_3988	doc_4107	1
q_3989	doc_4108	1
q_3990	doc_4109	1
q_3991	doc_4110	1
q_3992	doc_4111	1
q_3993	doc_4112	1
q_3994	doc_4113	1
q_3995	doc_4114	1
q_3996	doc_4115	1
q_3997	doc_4116	1
q_3998	doc_4117	1
q_3999	doc_4118	1
q_4000	doc_4119	1
q_4001	doc_4120	1
q_4002	doc_4121	1
q_4003	doc_4122	1
q_4004	doc_4123	1
q_4005	doc_4124	1
q_4006	doc_4125	1
q_4007	doc_4126	1
q_4008	doc_4127	1
q_4009	doc_4128	1
q_4010	doc_4129	1
q_4011	doc_4130	1
q_4012	doc_4131	1
q_4013	doc_4132	1
q_4014	doc_4133	1
q_4015	doc_4134	1
q_4016	doc_4135	1
q_4017	doc_4136	1
q_4018	doc_4137	1
q_4019	doc_4138	1
q_4020	doc_4139	1
q_4021	doc_4140	1
q_4022	doc_4141	1
q_4023	doc_4142	1
q_4024	doc_4143	1
q_4025	doc_4144	1
q_4026	doc_4145	1
q_4027	doc_4146	1
q_4028	doc_4147	1
q_4029	doc_4148	1
q_4030	doc_4149	1
q_4031	doc_4150	1
q_4032	doc_4152	1
q_4033	doc_4153	1
q_4034	doc_4154	1
q_4035	doc_4155	1
q_4036	doc_4156	1
q_4037	doc_4157	1
q_4038	doc_4158	1
q_4039	doc_4159	1
q_4040	doc_4160	1
q_4041	doc_4161	1
q_4042	doc_4162	1
q_4043	doc_4163	1
q_4044	doc_4164	1
q_4045	doc_4166	1
q_4046	doc_4167	1
q_4047	doc_4168	1
q_4048	doc_4169	1
q_4049	doc_4170	1
q_4050	doc_4171	1
q_4051	doc_4172	1
q_4052	doc_4174	1
q_4053	doc_4175	1
q_4054	doc_4176	1
q_4055	doc_4177	1
q_4056	doc_4178	1
q_4057	doc_4179	1
q_4058	doc_4180	1
q_4059	doc_4181	1
q_4060	doc_4182	1
q_4061	doc_4183	1
q_4062	doc_4184	1
q_4063	doc_4185	1
q_4064	doc_4186	1
q_4065	doc_4187	1
q_4066	doc_4189	1
q_4067	doc_4190	1
q_4068	doc_4191	1
q_4069	doc_4192	1
q_4070	doc_4193	1
q_4071	doc_4194	1
q_4072	doc_4195	1
q_4073	doc_4196	1
q_4074	doc_4197	1
q_4075	doc_4198	1
q_4076	doc_4199	1
q_4077	doc_4200	1
q_4078	doc_4201	1
q_4079	doc_4202	1
q_4080	doc_4203	1
q_4081	doc_4204	1
q_4082	doc_4205	1
q_4083	doc_4206	1
q_4084	doc_4207	1
q_4085	doc_4208	1
q_4086	doc_4209	1
q_4087	doc_4210	1
q_4088	doc_4211	1
q_4089	doc_4212	1
q_4090	doc_4213	1
q_4091	doc_4214	1
q_4092	doc_4215	1
q_4093	doc_4216	1
q_4094	doc_4217	1
q_4095	doc_4218	1
q_4096	doc_4219	1
q_4097	doc_4220	1
q_4098	doc_4221	1
q_4099	doc_4222	1
q_4100	doc_4223	1
q_4101	doc_4224	1
q_4102	doc_4225	1
q_4103	doc_4226	1
q_4104	doc_4227	1
q_4105	doc_4228	1
q_4106	doc_4229	1
q_4107	doc_4230	1
q_4108	doc_4231	1
q_4109	doc_4232	1
q_4110	doc_4233	1
q_4111	doc_4234	1
q_4112	doc_4235	1
q_4113	doc_4236	1
q_4114	doc_4237	1
q_4115	doc_4238	1
q_4116	doc_4239	1
q_4117	doc_4240	1
q_4118	doc_4241	1
q_4119	doc_4242	1
q_4120	doc_4243	1
q_4121	doc_4244	1
q_4122	doc_4246	1
q_4123	doc_4247	1
q_4124	doc_4248	1
q_4125	doc_4249	1
q_4126	doc_4250	1
q_4127	doc_4251	1
q_4128	doc_4252	1
q_4129	doc_4253	1
q_4130	doc_4254	1
q_4131	doc_4255	1
q_4132	doc_4256	1
q_4133	doc_4257	1
q_4134	doc_4258	1
q_4135	doc_4259	1
q_4136	doc_4260	1
q_4137	doc_4261	1
q_4138	doc_4262	1
q_4139	doc_4263	1
q_4140	doc_4264	1
q_4141	doc_4265	1
q_4142	doc_4266	1
q_4143	doc_4267	1
q_4144	doc_4268	1
q_4145	doc_4269	1
q_4146	doc_4270	1
q_4147	doc_4271	1
q_4148	doc_4272	1
q_4149	doc_4273	1
q_4150	doc_4274	1
q_4151	doc_4275	1
q_4152	doc_4276	1
q_4153	doc_4277	1
q_4154	doc_4278	1
q_4155	doc_4279	1
q_4156	doc_4280	1
q_4157	doc_4281	1
q_4158	doc_4282	1
q_4159	doc_4283	1
q_4160	doc_4284	1
q_4161	doc_4285	1
q_4162	doc_4286	1
q_4163	doc_4287	1
q_4164	doc_4288	1
q_4165	doc_4289	1
q_4166	doc_4290	1
q_4167	doc_4291	1
q_4168	doc_4292	1
q_4169	doc_4293	1
q_4170	doc_4294	1
q_4171	doc_4295	1
q_4172	doc_4296	1
q_4173	doc_4297	1
q_4174	doc_4299	1
q_4175	doc_4300	1
q_4176	doc_4301	1
q_4177	doc_4302	1
q_4178	doc_4303	1
q_4179	doc_4304	1
q_4180	doc_4305	1
q_4181	doc_4306	1
q_4182	doc_4307	1
q_4183	doc_4308	1
q_4184	doc_4309	1
q_4185	doc_4310	1
q_4186	doc_4311	1
q_4187	doc_4312	1
q_4188	doc_4313	1
q_4189	doc_4314	1
q_4190	doc_4315	1
q_4191	doc_4316	1
q_4192	doc_4317	1
q_4193	doc_4318	1
q_4194	doc_4320	1
q_4195	doc_4321	1
q_4196	doc_4322	1
q_4197	doc_4323	1
q_4198	doc_4324	1
q_4199	doc_4325	1
q_4200	doc_4326	1
q_4201	doc_4328	1
q_4202	doc_4329	1
q_4203	doc_4330	1
q_4204	doc_4331	1
q_4205	doc_4332	1
q_4206	doc_4333	1
q_4207	doc_4334	1
q_4208	doc_4336	1
q_4209	doc_4337	1
q_4210	doc_4338	1
q_4211	doc_4339	1
q_4212	doc_4340	1
q_4213	doc_4341	1
q_4214	doc_4342	1
q_4215	doc_4343	1
q_4216	doc_4344	1
q_4217	doc_4345	1
q_4218	doc_4346	1
q_4219	doc_4347	1
q_4220	doc_4348	1
q_4221	doc_4349	1
q_4222	doc_4350	1
q_4223	doc_4351	1
q_4224	doc_4352	1
q_4225	doc_4353	1
q_4226	doc_4354	1
q_4227	doc_4355	1
q_4228	doc_4356	1
q_4229	doc_4357	1
q_4230	doc_4358	1
q_4231	doc_4359	1
q_4232	doc_4360	1
q_4233	doc_4361	1
q_4234	doc_4362	1
q_4235	doc_4363	1
q_4236	doc_4364	1
q_4237	doc_4365	1
q_4238	doc_4366	1
q_4239	doc_4367	1
q_4240	doc_4368	1
q_4241	doc_4369	1
q_4242	doc_4370	1
q_4243	doc_4371	1
q_4244	doc_4372	1
q_4245	doc_4373	1
q_4246	doc_4374	1
q_4247	doc_4375	1
q_4248	doc_4376	1
q_4249	doc_4377	1
q_4250	doc_4378	1
q_4251	doc_4379	1
q_4252	doc_4380	1
q_4253	doc_4381	1
q_4254	doc_4382	1
q_4255	doc_4383	1
q_4256	doc_4384	1
q_4257	doc_4385	1
q_4258	doc_4386	1
q_4259	doc_4387	1
q_4260	doc_4388	1
q_4261	doc_4389	1
q_4262	doc_4390	1
q_4263	doc_4391	1
q_4264	doc_4392	1
q_4265	doc_4393	1
q_4266	doc_4394	1
q_4267	doc_4395	1
q_4268	doc_4396	1
q_4269	doc_4397	1
q_4270	doc_4399	1
q_4271	doc_4400	1
q_4272	doc_4401	1
q_4273	doc_4402	1
q_4274	doc_4403	1
q_4275	doc_4404	1
q_4276	doc_4405	1
q_4277	doc_4406	1
q_4278	doc_4407	1
q_4279	doc_4408	1
q_4280	doc_4409	1
q_4281	doc_4410	1
q_4282	doc_4411	1
q_4283	doc_4412	1
q_4284	doc_4413	1
q_4285	doc_4414	1
q_4286	doc_4415	1
q_4287	doc_4416	1
q_4288	doc_4418	1
q_4289	doc_4419	1
q_4290	doc_4420	1
q_4291	doc_4421	1
q_4292	doc_4422	1
q_4293	doc_4423	1
q_4294	doc_4424	1
q_4295	doc_4425	1
q_4296	doc_4426	1
q_4297	doc_4427	1
q_4298	doc_4428	1
q_4299	doc_4429	1
q_4300	doc_4430	1
q_4301	doc_4431	1
q_4302	doc_4432	1
q_4303	doc_4433	1
q_4304	doc_4434	1
q_4305	doc_4435	1
q_4306	doc_4436	1
q_4307	doc_4437	1
q_4308	doc_4438	1
q_4309	doc_4439	1
q_4310	doc_4440	1
q_4311	doc_4441	1
q_4312	doc_4442	1
q_4313	doc_4443	1
q_4314	doc_4444	1
q_4315	doc_4445	1
q_4316	doc_4446	1
q_4317	doc_4447	1
q_4318	doc_4448	1
q_4319	doc_4449	1
q_4320	doc_4451	1
q_4321	doc_4452	1
q_4322	doc_4453	1
q_4323	doc_4454	1
q_4324	doc_4455	1
q_4325	doc_4456	1
q_4326	doc_4457	1
q_4327	doc_4458	1
q_4328	doc_4459	1
q_4329	doc_4460	1
q_4330	doc_4461	1
q_4331	doc_4462	1
q_4332	doc_4463	1
q_4333	doc_4464	1
q_4334	doc_4465	1
q_4335	doc_4466	1
q_4336	doc_4467	1
q_4337	doc_4468	1
q_4338	doc_4469	1
q_4339	doc_4470	1
q_4340	doc_4471	1
q_4341	doc_4472	1
q_4342	doc_4473	1
q_4343	doc_4474	1
q_4344	doc_4475	1
q_4345	doc_4476	1
q_4346	doc_4477	1
q_4347	doc_4478	1
q_4348	doc_4479	1
q_4349	doc_4480	1
q_4350	doc_4481	1
q_4351	doc_4482	1
q_4352	doc_4483	1
q_4353	doc_4484	1
q_4354	doc_4485	1
q_4355	doc_4486	1
q_4356	doc_4487	1
q_4357	doc_4488	1
q_4358	doc_4489	1
q_4359	doc_4490	1
q_4360	doc_4491	1
q_4361	doc_4492	1
q_4362	doc_4493	1
q_4363	doc_4494	1
q_4364	doc_4495	1
q_4365	doc_4496	1
q_4366	doc_4497	1
q_4367	doc_4498	1
q_4368	doc_4499	1
q_4369	doc_4500	1
q_4370	doc_4501	1
q_4371	doc_4502	1
q_4372	doc_4503	1
q_4373	doc_4504	1
q_4374	doc_4505	1
q_4375	doc_4506	1
q_4376	doc_4507	1
q_4377	doc_4508	1
q_4378	doc_4509	1
q_4379	doc_4510	1
q_4380	doc_4511	1
q_4381	doc_4512	1
q_4382	doc_4513	1
q_4383	doc_4514	1
q_4384	doc_4515	1
q_4385	doc_4516	1
q_4386	doc_4517	1
q_4387	doc_4518	1
q_4388	doc_4519	1
q_4389	doc_4520	1
q_4390	doc_4521	1
q_4391	doc_4522	1
q_4392	doc_4523	1
q_4393	doc_4524	1
q_4394	doc_4525	1
q_4395	doc_4526	1
q_4396	doc_4527	1
q_4397	doc_4528	1
q_4398	doc_4529	1
q_4399	doc_4530	1
q_4400	doc_4531	1
q_4401	doc_4532	1
q_4402	doc_4533	1
q_4403	doc_4534	1
q_4404	doc_4535	1
q_4405	doc_4536	1
q_4406	doc_4537	1
q_4407	doc_4538	1
q_4408	doc_4539	1
q_4409	doc_4540	1
q_4410	doc_4542	1
q_4411	doc_4543	1
q_4412	doc_4544	1
q_4413	doc_4545	1
q_4414	doc_4546	1
q_4415	doc_4547	1
q_4416	doc_4548	1
q_4417	doc_4549	1
q_4418	doc_4550	1
q_4419	doc_4551	1
q_4420	doc_4552	1
q_4421	doc_4553	1
q_4422	doc_4554	1
q_4423	doc_4555	1
q_4424	doc_4556	1
q_4425	doc_4557	1
q_4426	doc_4558	1
q_4427	doc_4559	1
q_4428	doc_4560	1
q_4429	doc_4561	1
q_4430	doc_4562	1
q_4431	doc_4563	1
q_4432	doc_4564	1
q_4433	doc_4565	1
q_4434	doc_4566	1
q_4435	doc_4567	1
q_4436	doc_4568	1
q_4437	doc_4569	1
q_4438	doc_4571	1
q_4439	doc_4572	1
q_4440	doc_4573	1
q_4441	doc_4574	1
q_4442	doc_4575	1
q_4443	doc_4576	1
q_4444	doc_4577	1
q_4445	doc_4578	1
q_4446	doc_4580	1
q_4447	doc_4581	1
q_4448	doc_4582	1
q_4449	doc_4583	1
q_4450	doc_4584	1
q_4451	doc_4585	1
q_4452	doc_4586	1
q_4453	doc_4587	1
q_4454	doc_4589	1
q_4455	doc_4590	1
q_4456	doc_4591	1
q_4457	doc_4592	1
q_4458	doc_4593	1
q_4459	doc_4594	1
q_4460	doc_4595	1
q_4461	doc_4596	1
q_4462	doc_4597	1
q_4463	doc_4598	1
q_4464	doc_4599	1
q_4465	doc_4600	1
q_4466	doc_4601	1
q_4467	doc_4602	1
q_4468	doc_4603	1
q_4469	doc_4604	1
q_4470	doc_4605	1
q_4471	doc_4606	1
q_4472	doc_4607	1
q_4473	doc_4608	1
q_4474	doc_4609	1
q_4475	doc_4610	1
q_4476	doc_4611	1
q_4477	doc_4612	1
q_4478	doc_4613	1
q_4479	doc_4614	1
q_4480	doc_4615	1
q_4481	doc_4616	1
q_4482	doc_4617	1
q_4483	doc_4618	1
q_4484	doc_4619	1
q_4485	doc_4620	1
q_4486	doc_4621	1
q_4487	doc_4622	1
q_4488	doc_4623	1
q_4489	doc_4624	1
q_4490	doc_4625	1
q_4491	doc_4626	1
q_4492	doc_4627	1
q_4493	doc_4629	1
q_4494	doc_4630	1
q_4495	doc_4631	1
q_4496	doc_4632	1
q_4497	doc_4633	1
q_4498	doc_4634	1
q_4499	doc_4635	1
q_4500	doc_4636	1
q_4501	doc_4637	1
q_4502	doc_4638	1
q_4503	doc_4639	1
q_4504	doc_4640	1
q_4505	doc_4641	1
q_4506	doc_4643	1
q_4507	doc_4644	1
q_4508	doc_4645	1
q_4509	doc_4646	1
q_4510	doc_4647	1
q_4511	doc_4648	1
q_4512	doc_4649	1
q_4513	doc_4650	1
q_4514	doc_4651	1
q_4515	doc_4652	1
q_4516	doc_4653	1
q_4517	doc_4654	1
q_4518	doc_4656	1
q_4519	doc_4657	1
q_4520	doc_4658	1
q_4521	doc_4659	1
q_4522	doc_4660	1
q_4523	doc_4661	1
q_4524	doc_4662	1
q_4525	doc_4663	1
q_4526	doc_4664	1
q_4527	doc_4665	1
q_4528	doc_4666	1
q_4529	doc_4667	1
q_4530	doc_4668	1
q_4531	doc_4669	1
q_4532	doc_4670	1
q_4533	doc_4671	1
q_4534	doc_4672	1
q_4535	doc_4673	1
q_4536	doc_4674	1
q_4537	doc_4675	1
q_4538	doc_4676	1
q_4539	doc_4677	1
q_4540	doc_4678	1
q_4541	doc_4679	1
q_4542	doc_4680	1
q_4543	doc_4681	1
q_4544	doc_4682	1
q_4545	doc_4683	1
q_4546	doc_4684	1
q_4547	doc_4685	1
q_4548	doc_4686	1
q_4549	doc_4687	1
q_4550	doc_4688	1
q_4551	doc_4689	1
q_4552	doc_4690	1
q_4553	doc_4691	1
q_4554	doc_4692	1
q_4555	doc_4693	1
q_4556	doc_4694	1
q_4557	doc_4695	1
q_4558	doc_4696	1
q_4559	doc_4697	1
q_4560	doc_4698	1
q_4561	doc_4699	1
q_4562	doc_4700	1
q_4563	doc_4702	1
q_4564	doc_4703	1
q_4565	doc_4704	1
q_4566	doc_4705	1
q_4567	doc_4706	1
q_4568	doc_4707	1
q_4569	doc_4708	1
q_4570	doc_4709	1
q_4571	doc_4710	1
q_4572	doc_4711	1
q_4573	doc_4712	1
q_4574	doc_4714	1
q_4575	doc_4715	1
q_4576	doc_4716	1
q_4577	doc_4717	1
q_4578	doc_4718	1
q_4579	doc_4719	1
q_4580	doc_4720	1
q_4581	doc_4722	1
q_4582	doc_4723	1
q_4583	doc_4724	1
q_4584	doc_4725	1
q_4585	doc_4726	1
q_4586	doc_4727	1
q_4587	doc_4728	1
q_4588	doc_4729	1
q_4589	doc_4730	1
q_4590	doc_4731	1
q_4591	doc_4732	1
q_4592	doc_4733	1
q_4593	doc_4734	1
q_4594	doc_4735	1
q_4595	doc_4736	1
q_4596	doc_4737	1
q_4597	doc_4738	1
q_4598	doc_4739	1
q_4599	doc_4740	1
q_4600	doc_4741	1
q_4601	doc_4742	1
q_4602	doc_4743	1
q_4603	doc_4744	1
q_4604	doc_4745	1
q_4605	doc_4746	1
q_4606	doc_4747	1
q_4607	doc_4748	1
q_4608	doc_4749	1
q_4609	doc_4750	1
q_4610	doc_4751	1
q_4611	doc_4752	1
q_4612	doc_4753	1
q_4613	doc_4754	1
q_4614	doc_4755	1
q_4615	doc_4756	1
q_4616	doc_4757	1
q_4617	doc_4758	1
q_4618	doc_4759	1
q_4619	doc_4760	1
q_4620	doc_4761	1
q_4621	doc_4762	1
q_4622	doc_4763	1
q_4623	doc_4764	1
q_4624	doc_4765	1
q_4625	doc_4766	1
q_4626	doc_4767	1
q_4627	doc_4768	1
q_4628	doc_4769	1
q_4629	doc_4770	1
q_4630	doc_4771	1
q_4631	doc_4772	1
q_4632	doc_4773	1
q_4633	doc_4774	1
q_4634	doc_4775	1
q_4635	doc_4776	1
q_4636	doc_4777	1
q_4637	doc_4778	1
q_4638	doc_4779	1
q_4639	doc_4780	1
q_4640	doc_4781	1
q_4641	doc_4782	1
q_4642	doc_4783	1
q_4643	doc_4784	1
q_4644	doc_4787	1
q_4645	doc_4788	1
q_4646	doc_4789	1
q_4647	doc_4790	1
q_4648	doc_4791	1
q_4649	doc_4792	1
q_4650	doc_4794	1
q_4651	doc_4795	1
q_4652	doc_4796	1
q_4653	doc_4797	1
q_4654	doc_4798	1
q_4655	doc_4799	1
q_4656	doc_4800	1
q_4657	doc_4801	1
q_4658	doc_4802	1
q_4659	doc_4803	1
q_4660	doc_4804	1
q_4661	doc_4805	1
q_4662	doc_4806	1
q_4663	doc_4807	1
q_4664	doc_4809	1
q_4665	doc_4810	1
q_4666	doc_4811	1
q_4667	doc_4812	1
q_4668	doc_4813	1
q_4669	doc_4814	1
q_4670	doc_4815	1
q_4671	doc_4816	1
q_4672	doc_4817	1
q_4673	doc_4818	1
q_4674	doc_4819	1
q_4675	doc_4820	1
q_4676	doc_4821	1
q_4677	doc_4822	1
q_4678	doc_4823	1
q_4679	doc_4824	1
q_4680	doc_4825	1
q_4681	doc_4826	1
q_4682	doc_4827	1
q_4683	doc_4828	1
q_4684	doc_4829	1
q_4685	doc_4830	1
q_4686	doc_4831	1
q_4687	doc_4832	1
q_4688	doc_4833	1
q_4689	doc_4834	1
q_4690	doc_4835	1
q_4691	doc_4836	1
q_4692	doc_4837	1
q_4693	doc_4838	1
q_4694	doc_4839	1
q_4695	doc_4840	1
q_4696	doc_4841	1
q_4697	doc_4842	1
q_4698	doc_4843	1
q_4699	doc_4844	1
q_4700	doc_4845	1
q_4701	doc_4846	1
q_4702	doc_4847	1
q_4703	doc_4848	1
q_4704	doc_4849	1
q_4705	doc_4850	1
q_4706	doc_4851	1
q_4707	doc_4852	1
q_4708	doc_4853	1
q_4709	doc_4854	1
q_4710	doc_4855	1
q_4711	doc_4856	1
q_4712	doc_4857	1
q_4713	doc_4858	1
q_4714	doc_4859	1
q_4715	doc_4860	1
q_4716	doc_4861	1
q_4717	doc_4862	1
q_4718	doc_4863	1
q_4719	doc_4864	1
q_4720	doc_4865	1
q_4721	doc_4866	1
q_4722	doc_4867	1
q_4723	doc_4868	1
q_4724	doc_4869	1
q_4725	doc_4870	1
q_4726	doc_4871	1
q_4727	doc_4872	1
q_4728	doc_4873	1
q_4729	doc_4874	1
q_4730	doc_4876	1
q_4731	doc_4877	1
q_4732	doc_4878	1
q_4733	doc_4879	1
q_4734	doc_4880	1
q_4735	doc_4881	1
q_4736	doc_4882	1
q_4737	doc_4883	1
q_4738	doc_4885	1
q_4739	doc_4886	1
q_4740	doc_4887	1
q_4741	doc_4888	1
q_4742	doc_4889	1
q_4743	doc_4890	1
q_4744	doc_4891	1
q_4745	doc_4892	1
q_4746	doc_4893	1
q_4747	doc_4894	1
q_4748	doc_4895	1
q_4749	doc_4896	1
q_4750	doc_4897	1
q_4751	doc_4898	1
q_4752	doc_4899	1
q_4753	doc_4900	1
q_4754	doc_4901	1
q_4755	doc_4902	1
q_4756	doc_4903	1
q_4757	doc_4905	1
q_4758	doc_4906	1
q_4759	doc_4907	1
q_4760	doc_4908	1
q_4761	doc_4909	1
q_4762	doc_4910	1
q_4763	doc_4911	1
q_4764	doc_4912	1
q_4765	doc_4913	1
q_4766	doc_4914	1
q_4767	doc_4915	1
q_4768	doc_4916	1
q_4769	doc_4917	1
q_4770	doc_4918	1
q_4771	doc_4920	1
q_4772	doc_4921	1
q_4773	doc_4922	1
q_4774	doc_4923	1
q_4775	doc_4924	1
q_4776	doc_4925	1
q_4777	doc_4926	1
q_4778	doc_4927	1
q_4779	doc_4928	1
q_4780	doc_4930	1
q_4781	doc_4931	1
q_4782	doc_4932	1
q_4783	doc_4933	1
q_4784	doc_4934	1
q_4785	doc_4935	1
q_4786	doc_4936	1
q_4787	doc_4937	1
q_4788	doc_4938	1
q_4789	doc_4939	1
q_4790	doc_4940	1
q_4791	doc_4941	1
q_4792	doc_4942	1
q_4793	doc_4943	1
q_4794	doc_4944	1
q_4795	doc_4945	1
q_4796	doc_4946	1
q_4797	doc_4947	1
q_4798	doc_4948	1
q_4799	doc_4949	1
q_4800	doc_4950	1
q_4801	doc_4952	1
q_4802	doc_4953	1
q_4803	doc_4954	1
q_4804	doc_4955	1
q_4805	doc_4956	1
q_4806	doc_4957	1
q_4807	doc_4958	1
q_4808	doc_4960	1
q_4809	doc_4961	1
q_4810	doc_4962	1
q_4811	doc_4963	1
q_4812	doc_4964	1
q_4813	doc_4965	1
q_4814	doc_4966	1
q_4815	doc_4967	1
q_4816	doc_4968	1
q_4817	doc_4969	1
q_4818	doc_4970	1
q_4819	doc_4971	1
q_4820	doc_4972	1
q_4821	doc_4973	1
q_4822	doc_4974	1
q_4823	doc_4975	1
q_4824	doc_4976	1
q_4825	doc_4977	1
q_4826	doc_4978	1
q_4827	doc_4979	1
q_4828	doc_4980	1
q_4829	doc_4982	1
q_4830	doc_4983	1
q_4831	doc_4984	1
q_4832	doc_4985	1
q_4833	doc_4986	1
q_4834	doc_4987	1
q_4835	doc_4988	1
q_4836	doc_4989	1
q_4837	doc_4990	1
q_4838	doc_4991	1
q_4839	doc_4992	1
q_4840	doc_4993	1
q_4841	doc_4994	1
q_4842	doc_4995	1
q_4843	doc_4996	1
q_4844	doc_4998	1
q_4845	doc_4999	1
q_4846	doc_5000	1
q_4847	doc_5001	1
q_4848	doc_5002	1
q_4849	doc_5003	1
q_4850	doc_5004	1
q_4851	doc_5005	1
q_4852	doc_5006	1
q_4853	doc_5007	1
q_4854	doc_5008	1
q_4855	doc_5010	1
q_4856	doc_5011	1
q_4857	doc_5012	1
q_4858	doc_5013	1
q_4859	doc_5014	1
q_4860	doc_5015	1
q_4861	doc_5016	1
q_4862	doc_5017	1
q_4863	doc_5018	1
q_4864	doc_5019	1
q_4865	doc_5020	1
q_4866	doc_5021	1
q_4867	doc_5022	1
q_4868	doc_5023	1
q_4869	doc_5024	1
q_4870	doc_5025	1
q_4871	doc_5026	1
q_4872	doc_5027	1
q_4873	doc_5028	1
q_4874	doc_5029	1
q_4875	doc_5030	1
q_4876	doc_5031	1
q_4877	doc_5032	1
q_4878	doc_5033	1
q_4879	doc_5034	1
q_4880	doc_5035	1
q_4881	doc_5036	1
q_4882	doc_5037	1
q_4883	doc_5038	1
q_4884	doc_5041	1
q_4885	doc_5042	1
q_4886	doc_5043	1
q_4887	doc_5044	1
q_4888	doc_5045	1
q_4889	doc_5046	1
q_4890	doc_5047	1
q_4891	doc_5048	1
q_4892	doc_5049	1
q_4893	doc_5050	1
q_4894	doc_5051	1
q_4895	doc_5052	1
q_4896	doc_5053	1
q_4897	doc_5054	1
q_4898	doc_5055	1
q_4899	doc_5056	1
q_4900	doc_5057	1
q_4901	doc_5058	1
q_4902	doc_5059	1
q_4903	doc_5060	1
q_4904	doc_5061	1
q_4905	doc_5062	1
q_4906	doc_5063	1
q_4907	doc_5064	1
q_4908	doc_5065	1
q_4909	doc_5066	1
q_4910	doc_5067	1
q_4911	doc_5068	1
q_4912	doc_5069	1
q_4913	doc_5070	1
q_4914	doc_5071	1
q_4915	doc_5072	1
q_4916	doc_5073	1
q_4917	doc_5074	1
q_4918	doc_5075	1
q_4919	doc_5076	1
q_4920	doc_5077	1
q_4921	doc_5078	1
q_4922	doc_5079	1
q_4923	doc_5080	1
q_4924	doc_5081	1
q_4925	doc_5082	1
q_4926	doc_5083	1
q_4927	doc_5084	1
q_4928	doc_5085	1
q_4929	doc_5086	1
q_4930	doc_5087	1
q_4931	doc_5088	1
q_4932	doc_5089	1
q_4933	doc_5090	1
q_4934	doc_5091	1
q_4935	doc_5092	1
q_4936	doc_5093	1
q_4937	doc_5094	1
q_4938	doc_5095	1
q_4939	doc_5096	1
q_4940	doc_5097	1
q_4941	doc_5098	1
q_4942	doc_5099	1
q_4943	doc_5100	1
q_4944	doc_5101	1
q_4945	doc_5102	1
q_4946	doc_5103	1
q_4947	doc_5104	1
q_4948	doc_5105	1
q_4949	doc_5106	1
q_4950	doc_5107	1
q_4951	doc_5108	1
q_4952	doc_5109	1
q_4953	doc_5110	1
q_4954	doc_5111	1
q_4955	doc_5112	1
q_4956	doc_5113	1
q_4957	doc_5114	1
q_4958	doc_5115	1
q_4959	doc_5116	1
q_4960	doc_5117	1
q_4961	doc_5118	1
q_4962	doc_5119	1
q_4963	doc_5120	1
q_4964	doc_5121	1
q_4965	doc_5122	1
q_4966	doc_5123	1
q_4967	doc_5124	1
q_4968	doc_5125	1
q_4969	doc_5126	1
q_4970	doc_5127	1
q_4971	doc_5128	1
q_4972	doc_5129	1
q_4973	doc_5130	1
q_4974	doc_5131	1
q_4975	doc_5132	1
q_4976	doc_5133	1
q_4977	doc_5134	1
q_4978	doc_5135	1
q_4979	doc_5136	1
q_4980	doc_5137	1
q_4981	doc_5138	1
q_4982	doc_5139	1
q_4983	doc_5140	1
q_4984	doc_5141	1
q_4985	doc_5142	1
q_4986	doc_5143	1
q_4987	doc_5144	1
q_4988	doc_5145	1
q_4989	doc_5146	1
q_4990	doc_5147	1
q_4991	doc_5148	1
q_4992	doc_5149	1
q_4993	doc_5150	1
q_4994	doc_5151	1
q_4995	doc_5152	1
q_4996	doc_5153	1
q_4997	doc_5154	1
q_4998	doc_5155	1
q_4999	doc_5156	1
q_5000	doc_5157	1
q_5001	doc_5158	1
q_5002	doc_5159	1
q_5003	doc_5160	1
q_5004	doc_5161	1
q_5005	doc_5162	1
q_5006	doc_5163	1
q_5007	doc_5164	1
q_5008	doc_5165	1
q_5009	doc_5166	1
q_5010	doc_5167	1
q_5011	doc_5168	1
q_5012	doc_5169	1
q_5013	doc_5170	1
q_5014	doc_5171	1
q_5015	doc_5172	1
q_5016	doc_5173	1
q_5017	doc_5174	1
q_5018	doc_5175	1
q_5019	doc_5176	1
q_5020	doc_5177	1
q_5021	doc_5178	1
q_5022	doc_5179	1
q_5023	doc_5180	1
q_5024	doc_5181	1
q_5025	doc_5182	1
q_5026	doc_5183	1
q_5027	doc_5184	1
q_5028	doc_5185	1
q_5029	doc_5186	1
q_5030	doc_5187	1
q_5031	doc_5188	1
q_5032	doc_5189	1
q_5033	doc_5191	1
q_5034	doc_5192	1
q_5035	doc_5193	1
q_5036	doc_5194	1
q_5037	doc_5195	1
q_5038	doc_5196	1
q_5039	doc_5197	1
q_5040	doc_5198	1
q_5041	doc_5200	1
q_5042	doc_5201	1
q_5043	doc_5202	1
q_5044	doc_5203	1
q_5045	doc_5204	1
q_5046	doc_5205	1
q_5047	doc_5206	1
q_5048	doc_5207	1
q_5049	doc_5208	1
q_5050	doc_5209	1
q_5051	doc_5210	1
q_5052	doc_5211	1
q_5053	doc_5212	1
q_5054	doc_5213	1
q_5055	doc_5214	1
q_5056	doc_5215	1
q_5057	doc_5216	1
q_5058	doc_5217	1
q_5059	doc_5218	1
q_5060	doc_5219	1
q_5061	doc_5220	1
q_5062	doc_5221	1
q_5063	doc_5222	1
q_5064	doc_5223	1
q_5065	doc_5224	1
q_5066	doc_5225	1
q_5067	doc_5226	1
q_5068	doc_5227	1
q_5069	doc_5228	1
q_5070	doc_5230	1
q_5071	doc_5231	1
q_5072	doc_5232	1
q_5073	doc_5233	1
q_5074	doc_5234	1
q_5075	doc_5235	1
q_5076	doc_5236	1
q_5077	doc_5237	1
q_5078	doc_5238	1
q_5079	doc_5239	1
q_5080	doc_5240	1
q_5081	doc_5241	1
q_5082	doc_5242	1
q_5083	doc_5243	1
q_5084	doc_5244	1
q_5085	doc_5245	1
q_5086	doc_5246	1
q_5087	doc_5247	1
q_5088	doc_5248	1
q_5089	doc_5249	1
q_5090	doc_5250	1
q_5091	doc_5251	1
q_5092	doc_5252	1
q_5093	doc_5253	1
q_5094	doc_5254	1
q_5095	doc_5255	1
q_5096	doc_5256	1
q_5097	doc_5257	1
q_5098	doc_5258	1
q_5099	doc_5259	1
q_5100	doc_5260	1
q_5101	doc_5261	1
q_5102	doc_5262	1
q_5103	doc_5263	1
q_5104	doc_5264	1
q_5105	doc_5265	1
q_5106	doc_5266	1
q_5107	doc_5267	1
q_5108	doc_5268	1
q_5109	doc_5269	1
q_5110	doc_5270	1
q_5111	doc_5271	1
q_5112	doc_5272	1
q_5113	doc_5273	1
q_5114	doc_5274	1
q_5115	doc_5275	1
q_5116	doc_5277	1
q_5117	doc_5278	1
q_5118	doc_5279	1
q_5119	doc_5280	1
q_5120	doc_5281	1
q_5121	doc_5282	1
q_5122	doc_5283	1
q_5123	doc_5284	1
q_5124	doc_5285	1
q_5125	doc_5286	1
q_5126	doc_5287	1
q_5127	doc_5288	1
q_5128	doc_5289	1
q_5129	doc_5290	1
q_5130	doc_5291	1
q_5131	doc_5292	1
q_5132	doc_5293	1
q_5133	doc_5294	1
q_5134	doc_5295	1
q_5135	doc_5296	1
q_5136	doc_5297	1
q_5137	doc_5298	1
q_5138	doc_5299	1
q_5139	doc_5300	1
q_5140	doc_5301	1
q_5141	doc_5302	1
q_5142	doc_5303	1
q_5143	doc_5304	1
q_5144	doc_5305	1
q_5145	doc_5306	1
q_5146	doc_5307	1
q_5147	doc_5309	1
q_5148	doc_5310	1
q_5149	doc_5311	1
q_5150	doc_5312	1
q_5151	doc_5313	1
q_5152	doc_5314	1
q_5153	doc_5315	1
q_5154	doc_5317	1
q_5155	doc_5318	1
q_5156	doc_5319	1
q_5157	doc_5320	1
q_5158	doc_5321	1
q_5159	doc_5322	1
q_5160	doc_5323	1
q_5161	doc_5324	1
q_5162	doc_5325	1
q_5163	doc_5326	1
q_5164	doc_5327	1
q_5165	doc_5328	1
q_5166	doc_5329	1
q_5167	doc_5330	1
q_5168	doc_5331	1
q_5169	doc_5332	1
q_5170	doc_5333	1
q_5171	doc_5334	1
q_5172	doc_5335	1
q_5173	doc_5336	1
q_5174	doc_5337	1
q_5175	doc_5338	1
q_5176	doc_5339	1
q_5177	doc_5340	1
q_5178	doc_5341	1
q_5179	doc_5342	1
q_5180	doc_5343	1
q_5181	doc_5344	1
q_5182	doc_5345	1
q_5183	doc_5346	1
q_5184	doc_5347	1
q_5185	doc_5348	1
q_5186	doc_5349	1
q_5187	doc_5350	1
q_5188	doc_5351	1
q_5189	doc_5352	1
q_5190	doc_5353	1
q_5191	doc_5354	1
q_5192	doc_5355	1
q_5193	doc_5356	1
q_5194	doc_5357	1
q_5195	doc_5358	1
q_5196	doc_5359	1
q_5197	doc_5360	1
q_5198	doc_5361	1
q_5199	doc_5362	1
q_5200	doc_5363	1
q_5201	doc_5364	1
q_5202	doc_5365	1
q_5203	doc_5366	1
q_5204	doc_5367	1
q_5205	doc_5368	1
q_5206	doc_5369	1
q_5207	doc_5370	1
q_5208	doc_5371	1
q_5209	doc_5372	1
q_5210	doc_5375	1
q_5211	doc_5376	1
q_5212	doc_5377	1
q_5213	doc_5378	1
q_5214	doc_5379	1
q_5215	doc_5380	1
q_5216	doc_5381	1
q_5217	doc_5382	1
q_5218	doc_5383	1
q_5219	doc_5384	1
q_5220	doc_5385	1
q_5221	doc_5386	1
q_5222	doc_5387	1
q_5223	doc_5388	1
q_5224	doc_5389	1
q_5225	doc_5390	1
q_5226	doc_5391	1
q_5227	doc_5392	1
q_5228	doc_5393	1
q_5229	doc_5394	1
q_5230	doc_5395	1
q_5231	doc_5396	1
q_5232	doc_5397	1
q_5233	doc_5398	1
q_5234	doc_5399	1
q_5235	doc_5400	1
q_5236	doc_5401	1
q_5237	doc_5402	1
q_5238	doc_5403	1
q_5239	doc_5404	1
q_5240	doc_5405	1
q_5241	doc_5406	1
q_5242	doc_5407	1
q_5243	doc_5408	1
q_5244	doc_5409	1
q_5245	doc_5410	1
q_5246	doc_5411	1
q_5247	doc_5412	1
q_5248	doc_5413	1
q_5249	doc_5414	1
q_5250	doc_5415	1
q_5251	doc_5416	1
q_5252	doc_5417	1
q_5253	doc_5418	1
q_5254	doc_5419	1
q_5255	doc_5420	1
q_5256	doc_5421	1
q_5257	doc_5422	1
q_5258	doc_5423	1
q_5259	doc_5424	1
q_5260	doc_5425	1
q_5261	doc_5426	1
q_5262	doc_5427	1
q_5263	doc_5428	1
q_5264	doc_5429	1
q_5265	doc_5430	1
q_5266	doc_5431	1
q_5267	doc_5432	1
q_5268	doc_5433	1
q_5269	doc_5434	1
q_5270	doc_5435	1
q_5271	doc_5436	1
q_5272	doc_5437	1
q_5273	doc_5438	1
q_5274	doc_5439	1
q_5275	doc_5440	1
q_5276	doc_5441	1
q_5277	doc_5442	1
q_5278	doc_5443	1
q_5279	doc_5444	1
q_5280	doc_5445	1
q_5281	doc_5446	1
q_5282	doc_5447	1
q_5283	doc_5448	1
q_5284	doc_5449	1
q_5285	doc_5451	1
q_5286	doc_5452	1
q_5287	doc_5453	1
q_5288	doc_5454	1
q_5289	doc_5455	1
q_5290	doc_5456	1
q_5291	doc_5457	1
q_5292	doc_5458	1
q_5293	doc_5459	1
q_5294	doc_5460	1
q_5295	doc_5461	1
q_5296	doc_5462	1
q_5297	doc_5463	1
q_5298	doc_5464	1
q_5299	doc_5466	1
q_5300	doc_5467	1
q_5301	doc_5468	1
q_5302	doc_5469	1
q_5303	doc_5470	1
q_5304	doc_5471	1
q_5305	doc_5472	1
q_5306	doc_5473	1
q_5307	doc_5474	1
q_5308	doc_5475	1
q_5309	doc_5476	1
q_5310	doc_5477	1
q_5311	doc_5478	1
q_5312	doc_5479	1
q_5313	doc_5480	1
q_5314	doc_5481	1
q_5315	doc_5482	1
q_5316	doc_5483	1
q_5317	doc_5484	1
q_5318	doc_5485	1
q_5319	doc_5486	1
q_5320	doc_5489	1
q_5321	doc_5490	1
q_5322	doc_5491	1
q_5323	doc_5492	1
q_5324	doc_5493	1
q_5325	doc_5494	1
q_5326	doc_5495	1
q_5327	doc_5496	1
q_5328	doc_5497	1
q_5329	doc_5498	1
q_5330	doc_5499	1
q_5331	doc_5500	1
q_5332	doc_5501	1
q_5333	doc_5502	1
q_5334	doc_5503	1
q_5335	doc_5504	1
q_5336	doc_5505	1
q_5337	doc_5506	1
q_5338	doc_5507	1
q_5339	doc_5508	1
q_5340	doc_5509	1
q_5341	doc_5510	1
q_5342	doc_5511	1
q_5343	doc_5512	1
q_5344	doc_5513	1
q_5345	doc_5514	1
q_5346	doc_5515	1
q_5347	doc_5516	1
q_5348	doc_5517	1
q_5349	doc_5518	1
q_5350	doc_5519	1
q_5351	doc_5520	1
q_5352	doc_5521	1
q_5353	doc_5522	1
q_5354	doc_5523	1
q_5355	doc_5524	1
q_5356	doc_5525	1
q_5357	doc_5526	1
q_5358	doc_5527	1
q_5359	doc_5528	1
q_5360	doc_5529	1
q_5361	doc_5530	1
q_5362	doc_5531	1
q_5363	doc_5532	1
q_5364	doc_5533	1
q_5365	doc_5535	1
q_5366	doc_5536	1
q_5367	doc_5537	1
q_5368	doc_5538	1
q_5369	doc_5539	1
q_5370	doc_5540	1
q_5371	doc_5541	1
q_5372	doc_5542	1
q_5373	doc_5543	1
q_5374	doc_5544	1
q_5375	doc_5545	1
q_5376	doc_5546	1
q_5377	doc_5548	1
q_5378	doc_5549	1
q_5379	doc_5550	1
q_5380	doc_5551	1
q_5381	doc_5552	1
q_5382	doc_5553	1
q_5383	doc_5554	1
q_5384	doc_5555	1
q_5385	doc_5556	1
q_5386	doc_5557	1
q_5387	doc_5558	1
q_5388	doc_5559	1
q_5389	doc_5560	1
q_5390	doc_5561	1
q_5391	doc_5562	1
q_5392	doc_5563	1
q_5393	doc_5564	1
q_5394	doc_5565	1
q_5395	doc_5566	1
q_5396	doc_5567	1
q_5397	doc_5568	1
q_5398	doc_5569	1
q_5399	doc_5570	1
q_5400	doc_5571	1
q_5401	doc_5573	1
q_5402	doc_5574	1
q_5403	doc_5575	1
q_5404	doc_5576	1
q_5405	doc_5577	1
q_5406	doc_5578	1
q_5407	doc_5579	1
q_5408	doc_5580	1
q_5409	doc_5581	1
q_5410	doc_5582	1
q_5411	doc_5583	1
q_5412	doc_5584	1
q_5413	doc_5586	1
q_5414	doc_5587	1
q_5415	doc_5588	1
q_5416	doc_5589	1
q_5417	doc_5590	1
q_5418	doc_5592	1
q_5419	doc_5593	1
q_5420	doc_5594	1
q_5421	doc_5595	1
q_5422	doc_5596	1
q_5423	doc_5597	1
q_5424	doc_5598	1
q_5425	doc_5599	1
q_5426	doc_5600	1
q_5427	doc_5601	1
q_5428	doc_5602	1
q_5429	doc_5603	1
q_5430	doc_5604	1
q_5431	doc_5605	1
q_5432	doc_5606	1
q_5433	doc_5607	1
q_5434	doc_5608	1
q_5435	doc_5609	1
q_5436	doc_5610	1
q_5437	doc_5611	1
q_5438	doc_5612	1
q_5439	doc_5613	1
q_5440	doc_5614	1
q_5441	doc_5615	1
q_5442	doc_5616	1
q_5443	doc_5617	1
q_5444	doc_5618	1
q_5445	doc_5619	1
q_5446	doc_5620	1
q_5447	doc_5621	1
q_5448	doc_5622	1
q_5449	doc_5623	1
q_5450	doc_5624	1
q_5451	doc_5625	1
q_5452	doc_5626	1
q_5453	doc_5627	1
q_5454	doc_5628	1
q_5455	doc_5629	1
q_5456	doc_5630	1
q_5457	doc_5631	1
q_5458	doc_5632	1
q_5459	doc_5633	1
q_5460	doc_5635	1
q_5461	doc_5636	1
q_5462	doc_5637	1
q_5463	doc_5638	1
q_5464	doc_5639	1
q_5465	doc_5640	1
q_5466	doc_5641	1
q_5467	doc_5642	1
q_5468	doc_5643	1
q_5469	doc_5644	1
q_5470	doc_5645	1
q_5471	doc_5646	1
q_5472	doc_5647	1
q_5473	doc_5648	1
q_5474	doc_5649	1
q_5475	doc_5650	1
q_5476	doc_5651	1
q_5477	doc_5652	1
q_5478	doc_5653	1
q_5479	doc_5654	1
q_5480	doc_5655	1
q_5481	doc_5656	1
q_5482	doc_5657	1
q_5483	doc_5658	1
q_5484	doc_5659	1
q_5485	doc_5660	1
q_5486	doc_5661	1
q_5487	doc_5662	1
q_5488	doc_5663	1
q_5489	doc_5664	1
q_5490	doc_5665	1
q_5491	doc_5667	1
q_5492	doc_5668	1
q_5493	doc_5669	1
q_5494	doc_5670	1
q_5495	doc_5671	1
q_5496	doc_5672	1
q_5497	doc_5673	1
q_5498	doc_5675	1
q_5499	doc_5676	1
q_5500	doc_5677	1
q_5501	doc_5678	1
q_5502	doc_5679	1
q_5503	doc_5680	1
q_5504	doc_5681	1
q_5505	doc_5682	1
q_5506	doc_5683	1
q_5507	doc_5684	1
q_5508	doc_5685	1
q_5509	doc_5686	1
q_5510	doc_5687	1
q_5511	doc_5688	1
q_5512	doc_5690	1
q_5513	doc_5691	1
q_5514	doc_5692	1
q_5515	doc_5693	1
q_5516	doc_5694	1
q_5517	doc_5695	1
q_5518	doc_5696	1
q_5519	doc_5697	1
q_5520	doc_5698	1
q_5521	doc_5699	1
q_5522	doc_5700	1
q_5523	doc_5701	1
q_5524	doc_5702	1
q_5525	doc_5703	1
q_5526	doc_5704	1
q_5527	doc_5705	1
q_5528	doc_5706	1
q_5529	doc_5707	1
q_5530	doc_5708	1
q_5531	doc_5709	1
q_5532	doc_5711	1
q_5533	doc_5712	1
q_5534	doc_5713	1
q_5535	doc_5714	1
q_5536	doc_5715	1
q_5537	doc_5716	1
q_5538	doc_5717	1
q_5539	doc_5718	1
q_5540	doc_5719	1
q_5541	doc_5720	1
q_5542	doc_5721	1
q_5543	doc_5722	1
q_5544	doc_5724	1
q_5545	doc_5725	1
q_5546	doc_5726	1
q_5547	doc_5727	1
q_5548	doc_5728	1
q_5549	doc_5729	1
q_5550	doc_5730	1
q_5551	doc_5731	1
q_5552	doc_5732	1
q_5553	doc_5733	1
q_5554	doc_5734	1
q_5555	doc_5735	1
q_5556	doc_5736	1
q_5557	doc_5737	1
q_5558	doc_5738	1
q_5559	doc_5739	1
q_5560	doc_5741	1
q_5561	doc_5742	1
q_5562	doc_5743	1
q_5563	doc_5744	1
q_5564	doc_5745	1
q_5565	doc_5746	1
q_5566	doc_5747	1
q_5567	doc_5748	1
q_5568	doc_5749	1
q_5569	doc_5750	1
q_5570	doc_5751	1
q_5571	doc_5752	1
q_5572	doc_5753	1
q_5573	doc_5754	1
q_5574	doc_5755	1
q_5575	doc_5756	1
q_5576	doc_5757	1
q_5577	doc_5758	1
q_5578	doc_5759	1
q_5579	doc_5760	1
q_5580	doc_5761	1
q_5581	doc_5762	1
q_5582	doc_5764	1
q_5583	doc_5766	1
q_5584	doc_5767	1
q_5585	doc_5768	1
q_5586	doc_5769	1
q_5587	doc_5770	1
q_5588	doc_5771	1
q_5589	doc_5772	1
q_5590	doc_5773	1
q_5591	doc_5774	1
q_5592	doc_5775	1
q_5593	doc_5776	1
q_5594	doc_5777	1
q_5595	doc_5778	1
q_5596	doc_5780	1
q_5597	doc_5781	1
q_5598	doc_5782	1
q_5599	doc_5783	1
q_5600	doc_5784	1
q_5601	doc_5785	1
q_5602	doc_5786	1
q_5603	doc_5787	1
q_5604	doc_5788	1
q_5605	doc_5789	1
q_5606	doc_5790	1
q_5607	doc_5791	1
q_5608	doc_5792	1
q_5609	doc_5793	1
q_5610	doc_5794	1
q_5611	doc_5795	1
q_5612	doc_5796	1
q_5613	doc_5797	1
q_5614	doc_5798	1
q_5615	doc_5799	1
q_5616	doc_5800	1
q_5617	doc_5801	1
q_5618	doc_5803	1
q_5619	doc_5804	1
q_5620	doc_5805	1
q_5621	doc_5806	1
q_5622	doc_5807	1
q_5623	doc_5808	1
q_5624	doc_5809	1
q_5625	doc_5810	1
q_5626	doc_5811	1
q_5627	doc_5812	1
q_5628	doc_5813	1
q_5629	doc_5814	1
q_5630	doc_5816	1
q_5631	doc_5817	1
q_5632	doc_5818	1
q_5633	doc_5819	1
q_5634	doc_5820	1
q_5635	doc_5821	1
q_5636	doc_5822	1
q_5637	doc_5824	1
q_5638	doc_5825	1
q_5639	doc_5826	1
q_5640	doc_5827	1
q_5641	doc_5828	1
q_5642	doc_5829	1
q_5643	doc_5830	1
q_5644	doc_5831	1
q_5645	doc_5832	1
q_5646	doc_5833	1
q_5647	doc_5834	1
q_5648	doc_5835	1
q_5649	doc_5836	1
q_5650	doc_5837	1
q_5651	doc_5838	1
q_5652	doc_5839	1
q_5653	doc_5840	1
q_5654	doc_5841	1
q_5655	doc_5842	1
q_5656	doc_5843	1
q_5657	doc_5844	1
q_5658	doc_5845	1
q_5659	doc_5846	1
q_5660	doc_5847	1
q_5661	doc_5848	1
q_5662	doc_5849	1
q_5663	doc_5850	1
q_5664	doc_5851	1
q_5665	doc_5852	1
q_5666	doc_5853	1
q_5667	doc_5854	1
q_5668	doc_5855	1
q_5669	doc_5856	1
q_5670	doc_5857	1
q_5671	doc_5858	1
q_5672	doc_5859	1
q_5673	doc_5860	1
q_5674	doc_5861	1
q_5675	doc_5862	1
q_5676	doc_5863	1
q_5677	doc_5864	1
q_5678	doc_5865	1
q_5679	doc_5866	1
q_5680	doc_5867	1
q_5681	doc_5868	1
q_5682	doc_5869	1
q_5683	doc_5870	1
q_5684	doc_5871	1
q_5685	doc_5872	1
q_5686	doc_5873	1
q_5687	doc_5874	1
q_5688	doc_5875	1
q_5689	doc_5876	1
q_5690	doc_5877	1
q_5691	doc_5879	1
q_5692	doc_5880	1
q_5693	doc_5881	1
q_5694	doc_5882	1
q_5695	doc_5883	1
q_5696	doc_5884	1
q_5697	doc_5885	1
q_5698	doc_5886	1
q_5699	doc_5887	1
q_5700	doc_5888	1
q_5701	doc_5889	1
q_5702	doc_5890	1
q_5703	doc_5891	1
q_5704	doc_5892	1
q_5705	doc_5893	1
q_5706	doc_5894	1
q_5707	doc_5895	1
q_5708	doc_5896	1
q_5709	doc_5897	1
q_5710	doc_5899	1
q_5711	doc_5900	1
q_5712	doc_5901	1
q_5713	doc_5902	1
q_5714	doc_5903	1
q_5715	doc_5904	1
q_5716	doc_5905	1
q_5717	doc_5906	1
q_5718	doc_5907	1
q_5719	doc_5909	1
q_5720	doc_5910	1
q_5721	doc_5911	1
q_5722	doc_5912	1
q_5723	doc_5913	1
q_5724	doc_5914	1
q_5725	doc_5915	1
q_5726	doc_5916	1
q_5727	doc_5917	1
q_5728	doc_5918	1
q_5729	doc_5919	1
q_5730	doc_5920	1
q_5731	doc_5921	1
q_5732	doc_5922	1
q_5733	doc_5923	1
q_5734	doc_5924	1
q_5735	doc_5925	1
q_5736	doc_5926	1
q_5737	doc_5927	1
q_5738	doc_5928	1
q_5739	doc_5929	1
q_5740	doc_5930	1
q_5741	doc_5931	1
q_5742	doc_5932	1
q_5743	doc_5933	1
q_5744	doc_5934	1
q_5745	doc_5935	1
q_5746	doc_5936	1
q_5747	doc_5937	1
q_5748	doc_5938	1
q_5749	doc_5939	1
q_5750	doc_5940	1
q_5751	doc_5941	1
q_5752	doc_5943	1
q_5753	doc_5944	1
q_5754	doc_5945	1
q_5755	doc_5946	1
q_5756	doc_5947	1
q_5757	doc_5948	1
q_5758	doc_5949	1
q_5759	doc_5950	1
q_5760	doc_5951	1
q_5761	doc_5952	1
q_5762	doc_5953	1
q_5763	doc_5954	1
q_5764	doc_5955	1
q_5765	doc_5956	1
q_5766	doc_5957	1
q_5767	doc_5958	1
q_5768	doc_5959	1
q_5769	doc_5960	1
q_5770	doc_5961	1
q_5771	doc_5962	1
q_5772	doc_5963	1
q_5773	doc_5964	1
q_5774	doc_5965	1
q_5775	doc_5966	1
q_5776	doc_5967	1
q_5777	doc_5968	1
q_5778	doc_5969	1
q_5779	doc_5970	1
q_5780	doc_5971	1
q_5781	doc_5972	1
q_5782	doc_5973	1
q_5783	doc_5974	1
q_5784	doc_5975	1
q_5785	doc_5976	1
q_5786	doc_5977	1
q_5787	doc_5978	1
q_5788	doc_5979	1
q_5789	doc_5980	1
q_5790	doc_5981	1
q_5791	doc_5982	1
q_5792	doc_5983	1
q_5793	doc_5984	1
q_5794	doc_5985	1
q_5795	doc_5986	1
q_5796	doc_5987	1
q_5797	doc_5988	1
q_5798	doc_5989	1
q_5799	doc_5990	1
q_5800	doc_5991	1
q_5801	doc_5992	1
q_5802	doc_5993	1
q_5803	doc_5994	1
q_5804	doc_5995	1
q_5805	doc_5996	1
q_5806	doc_5997	1
q_5807	doc_5998	1
q_5808	doc_5999	1
q_5809	doc_6000	1
q_5810	doc_6001	1
q_5811	doc_6002	1
q_5812	doc_6003	1
q_5813	doc_6004	1
q_5814	doc_6005	1
q_5815	doc_6006	1
q_5816	doc_6007	1
q_5817	doc_6008	1
q_5818	doc_6009	1
q_5819	doc_6010	1
q_5820	doc_6011	1
q_5821	doc_6012	1
q_5822	doc_6013	1
q_5823	doc_6014	1
q_5824	doc_6015	1
q_5825	doc_6016	1
q_5826	doc_6018	1
q_5827	doc_6019	1
q_5828	doc_6020	1
q_5829	doc_6021	1
q_5830	doc_6022	1
q_5831	doc_6023	1
q_5832	doc_6024	1
q_5833	doc_6025	1
q_5834	doc_6026	1
q_5835	doc_6027	1
q_5836	doc_6028	1
q_5837	doc_6029	1
q_5838	doc_6030	1
q_5839	doc_6031	1
q_5840	doc_6032	1
q_5841	doc_6033	1
q_5842	doc_6034	1
q_5843	doc_6035	1
q_5844	doc_6036	1
q_5845	doc_6037	1
q_5846	doc_6038	1
q_5847	doc_6039	1
q_5848	doc_6040	1
q_5849	doc_6041	1
q_5850	doc_6042	1
q_5851	doc_6043	1
q_5852	doc_6044	1
q_5853	doc_6045	1
q_5854	doc_6046	1
q_5855	doc_6047	1
q_5856	doc_6048	1
q_5857	doc_6049	1
q_5858	doc_6050	1
q_5859	doc_6052	1
q_5860	doc_6053	1
q_5861	doc_6054	1
q_5862	doc_6055	1
q_5863	doc_6056	1
q_5864	doc_6057	1
q_5865	doc_6058	1
q_5866	doc_6059	1
q_5867	doc_6060	1
q_5868	doc_6061	1
q_5869	doc_6062	1
q_5870	doc_6063	1
q_5871	doc_6064	1
q_5872	doc_6065	1
q_5873	doc_6066	1
q_5874	doc_6067	1
q_5875	doc_6068	1
q_5876	doc_6069	1
q_5877	doc_6070	1
q_5878	doc_6071	1
q_5879	doc_6072	1
q_5880	doc_6073	1
q_5881	doc_6074	1
q_5882	doc_6075	1
q_5883	doc_6076	1
q_5884	doc_6077	1
q_5885	doc_6078	1
q_5886	doc_6079	1
q_5887	doc_6080	1
q_5888	doc_6081	1
q_5889	doc_6082	1
q_5890	doc_6083	1
q_5891	doc_6084	1
q_5892	doc_6085	1
q_5893	doc_6086	1
q_5894	doc_6087	1
q_5895	doc_6088	1
q_5896	doc_6089	1
q_5897	doc_6090	1
q_5898	doc_6091	1
q_5899	doc_6092	1
q_5900	doc_6093	1
q_5901	doc_6094	1
q_5902	doc_6095	1
q_5903	doc_6096	1
q_5904	doc_6097	1
q_5905	doc_6098	1
q_5906	doc_6099	1
q_5907	doc_6100	1
q_5908	doc_6101	1
q_5909	doc_6104	1
q_5910	doc_6105	1
q_5911	doc_6106	1
q_5912	doc_6107	1
q_5913	doc_6108	1
q_5914	doc_6109	1
q_5915	doc_6110	1
q_5916	doc_6111	1
q_5917	doc_6112	1
q_5918	doc_6113	1
q_5919	doc_6114	1
q_5920	doc_6115	1
q_5921	doc_6116	1
q_5922	doc_6117	1
q_5923	doc_6120	1
q_5924	doc_6121	1
q_5925	doc_6122	1
q_5926	doc_6123	1
q_5927	doc_6124	1
q_5928	doc_6125	1
q_5929	doc_6126	1
q_5930	doc_6127	1
q_5931	doc_6128	1
q_5932	doc_6129	1
q_5933	doc_6130	1
q_5934	doc_6131	1
q_5935	doc_6132	1
q_5936	doc_6133	1
q_5937	doc_6134	1
q_5938	doc_6135	1
q_5939	doc_6136	1
q_5940	doc_6137	1
q_5941	doc_6138	1
q_5942	doc_6139	1
q_5943	doc_6140	1
q_5944	doc_6141	1
q_5945	doc_6142	1
q_5946	doc_6143	1
q_5947	doc_6144	1
q_5948	doc_6145	1
q_5949	doc_6146	1
q_5950	doc_6147	1
q_5951	doc_6148	1
q_5952	doc_6149	1
q_5953	doc_6150	1
q_5954	doc_6151	1
q_5955	doc_6152	1
q_5956	doc_6153	1
q_5957	doc_6154	1
q_5958	doc_6155	1
q_5959	doc_6156	1
q_5960	doc_6157	1
q_5961	doc_6158	1
q_5962	doc_6159	1
q_5963	doc_6160	1
q_5964	doc_6161	1
q_5965	doc_6162	1
q_5966	doc_6163	1
q_5967	doc_6164	1
q_5968	doc_6165	1
q_5969	doc_6166	1
q_5970	doc_6167	1
q_5971	doc_6168	1
q_5972	doc_6169	1
q_5973	doc_6170	1
q_5974	doc_6171	1
q_5975	doc_6172	1
q_5976	doc_6173	1
q_5977	doc_6174	1
q_5978	doc_6175	1
q_5979	doc_6176	1
q_5980	doc_6177	1
q_5981	doc_6178	1
q_5982	doc_6179	1
q_5983	doc_6180	1
q_5984	doc_6181	1
q_5985	doc_6182	1
q_5986	doc_6183	1
q_5987	doc_6184	1
q_5988	doc_6185	1
q_5989	doc_6186	1
q_5990	doc_6187	1
q_5991	doc_6188	1
q_5992	doc_6189	1
q_5993	doc_6190	1
q_5994	doc_6191	1
q_5995	doc_6192	1
q_5996	doc_6193	1
q_5997	doc_6194	1
q_5998	doc_6195	1
q_5999	doc_6196	1
q_6000	doc_6197	1
q_6001	doc_6198	1
q_6002	doc_6199	1
q_6003	doc_6200	1
q_6004	doc_6201	1
q_6005	doc_6202	1
q_6006	doc_6203	1
q_6007	doc_6204	1
q_6008	doc_6205	1
q_6009	doc_6206	1
q_6010	doc_6207	1
q_6011	doc_6208	1
q_6012	doc_6209	1
q_6013	doc_6210	1
q_6014	doc_6211	1
q_6015	doc_6212	1
q_6016	doc_6213	1
q_6017	doc_6216	1
q_6018	doc_6217	1
q_6019	doc_6218	1
q_6020	doc_6219	1
q_6021	doc_6220	1
q_6022	doc_6221	1
q_6023	doc_6222	1
q_6024	doc_6223	1
q_6025	doc_6224	1
q_6026	doc_6225	1
q_6027	doc_6226	1
q_6028	doc_6227	1
q_6029	doc_6228	1
q_6030	doc_6229	1
q_6031	doc_6230	1
q_6032	doc_6231	1
q_6033	doc_6232	1
q_6034	doc_6233	1
q_6035	doc_6234	1
q_6036	doc_6235	1
q_6037	doc_6236	1
q_6038	doc_6237	1
q_6039	doc_6238	1
q_6040	doc_6239	1
q_6041	doc_6240	1
q_6042	doc_6241	1
q_6043	doc_6242	1
q_6044	doc_6243	1
q_6045	doc_6244	1
q_6046	doc_6245	1
q_6047	doc_6246	1
q_6048	doc_6247	1
q_6049	doc_6248	1
q_6050	doc_6249	1
q_6051	doc_6251	1
q_6052	doc_6252	1
q_6053	doc_6253	1
q_6054	doc_6254	1
q_6055	doc_6255	1
q_6056	doc_6256	1
q_6057	doc_6257	1
q_6058	doc_6258	1
q_6059	doc_6259	1
q_6060	doc_6260	1
q_6061	doc_6261	1
q_6062	doc_6262	1
q_6063	doc_6263	1
q_6064	doc_6264	1
q_6065	doc_6266	1
q_6066	doc_6267	1
q_6067	doc_6268	1
q_6068	doc_6269	1
q_6069	doc_6270	1
q_6070	doc_6271	1
q_6071	doc_6272	1
q_6072	doc_6273	1
q_6073	doc_6274	1
q_6074	doc_6275	1
q_6075	doc_6276	1
q_6076	doc_6277	1
q_6077	doc_6278	1
q_6078	doc_6279	1
q_6079	doc_6280	1
q_6080	doc_6281	1
q_6081	doc_6282	1
q_6082	doc_6283	1
q_6083	doc_6284	1
q_6084	doc_6285	1
q_6085	doc_6286	1
q_6086	doc_6287	1
q_6087	doc_6288	1
q_6088	doc_6289	1
q_6089	doc_6290	1
q_6090	doc_6291	1
q_6091	doc_6292	1
q_6092	doc_6293	1
q_6093	doc_6294	1
q_6094	doc_6295	1
q_6095	doc_6296	1
q_6096	doc_6297	1
q_6097	doc_6298	1
q_6098	doc_6299	1
q_6099	doc_6301	1
q_6100	doc_6302	1
q_6101	doc_6303	1
q_6102	doc_6304	1
q_6103	doc_6305	1
q_6104	doc_6306	1
q_6105	doc_6307	1
q_6106	doc_6308	1
q_6107	doc_6309	1
q_6108	doc_6310	1
q_6109	doc_6311	1
q_6110	doc_6312	1
q_6111	doc_6313	1
q_6112	doc_6314	1
q_6113	doc_6315	1
q_6114	doc_6316	1
q_6115	doc_6317	1
q_6116	doc_6318	1
q_6117	doc_6319	1
q_6118	doc_6320	1
q_6119	doc_6321	1
q_6120	doc_6322	1
q_6121	doc_6323	1
q_6122	doc_6324	1
q_6123	doc_6326	1
q_6124	doc_6327	1
q_6125	doc_6328	1
q_6126	doc_6329	1
q_6127	doc_6330	1
q_6128	doc_6331	1
q_6129	doc_6332	1
q_6130	doc_6333	1
q_6131	doc_6334	1
q_6132	doc_6335	1
q_6133	doc_6336	1
q_6134	doc_6337	1
q_6135	doc_6338	1
q_6136	doc_6339	1
q_6137	doc_6340	1
q_6138	doc_6341	1
q_6139	doc_6342	1
q_6140	doc_6343	1
q_6141	doc_6344	1
q_6142	doc_6345	1
q_6143	doc_6346	1
q_6144	doc_6347	1
q_6145	doc_6348	1
q_6146	doc_6349	1
q_6147	doc_6350	1
q_6148	doc_6351	1
q_6149	doc_6352	1
q_6150	doc_6353	1
q_6151	doc_6354	1
q_6152	doc_6355	1
q_6153	doc_6356	1
q_6154	doc_6357	1
q_6155	doc_6358	1
q_6156	doc_6359	1
q_6157	doc_6360	1
q_6158	doc_6361	1
q_6159	doc_6362	1
q_6160	doc_6363	1
q_6161	doc_6364	1
q_6162	doc_6365	1
q_6163	doc_6366	1
q_6164	doc_6367	1
q_6165	doc_6368	1
q_6166	doc_6369	1
q_6167	doc_6370	1
q_6168	doc_6371	1
q_6169	doc_6372	1
q_6170	doc_6373	1
q_6171	doc_6374	1
q_6172	doc_6375	1
q_6173	doc_6376	1
q_6174	doc_6377	1
q_6175	doc_6378	1
q_6176	doc_6379	1
q_6177	doc_6380	1
q_6178	doc_6381	1
q_6179	doc_6382	1
q_6180	doc_6383	1
q_6181	doc_6384	1
q_6182	doc_6385	1
q_6183	doc_6386	1
q_6184	doc_6387	1
q_6185	doc_6388	1
q_6186	doc_6389	1
q_6187	doc_6390	1
q_6188	doc_6391	1
q_6189	doc_6392	1
q_6190	doc_6393	1
q_6191	doc_6394	1
q_6192	doc_6395	1
q_6193	doc_6396	1
q_6194	doc_6397	1
q_6195	doc_6398	1
q_6196	doc_6399	1
q_6197	doc_6400	1
q_6198	doc_6401	1
q_6199	doc_6402	1
q_6200	doc_6403	1
q_6201	doc_6404	1
q_6202	doc_6405	1
q_6203	doc_6406	1
q_6204	doc_6407	1
q_6205	doc_6408	1
q_6206	doc_6409	1
q_6207	doc_6410	1
q_6208	doc_6411	1
q_6209	doc_6412	1
q_6210	doc_6413	1
q_6211	doc_6414	1
q_6212	doc_6415	1
q_6213	doc_6416	1
q_6214	doc_6417	1
q_6215	doc_6418	1
q_6216	doc_6419	1
q_6217	doc_6420	1
q_6218	doc_6421	1
q_6219	doc_6422	1
q_6220	doc_6423	1
q_6221	doc_6424	1
q_6222	doc_6425	1
q_6223	doc_6426	1
q_6224	doc_6427	1
q_6225	doc_6428	1
q_6226	doc_6429	1
q_6227	doc_6430	1
q_6228	doc_6431	1
q_6229	doc_6432	1
q_6230	doc_6433	1
q_6231	doc_6434	1
q_6232	doc_6435	1
q_6233	doc_6436	1
q_6234	doc_6437	1
q_6235	doc_6438	1
q_6236	doc_6439	1
q_6237	doc_6440	1
q_6238	doc_6441	1
q_6239	doc_6442	1
q_6240	doc_6443	1
q_6241	doc_6444	1
q_6242	doc_6445	1
q_6243	doc_6446	1
q_6244	doc_6447	1
q_6245	doc_6448	1
q_6246	doc_6449	1
q_6247	doc_6450	1
q_6248	doc_6451	1
q_6249	doc_6452	1
q_6250	doc_6453	1
q_6251	doc_6454	1
q_6252	doc_6455	1
q_6253	doc_6456	1
q_6254	doc_6457	1
q_6255	doc_6458	1
q_6256	doc_6459	1
q_6257	doc_6460	1
q_6258	doc_6461	1
q_6259	doc_6462	1
q_6260	doc_6463	1
q_6261	doc_6464	1
q_6262	doc_6465	1
q_6263	doc_6466	1
q_6264	doc_6467	1
q_6265	doc_6468	1
q_6266	doc_6469	1
q_6267	doc_6470	1
q_6268	doc_6471	1
q_6269	doc_6472	1
q_6270	doc_6473	1
q_6271	doc_6474	1
q_6272	doc_6475	1
q_6273	doc_6476	1
q_6274	doc_6477	1
q_6275	doc_6478	1
q_6276	doc_6479	1
q_6277	doc_6480	1
q_6278	doc_6481	1
q_6279	doc_6482	1
q_6280	doc_6483	1
q_6281	doc_6484	1
q_6282	doc_6485	1
q_6283	doc_6486	1
q_6284	doc_6487	1
q_6285	doc_6488	1
q_6286	doc_6489	1
q_6287	doc_6490	1
q_6288	doc_6491	1
q_6289	doc_6492	1
q_6290	doc_6493	1
q_6291	doc_6494	1
q_6292	doc_6495	1
q_6293	doc_6496	1
q_6294	doc_6497	1
q_6295	doc_6498	1
q_6296	doc_6499	1
q_6297	doc_6500	1
q_6298	doc_6501	1
q_6299	doc_6502	1
q_6300	doc_6503	1
q_6301	doc_6504	1
q_6302	doc_6505	1
q_6303	doc_6506	1
q_6304	doc_6507	1
q_6305	doc_6508	1
q_6306	doc_6509	1
q_6307	doc_6510	1
q_6308	doc_6511	1
q_6309	doc_6512	1
q_6310	doc_6513	1
q_6311	doc_6514	1
q_6312	doc_6515	1
q_6313	doc_6516	1
q_6314	doc_6517	1
q_6315	doc_6518	1
q_6316	doc_6519	1
q_6317	doc_6520	1
q_6318	doc_6521	1
q_6319	doc_6522	1
q_6320	doc_6523	1
q_6321	doc_6524	1
q_6322	doc_6525	1
q_6323	doc_6526	1
q_6324	doc_6527	1
q_6325	doc_6528	1
q_6326	doc_6529	1
q_6327	doc_6530	1
q_6328	doc_6531	1
q_6329	doc_6532	1
q_6330	doc_6533	1
q_6331	doc_6534	1
q_6332	doc_6535	1
q_6333	doc_6536	1
q_6334	doc_6537	1
q_6335	doc_6538	1
q_6336	doc_6539	1
q_6337	doc_6540	1
q_6338	doc_6541	1
q_6339	doc_6542	1
q_6340	doc_6543	1
q_6341	doc_6544	1
q_6342	doc_6545	1
q_6343	doc_6546	1
q_6344	doc_6547	1
q_6345	doc_6548	1
q_6346	doc_6549	1
q_6347	doc_6550	1
q_6348	doc_6551	1
q_6349	doc_6552	1
q_6350	doc_6553	1
q_6351	doc_6554	1
q_6352	doc_6555	1
q_6353	doc_6556	1
q_6354	doc_6557	1
q_6355	doc_6558	1
q_6356	doc_6559	1
q_6357	doc_6560	1
q_6358	doc_6561	1
q_6359	doc_6562	1
q_6360	doc_6563	1
q_6361	doc_6564	1
q_6362	doc_6565	1
q_6363	doc_6566	1
q_6364	doc_6567	1
q_6365	doc_6569	1
q_6366	doc_6570	1
q_6367	doc_6571	1
q_6368	doc_6572	1
q_6369	doc_6573	1
q_6370	doc_6574	1
q_6371	doc_6575	1
q_6372	doc_6576	1
q_6373	doc_6577	1
q_6374	doc_6578	1
q_6375	doc_6579	1
q_6376	doc_6581	1
q_6377	doc_6582	1
q_6378	doc_6583	1
q_6379	doc_6584	1
q_6380	doc_6585	1
q_6381	doc_6586	1
q_6382	doc_6587	1
q_6383	doc_6589	1
q_6384	doc_6590	1
q_6385	doc_6591	1
q_6386	doc_6592	1
q_6387	doc_6593	1
q_6388	doc_6594	1
q_6389	doc_6595	1
q_6390	doc_6597	1
q_6391	doc_6598	1
q_6392	doc_6599	1
q_6393	doc_6600	1
q_6394	doc_6601	1
q_6395	doc_6602	1
q_6396	doc_6603	1
q_6397	doc_6605	1
q_6398	doc_6606	1
q_6399	doc_6607	1
q_6400	doc_6608	1
q_6401	doc_6609	1
q_6402	doc_6610	1
q_6403	doc_6611	1
q_6404	doc_6613	1
q_6405	doc_6614	1
q_6406	doc_6615	1
q_6407	doc_6616	1
q_6408	doc_6617	1
q_6409	doc_6618	1
q_6410	doc_6619	1
q_6411	doc_6621	1
q_6412	doc_6622	1
q_6413	doc_6623	1
q_6414	doc_6624	1
q_6415	doc_6625	1
q_6416	doc_6626	1
q_6417	doc_6627	1
q_6418	doc_6629	1
q_6419	doc_6630	1
q_6420	doc_6631	1
q_6421	doc_6632	1
q_6422	doc_6633	1
q_6423	doc_6634	1
q_6424	doc_6635	1
q_6425	doc_6637	1
q_6426	doc_6638	1
q_6427	doc_6639	1
q_6428	doc_6640	1
q_6429	doc_6641	1
q_6430	doc_6642	1
q_6431	doc_6643	1
q_6432	doc_6645	1
q_6433	doc_6646	1
q_6434	doc_6647	1
q_6435	doc_6648	1
q_6436	doc_6649	1
q_6437	doc_6650	1
q_6438	doc_6651	1
q_6439	doc_6653	1
q_6440	doc_6654	1
q_6441	doc_6655	1
q_6442	doc_6656	1
q_6443	doc_6657	1
q_6444	doc_6658	1
q_6445	doc_6659	1
q_6446	doc_6661	1
q_6447	doc_6662	1
q_6448	doc_6663	1
q_6449	doc_6664	1
q_6450	doc_6665	1
q_6451	doc_6666	1
q_6452	doc_6667	1
q_6453	doc_6669	1
q_6454	doc_6670	1
q_6455	doc_6671	1
q_6456	doc_6672	1
q_6457	doc_6673	1
q_6458	doc_6674	1
q_6459	doc_6675	1
q_6460	doc_6677	1
q_6461	doc_6678	1
q_6462	doc_6679	1
q_6463	doc_6680	1
q_6464	doc_6681	1
q_6465	doc_6682	1
q_6466	doc_6683	1
q_6467	doc_6685	1
q_6468	doc_6686	1
q_6469	doc_6687	1
q_6470	doc_6688	1
q_6471	doc_6689	1
q_6472	doc_6690	1
q_6473	doc_6691	1
q_6474	doc_6692	1
q_6475	doc_6693	1
q_6476	doc_6695	1
q_6477	doc_6696	1
q_6478	doc_6697	1
q_6479	doc_6698	1
q_6480	doc_6699	1
q_6481	doc_6700	1
q_6482	doc_6701	1
q_6483	doc_6702	1
q_6484	doc_6703	1
q_6485	doc_6704	1
q_6486	doc_6705	1
q_6487	doc_6706	1
q_6488	doc_6708	1
q_6489	doc_6709	1
q_6490	doc_6710	1
q_6491	doc_6711	1
q_6492	doc_6712	1
q_6493	doc_6713	1
q_6494	doc_6714	1
q_6495	doc_6716	1
q_6496	doc_6717	1
q_6497	doc_6718	1
q_6498	doc_6719	1
q_6499	doc_6720	1
q_6500	doc_6721	1
q_6501	doc_6722	1
q_6502	doc_6724	1
q_6503	doc_6725	1
q_6504	doc_6726	1
q_6505	doc_6727	1
q_6506	doc_6728	1
q_6507	doc_6729	1
q_6508	doc_6730	1
q_6509	doc_6732	1
q_6510	doc_6733	1
q_6511	doc_6734	1
q_6512	doc_6735	1
q_6513	doc_6736	1
q_6514	doc_6737	1
q_6515	doc_6738	1
q_6516	doc_6740	1
q_6517	doc_6741	1
q_6518	doc_6742	1
q_6519	doc_6743	1
q_6520	doc_6744	1
q_6521	doc_6745	1
q_6522	doc_6746	1
q_6523	doc_6748	1
q_6524	doc_6749	1
q_6525	doc_6750	1
q_6526	doc_6753	1
q_6527	doc_6754	1
q_6528	doc_6756	1
q_6529	doc_6757	1
q_6530	doc_6758	1
q_6531	doc_6759	1
q_6532	doc_6760	1
q_6533	doc_6761	1
q_6534	doc_6762	1
q_6535	doc_6763	1
q_6536	doc_6764	1
q_6537	doc_6765	1
q_6538	doc_6766	1
q_6539	doc_6767	1
q_6540	doc_6769	1
q_6541	doc_6770	1
q_6542	doc_6771	1
q_6543	doc_6772	1
q_6544	doc_6773	1
q_6545	doc_6774	1
q_6546	doc_6775	1
q_6547	doc_6777	1
q_6548	doc_6778	1
q_6549	doc_6779	1
q_6550	doc_6780	1
q_6551	doc_6781	1
q_6552	doc_6782	1
q_6553	doc_6783	1
q_6554	doc_6785	1
q_6555	doc_6786	1
q_6556	doc_6787	1
q_6557	doc_6788	1
q_6558	doc_6789	1
q_6559	doc_6790	1
q_6560	doc_6791	1
q_6561	doc_6793	1
q_6562	doc_6794	1
q_6563	doc_6795	1
q_6564	doc_6796	1
q_6565	doc_6797	1
q_6566	doc_6798	1
q_6567	doc_6799	1
q_6568	doc_6801	1
q_6569	doc_6802	1
q_6570	doc_6803	1
q_6571	doc_6804	1
q_6572	doc_6805	1
q_6573	doc_6806	1
q_6574	doc_6807	1
q_6575	doc_6809	1
q_6576	doc_6810	1
q_6577	doc_6811	1
q_6578	doc_6812	1
q_6579	doc_6813	1
q_6580	doc_6814	1
q_6581	doc_6815	1
q_6582	doc_6817	1
q_6583	doc_6818	1
q_6584	doc_6819	1
q_6585	doc_6820	1
q_6586	doc_6821	1
q_6587	doc_6822	1
q_6588	doc_6823	1
q_6589	doc_6825	1
q_6590	doc_6826	1
q_6591	doc_6827	1
q_6592	doc_6828	1
q_6593	doc_6829	1
q_6594	doc_6830	1
q_6595	doc_6831	1
q_6596	doc_6833	1
q_6597	doc_6834	1
q_6598	doc_6835	1
q_6599	doc_6836	1
q_6600	doc_6837	1
q_6601	doc_6838	1
q_6602	doc_6839	1
q_6603	doc_6841	1
q_6604	doc_6842	1
q_6605	doc_6843	1
q_6606	doc_6844	1
q_6607	doc_6845	1
q_6608	doc_6846	1
q_6609	doc_6847	1
q_6610	doc_6849	1
q_6611	doc_6850	1
q_6612	doc_6851	1
q_6613	doc_6852	1
q_6614	doc_6853	1
q_6615	doc_6854	1
q_6616	doc_6855	1
q_6617	doc_6857	1
q_6618	doc_6858	1
q_6619	doc_6859	1
q_6620	doc_6860	1
q_6621	doc_6861	1
q_6622	doc_6862	1
q_6623	doc_6863	1
q_6624	doc_6865	1
q_6625	doc_6866	1
q_6626	doc_6867	1
q_6627	doc_6868	1
q_6628	doc_6869	1
q_6629	doc_6870	1
q_6630	doc_6871	1
q_6631	doc_6872	1
q_6632	doc_6873	1
q_6633	doc_6874	1
q_6634	doc_6875	1
q_6635	doc_6876	1
q_6636	doc_6877	1
q_6637	doc_6878	1
q_6638	doc_6880	1
q_6639	doc_6881	1
q_6640	doc_6882	1
q_6641	doc_6883	1
q_6642	doc_6884	1
q_6643	doc_6885	1
q_6644	doc_6886	1
q_6645	doc_6887	1
q_6646	doc_6888	1
q_6647	doc_6889	1
q_6648	doc_6890	1
q_6649	doc_6891	1
q_6650	doc_6892	1
q_6651	doc_6893	1
q_6652	doc_6894	1
q_6653	doc_6895	1
q_6654	doc_6896	1
q_6655	doc_6897	1
q_6656	doc_6898	1
q_6657	doc_6899	1
q_6658	doc_6900	1
q_6659	doc_6901	1
q_6660	doc_6902	1
q_6661	doc_6903	1
q_6662	doc_6904	1
q_6663	doc_6905	1
q_6664	doc_6906	1
q_6665	doc_6907	1
q_6666	doc_6908	1
q_6667	doc_6909	1
q_6668	doc_6910	1
q_6669	doc_6911	1
q_6670	doc_6912	1
q_6671	doc_6913	1
q_6672	doc_6914	1
q_6673	doc_6915	1
q_6674	doc_6916	1
q_6675	doc_6917	1
q_6676	doc_6918	1
q_6677	doc_6919	1
q_6678	doc_6920	1
q_6679	doc_6921	1
q_6680	doc_6922	1
q_6681	doc_6923	1
q_6682	doc_6924	1
q_6683	doc_6925	1
q_6684	doc_6926	1
q_6685	doc_6927	1
q_6686	doc_6928	1
q_6687	doc_6929	1
q_6688	doc_6930	1
q_6689	doc_6931	1
q_6690	doc_6932	1
q_6691	doc_6933	1
q_6692	doc_6934	1
q_6693	doc_6935	1
q_6694	doc_6936	1
q_6695	doc_6937	1
q_6696	doc_6938	1
q_6697	doc_6939	1
q_6698	doc_6940	1
q_6699	doc_6941	1
q_6700	doc_6942	1
q_6701	doc_6943	1
q_6702	doc_6944	1
q_6703	doc_6945	1
q_6704	doc_6946	1
q_6705	doc_6947	1
q_6706	doc_6948	1
q_6707	doc_6949	1
q_6708	doc_6950	1
q_6709	doc_6951	1
q_6710	doc_6952	1
q_6711	doc_6953	1
q_6712	doc_6954	1
q_6713	doc_6955	1
q_6714	doc_6956	1
q_6715	doc_6957	1
q_6716	doc_6958	1
q_6717	doc_6959	1
q_6718	doc_6960	1
q_6719	doc_6961	1
q_6720	doc_6962	1
q_6721	doc_6963	1
q_6722	doc_6964	1
q_6723	doc_6965	1
q_6724	doc_6966	1
q_6725	doc_6967	1
q_6726	doc_6968	1
q_6727	doc_6969	1
q_6728	doc_6970	1
q_6729	doc_6971	1
q_6730	doc_6972	1
q_6731	doc_6973	1
q_6732	doc_6974	1
q_6733	doc_6975	1
q_6734	doc_6976	1
q_6735	doc_6977	1
q_6736	doc_6978	1
q_6737	doc_6979	1
q_6738	doc_6980	1
q_6739	doc_6981	1
q_6740	doc_6982	1
q_6741	doc_6983	1
q_6742	doc_6984	1
q_6743	doc_6985	1
q_6744	doc_6986	1
q_6745	doc_6987	1
q_6746	doc_6988	1
q_6747	doc_6989	1
q_6748	doc_6990	1
q_6749	doc_6991	1
q_6750	doc_6992	1
q_6751	doc_6993	1
q_6752	doc_6994	1
q_6753	doc_6995	1
q_6754	doc_6996	1
q_6755	doc_6997	1
q_6756	doc_6998	1
q_6757	doc_6999	1
q_6758	doc_7000	1
q_6759	doc_7001	1
q_6760	doc_7002	1
q_6761	doc_7003	1
q_6762	doc_7004	1
q_6763	doc_7005	1
q_6764	doc_7006	1
q_6765	doc_7007	1
q_6766	doc_7008	1
q_6767	doc_7009	1
q_6768	doc_7010	1
q_6769	doc_7011	1
q_6770	doc_7012	1
q_6771	doc_7013	1
q_6772	doc_7014	1
q_6773	doc_7015	1
q_6774	doc_7016	1
q_6775	doc_7017	1
q_6776	doc_7018	1
q_6777	doc_7019	1
q_6778	doc_7020	1
q_6779	doc_7021	1
q_6780	doc_7022	1
q_6781	doc_7023	1
q_6782	doc_7024	1
q_6783	doc_7025	1
q_6784	doc_7026	1
q_6785	doc_7027	1
q_6786	doc_7028	1
q_6787	doc_7029	1
q_6788	doc_7030	1
q_6789	doc_7031	1
q_6790	doc_7032	1
q_6791	doc_7033	1
q_6792	doc_7034	1
q_6793	doc_7035	1
q_6794	doc_7036	1
q_6795	doc_7037	1
q_6796	doc_7038	1
q_6797	doc_7039	1
q_6798	doc_7040	1
q_6799	doc_7041	1
q_6800	doc_7042	1
q_6801	doc_7043	1
q_6802	doc_7044	1
q_6803	doc_7045	1
q_6804	doc_7046	1
q_6805	doc_7047	1
q_6806	doc_7048	1
q_6807	doc_7049	1
q_6808	doc_7050	1
q_6809	doc_7051	1
q_6810	doc_7052	1
q_6811	doc_7053	1
q_6812	doc_7054	1
q_6813	doc_7055	1
q_6814	doc_7056	1
q_6815	doc_7057	1
q_6816	doc_7058	1
q_6817	doc_7059	1
q_6818	doc_7060	1
q_6819	doc_7061	1
q_6820	doc_7062	1
q_6821	doc_7063	1
q_6822	doc_7064	1
q_6823	doc_7065	1
q_6824	doc_7066	1
q_6825	doc_7067	1
q_6826	doc_7068	1
q_6827	doc_7069	1
q_6828	doc_7070	1
q_6829	doc_7071	1
q_6830	doc_7072	1
q_6831	doc_7073	1
q_6832	doc_7075	1
q_6833	doc_7076	1
q_6834	doc_7077	1
q_6835	doc_7078	1
q_6836	doc_7079	1
q_6837	doc_7080	1
q_6838	doc_7081	1
q_6839	doc_7082	1
q_6840	doc_7083	1
q_6841	doc_7084	1
q_6842	doc_7085	1
q_6843	doc_7086	1
q_6844	doc_7087	1
q_6845	doc_7088	1
q_6846	doc_7089	1
q_6847	doc_7090	1
q_6848	doc_7091	1
q_6849	doc_7092	1
q_6850	doc_7094	1
q_6851	doc_7095	1
q_6852	doc_7096	1
q_6853	doc_7097	1
q_6854	doc_7098	1
q_6855	doc_7099	1
q_6856	doc_7100	1
q_6857	doc_7101	1
q_6858	doc_7102	1
q_6859	doc_7103	1
q_6860	doc_7104	1
q_6861	doc_7105	1
q_6862	doc_7106	1
q_6863	doc_7107	1
q_6864	doc_7108	1
q_6865	doc_7109	1
q_6866	doc_7110	1
q_6867	doc_7111	1
q_6868	doc_7112	1
q_6869	doc_7113	1
q_6870	doc_7114	1
q_6871	doc_7115	1
q_6872	doc_7116	1
q_6873	doc_7117	1
q_6874	doc_7118	1
q_6875	doc_7119	1
q_6876	doc_7120	1
q_6877	doc_7121	1
q_6878	doc_7122	1
q_6879	doc_7123	1
q_6880	doc_7124	1
q_6881	doc_7125	1
q_6882	doc_7126	1
q_6883	doc_7127	1
q_6884	doc_7128	1
q_6885	doc_7129	1
q_6886	doc_7130	1
q_6887	doc_7131	1
q_6888	doc_7132	1
q_6889	doc_7133	1
q_6890	doc_7134	1
q_6891	doc_7135	1
q_6892	doc_7136	1
q_6893	doc_7137	1
q_6894	doc_7138	1
q_6895	doc_7139	1
q_6896	doc_7140	1
q_6897	doc_7141	1
q_6898	doc_7142	1
q_6899	doc_7143	1
q_6900	doc_7144	1
q_6901	doc_7145	1
q_6902	doc_7146	1
q_6903	doc_7147	1
q_6904	doc_7148	1
q_6905	doc_7149	1
q_6906	doc_7150	1
q_6907	doc_7151	1
q_6908	doc_7152	1
q_6909	doc_7153	1
q_6910	doc_7154	1
q_6911	doc_7155	1
q_6912	doc_7156	1
q_6913	doc_7157	1
q_6914	doc_7158	1
q_6915	doc_7159	1
q_6916	doc_7160	1
q_6917	doc_7161	1
q_6918	doc_7162	1
q_6919	doc_7163	1
q_6920	doc_7164	1
q_6921	doc_7165	1
q_6922	doc_7166	1
q_6923	doc_7167	1
q_6924	doc_7168	1
q_6925	doc_7169	1
q_6926	doc_7170	1
q_6927	doc_7171	1
q_6928	doc_7172	1
q_6929	doc_7173	1
q_6930	doc_7174	1
q_6931	doc_7175	1
q_6932	doc_7176	1
q_6933	doc_7177	1
q_6934	doc_7178	1
q_6935	doc_7179	1
q_6936	doc_7180	1
q_6937	doc_7181	1
q_6938	doc_7182	1
q_6939	doc_7183	1
q_6940	doc_7184	1
q_6941	doc_7185	1
q_6942	doc_7186	1
q_6943	doc_7187	1
q_6944	doc_7189	1
q_6945	doc_7190	1
q_6946	doc_7191	1
q_6947	doc_7192	1
q_6948	doc_7193	1
q_6949	doc_7194	1
q_6950	doc_7195	1
q_6951	doc_7196	1
q_6952	doc_7197	1
q_6953	doc_7198	1
q_6954	doc_7199	1
q_6955	doc_7200	1
q_6956	doc_7201	1
q_6957	doc_7202	1
q_6958	doc_7203	1
q_6959	doc_7204	1
q_6960	doc_7205	1
q_6961	doc_7206	1
q_6962	doc_7207	1
q_6963	doc_7208	1
q_6964	doc_7209	1
q_6965	doc_7210	1
q_6966	doc_7211	1
q_6967	doc_7212	1
q_6968	doc_7213	1
q_6969	doc_7214	1
q_6970	doc_7215	1
q_6971	doc_7216	1
q_6972	doc_7217	1
q_6973	doc_7219	1
q_6974	doc_7220	1
q_6975	doc_7221	1
q_6976	doc_7222	1
q_6977	doc_7223	1
q_6978	doc_7224	1
q_6979	doc_7225	1
q_6980	doc_7226	1
q_6981	doc_7227	1
q_6982	doc_7228	1
q_6983	doc_7229	1
q_6984	doc_7230	1
q_6985	doc_7231	1
q_6986	doc_7232	1
q_6987	doc_7233	1
q_6988	doc_7235	1
q_6989	doc_7236	1
q_6990	doc_7237	1
q_6991	doc_7238	1
q_6992	doc_7239	1
q_6993	doc_7240	1
q_6994	doc_7241	1
q_6995	doc_7242	1
q_6996	doc_7243	1
q_6997	doc_7244	1
q_6998	doc_7245	1
q_6999	doc_7246	1
q_7000	doc_7247	1
q_7001	doc_7248	1
q_7002	doc_7249	1
q_7003	doc_7250	1
q_7004	doc_7251	1
q_7005	doc_7252	1
q_7006	doc_7253	1
q_7007	doc_7254	1
q_7008	doc_7255	1
q_7009	doc_7256	1
q_7010	doc_7257	1
q_7011	doc_7259	1
q_7012	doc_7260	1
q_7013	doc_7261	1
q_7014	doc_7262	1
q_7015	doc_7263	1
q_7016	doc_7264	1
q_7017	doc_7265	1
q_7018	doc_7267	1
q_7019	doc_7268	1
q_7020	doc_7269	1
q_7021	doc_7270	1
q_7022	doc_7271	1
q_7023	doc_7272	1
q_7024	doc_7273	1
q_7025	doc_7275	1
q_7026	doc_7276	1
q_7027	doc_7277	1
q_7028	doc_7278	1
q_7029	doc_7279	1
q_7030	doc_7280	1
q_7031	doc_7281	1
q_7032	doc_7283	1
q_7033	doc_7284	1
q_7034	doc_7285	1
q_7035	doc_7286	1
q_7036	doc_7287	1
q_7037	doc_7288	1
q_7038	doc_7289	1
q_7039	doc_7291	1
q_7040	doc_7292	1
q_7041	doc_7293	1
q_7042	doc_7294	1
q_7043	doc_7295	1
q_7044	doc_7296	1
q_7045	doc_7297	1
q_7046	doc_7299	1
q_7047	doc_7300	1
q_7048	doc_7301	1
q_7049	doc_7302	1
q_7050	doc_7303	1
q_7051	doc_7304	1
q_7052	doc_7305	1
q_7053	doc_7307	1
q_7054	doc_7308	1
q_7055	doc_7309	1
q_7056	doc_7310	1
q_7057	doc_7311	1
q_7058	doc_7312	1
q_7059	doc_7315	1
q_7060	doc_7316	1
q_7061	doc_7317	1
q_7062	doc_7318	1
q_7063	doc_7319	1
q_7064	doc_7320	1
q_7065	doc_7321	1
q_7066	doc_7323	1
q_7067	doc_7324	1
q_7068	doc_7325	1
q_7069	doc_7326	1
q_7070	doc_7327	1
q_7071	doc_7328	1
q_7072	doc_7331	1
q_7073	doc_7332	1
q_7074	doc_7333	1
q_7075	doc_7334	1
q_7076	doc_7335	1
q_7077	doc_7336	1
q_7078	doc_7337	1
q_7079	doc_7339	1
q_7080	doc_7340	1
q_7081	doc_7341	1
q_7082	doc_7342	1
q_7083	doc_7343	1
q_7084	doc_7344	1
q_7085	doc_7345	1
q_7086	doc_7347	1
q_7087	doc_7348	1
q_7088	doc_7349	1
q_7089	doc_7350	1
q_7090	doc_7351	1
q_7091	doc_7352	1
q_7092	doc_7353	1
q_7093	doc_7354	1
q_7094	doc_7355	1
q_7095	doc_7356	1
q_7096	doc_7357	1
q_7097	doc_7358	1
q_7098	doc_7359	1
q_7099	doc_7360	1
q_7100	doc_7361	1
q_7101	doc_7362	1
q_7102	doc_7363	1
q_7103	doc_7364	1
q_7104	doc_7365	1
q_7105	doc_7366	1
q_7106	doc_7367	1
q_7107	doc_7368	1
q_7108	doc_7369	1
q_7109	doc_7370	1
q_7110	doc_7371	1
q_7111	doc_7372	1
q_7112	doc_7373	1
q_7113	doc_7374	1
q_7114	doc_7375	1
q_7115	doc_7376	1
q_7116	doc_7377	1
q_7117	doc_7378	1
q_7118	doc_7379	1
q_7119	doc_7380	1
q_7120	doc_7381	1
q_7121	doc_7382	1
q_7122	doc_7383	1
q_7123	doc_7384	1
q_7124	doc_7385	1
q_7125	doc_7386	1
q_7126	doc_7387	1
q_7127	doc_7388	1
q_7128	doc_7389	1
q_7129	doc_7390	1
q_7130	doc_7391	1
q_7131	doc_7392	1
q_7132	doc_7393	1
q_7133	doc_7394	1
q_7134	doc_7395	1
q_7135	doc_7396	1
q_7136	doc_7397	1
q_7137	doc_7398	1
q_7138	doc_7399	1
q_7139	doc_7400	1
q_7140	doc_7401	1
q_7141	doc_7402	1
q_7142	doc_7403	1
q_7143	doc_7404	1
q_7144	doc_7405	1
q_7145	doc_7406	1
q_7146	doc_7407	1
q_7147	doc_7408	1
q_7148	doc_7409	1
q_7149	doc_7410	1
q_7150	doc_7411	1
q_7151	doc_7412	1
q_7152	doc_7413	1
q_7153	doc_7414	1
q_7154	doc_7415	1
q_7155	doc_7416	1
q_7156	doc_7417	1
q_7157	doc_7418	1
q_7158	doc_7419	1
q_7159	doc_7420	1
q_7160	doc_7421	1
q_7161	doc_7422	1
q_7162	doc_7423	1
q_7163	doc_7425	1
q_7164	doc_7427	1
q_7165	doc_7428	1
q_7166	doc_7429	1
q_7167	doc_7431	1
q_7168	doc_7432	1
q_7169	doc_7433	1
q_7170	doc_7434	1
q_7171	doc_7435	1
q_7172	doc_7436	1
q_7173	doc_7437	1
q_7174	doc_7438	1
q_7175	doc_7439	1
q_7176	doc_7440	1
q_7177	doc_7441	1
q_7178	doc_7442	1
q_7179	doc_7443	1
q_7180	doc_7445	1
q_7181	doc_7446	1
q_7182	doc_7447	1
q_7183	doc_7448	1
q_7184	doc_7449	1
q_7185	doc_7450	1
q_7186	doc_7451	1
q_7187	doc_7452	1
q_7188	doc_7454	1
q_7189	doc_7455	1
q_7190	doc_7456	1
q_7191	doc_7457	1
q_7192	doc_7458	1
q_7193	doc_7459	1
q_7194	doc_7460	1
q_7195	doc_7461	1
q_7196	doc_7464	1
q_7197	doc_7465	1
q_7198	doc_7466	1
q_7199	doc_7467	1
q_7200	doc_7468	1
q_7201	doc_7469	1
q_7202	doc_7470	1
q_7203	doc_7471	1
q_7204	doc_7472	1
q_7205	doc_7473	1
q_7206	doc_7475	1
q_7207	doc_7476	1
q_7208	doc_7477	1
q_7209	doc_7478	1
q_7210	doc_7479	1
q_7211	doc_7480	1
q_7212	doc_7481	1
q_7213	doc_7482	1
q_7214	doc_7483	1
q_7215	doc_7484	1
q_7216	doc_7487	1
q_7217	doc_7488	1
q_7218	doc_7489	1
q_7219	doc_7490	1
q_7220	doc_7491	1
q_7221	doc_7492	1
q_7222	doc_7493	1
q_7223	doc_7494	1
q_7224	doc_7495	1
q_7225	doc_7496	1
q_7226	doc_7497	1
q_7227	doc_7498	1
q_7228	doc_7499	1
q_7229	doc_7500	1
q_7230	doc_7501	1
q_7231	doc_7502	1
q_7232	doc_7503	1
q_7233	doc_7504	1
q_7234	doc_7505	1
q_7235	doc_7506	1
q_7236	doc_7507	1
q_7237	doc_7508	1
q_7238	doc_7509	1
q_7239	doc_7510	1
q_7240	doc_7511	1
q_7241	doc_7512	1
q_7242	doc_7513	1
q_7243	doc_7514	1
q_7244	doc_7515	1
q_7245	doc_7516	1
q_7246	doc_7517	1
q_7247	doc_7518	1
q_7248	doc_7519	1
q_7249	doc_7520	1
q_7250	doc_7521	1
q_7251	doc_7522	1
q_7252	doc_7523	1
q_7253	doc_7524	1
q_7254	doc_7525	1
q_7255	doc_7526	1
q_7256	doc_7527	1
q_7257	doc_7528	1
q_7258	doc_7529	1
q_7259	doc_7530	1
q_7260	doc_7531	1
q_7261	doc_7532	1
q_7262	doc_7533	1
q_7263	doc_7534	1
q_7264	doc_7535	1
q_7265	doc_7536	1
q_7266	doc_7537	1
q_7267	doc_7538	1
q_7268	doc_7539	1
q_7269	doc_7540	1
q_7270	doc_7541	1
q_7271	doc_7542	1
q_7272	doc_7543	1
q_7273	doc_7544	1
q_7274	doc_7545	1
q_7275	doc_7546	1
q_7276	doc_7547	1
q_7277	doc_7548	1
q_7278	doc_7549	1
q_7279	doc_7550	1
q_7280	doc_7551	1
q_7281	doc_7552	1
q_7282	doc_7553	1
q_7283	doc_7554	1
q_7284	doc_7555	1
q_7285	doc_7556	1
q_7286	doc_7557	1
q_7287	doc_7558	1
q_7288	doc_7559	1
q_7289	doc_7560	1
q_7290	doc_7561	1
q_7291	doc_7562	1
q_7292	doc_7563	1
q_7293	doc_7564	1
q_7294	doc_7565	1
q_7295	doc_7566	1
q_7296	doc_7567	1
q_7297	doc_7568	1
q_7298	doc_7569	1
q_7299	doc_7570	1
q_7300	doc_7571	1
q_7301	doc_7572	1
q_7302	doc_7573	1
q_7303	doc_7574	1
q_7304	doc_7575	1
q_7305	doc_7576	1
q_7306	doc_7577	1
q_7307	doc_7578	1
q_7308	doc_7579	1
q_7309	doc_7580	1
q_7310	doc_7581	1
q_7311	doc_7582	1
q_7312	doc_7583	1
q_7313	doc_7584	1
q_7314	doc_7585	1
q_7315	doc_7586	1
q_7316	doc_7587	1
q_7317	doc_7588	1
q_7318	doc_7589	1
q_7319	doc_7590	1
q_7320	doc_7591	1
q_7321	doc_7592	1
q_7322	doc_7593	1
q_7323	doc_7594	1
q_7324	doc_7595	1
q_7325	doc_7596	1
q_7326	doc_7597	1
q_7327	doc_7598	1
q_7328	doc_7599	1
q_7329	doc_7600	1
q_7330	doc_7601	1
q_7331	doc_7602	1
q_7332	doc_7603	1
q_7333	doc_7604	1
q_7334	doc_7605	1
q_7335	doc_7606	1
q_7336	doc_7608	1
q_7337	doc_7609	1
q_7338	doc_7610	1
q_7339	doc_7611	1
q_7340	doc_7612	1
q_7341	doc_7613	1
q_7342	doc_7614	1
q_7343	doc_7615	1
q_7344	doc_7616	1
q_7345	doc_7617	1
q_7346	doc_2540	1
q_7347	doc_7618	1
q_7348	doc_7619	1
q_7349	doc_7620	1
q_7350	doc_7621	1
q_7351	doc_7622	1
q_7352	doc_7623	1
q_7353	doc_7624	1
q_7354	doc_7625	1
q_7355	doc_7626	1
q_7356	doc_7627	1
q_7357	doc_7628	1
q_7358	doc_7629	1
q_7359	doc_7631	1
q_7360	doc_7633	1
q_7361	doc_7634	1
q_7362	doc_7635	1
q_7363	doc_7636	1
q_7364	doc_7637	1
q_7365	doc_7638	1
q_7366	doc_7639	1
q_7367	doc_7640	1
q_7368	doc_7641	1
q_7369	doc_7642	1
q_7370	doc_7643	1
q_7371	doc_7644	1
q_7372	doc_7645	1
q_7373	doc_7646	1
q_7374	doc_7647	1
q_7375	doc_7648	1
q_7376	doc_7649	1
q_7377	doc_7650	1
q_7378	doc_7651	1
q_7379	doc_7652	1
q_7380	doc_7653	1
q_7381	doc_7654	1
q_7382	doc_7655	1
q_7383	doc_7656	1
q_7384	doc_7657	1
q_7385	doc_7658	1
q_7386	doc_7659	1
q_7387	doc_7660	1
q_7388	doc_7661	1
q_7389	doc_7662	1
q_7390	doc_7663	1
q_7391	doc_7664	1
q_7392	doc_7665	1
q_7393	doc_7666	1
q_7394	doc_7667	1
q_7395	doc_7668	1
q_7396	doc_7669	1
q_7397	doc_7670	1
q_7398	doc_7671	1
q_7399	doc_7672	1
q_7400	doc_7673	1
q_7401	doc_7674	1
q_7402	doc_7675	1
q_7403	doc_7676	1
q_7404	doc_7677	1
q_7405	doc_7678	1
q_7406	doc_7679	1
q_7407	doc_7680	1
q_7408	doc_7681	1
q_7409	doc_7682	1
q_7410	doc_7683	1
q_7411	doc_7684	1
q_7412	doc_7685	1
q_7413	doc_7686	1
q_7414	doc_7687	1
q_7415	doc_7688	1
q_7416	doc_7689	1
q_7417	doc_7690	1
q_7418	doc_7691	1
q_7419	doc_7692	1
q_7420	doc_7693	1
q_7421	doc_7694	1
q_7422	doc_7695	1
q_7423	doc_7696	1
q_7424	doc_7697	1
q_7425	doc_7698	1
q_7426	doc_7699	1
q_7427	doc_7700	1
q_7428	doc_7701	1
q_7429	doc_7702	1
q_7430	doc_7703	1
q_7431	doc_7704	1
q_7432	doc_7705	1
q_7433	doc_7706	1
q_7434	doc_7707	1
q_7435	doc_7708	1
q_7436	doc_7709	1
q_7437	doc_7710	1
q_7438	doc_7711	1
q_7439	doc_7712	1
q_7440	doc_7713	1
q_7441	doc_7714	1
q_7442	doc_7715	1
q_7443	doc_7716	1
q_7444	doc_7717	1
q_7445	doc_7718	1
q_7446	doc_7719	1
q_7447	doc_7720	1
q_7448	doc_7721	1
q_7449	doc_7722	1
q_7450	doc_7723	1
q_7451	doc_7724	1
q_7452	doc_7725	1
q_7453	doc_7726	1
q_7454	doc_7727	1
q_7455	doc_7728	1
q_7456	doc_7729	1
q_7457	doc_7730	1
q_7458	doc_7731	1
q_7459	doc_7732	1
q_7460	doc_7733	1
q_7461	doc_7734	1
q_7462	doc_7735	1
q_7463	doc_7736	1
q_7464	doc_7737	1
q_7465	doc_7738	1
q_7466	doc_7739	1
q_7467	doc_7740	1
q_7468	doc_7741	1
q_7469	doc_7742	1
q_7470	doc_7743	1
q_7471	doc_7744	1
q_7472	doc_7745	1
q_7473	doc_7746	1
q_7474	doc_7747	1
q_7475	doc_7748	1
q_7476	doc_7749	1
q_7477	doc_7750	1
q_7478	doc_7751	1
q_7479	doc_7752	1
q_7480	doc_7753	1
q_7481	doc_7754	1
q_7482	doc_7755	1
q_7483	doc_7756	1
q_7484	doc_7757	1
q_7485	doc_7758	1
q_7486	doc_7759	1
q_7487	doc_7760	1
q_7488	doc_7761	1
q_7489	doc_7762	1
q_7490	doc_7763	1
q_7491	doc_7764	1
q_7492	doc_7765	1
q_7493	doc_7766	1
q_7494	doc_7767	1
q_7495	doc_7768	1
q_7496	doc_7769	1
q_7497	doc_7770	1
q_7498	doc_7771	1
q_7499	doc_7772	1
q_7500	doc_7773	1
q_7501	doc_7774	1
q_7502	doc_7775	1
q_7503	doc_7776	1
q_7504	doc_7777	1
q_7505	doc_7778	1
q_7506	doc_7779	1
q_7507	doc_7780	1
q_7508	doc_7781	1
q_7509	doc_7782	1
q_7510	doc_7783	1
q_7511	doc_7784	1
q_7512	doc_7785	1
q_7513	doc_7786	1
q_7514	doc_7787	1
q_7515	doc_7788	1
q_7516	doc_7789	1
q_7517	doc_7790	1
q_7518	doc_7791	1
q_7519	doc_7792	1
q_7520	doc_7793	1
q_7521	doc_7794	1
q_7522	doc_7795	1
q_7523	doc_7796	1
q_7524	doc_7797	1
q_7525	doc_7798	1
q_7526	doc_7799	1
q_7527	doc_7800	1
q_7528	doc_7801	1
q_7529	doc_7802	1
q_7530	doc_7803	1
q_7531	doc_7804	1
q_7532	doc_7805	1
q_7533	doc_7806	1
q_7534	doc_7807	1
q_7535	doc_7808	1
q_7536	doc_7809	1
q_7537	doc_7810	1
q_7538	doc_7811	1
q_7539	doc_7812	1
q_7540	doc_7813	1
q_7541	doc_7814	1
q_7542	doc_7815	1
q_7543	doc_7816	1
q_7544	doc_7817	1
q_7545	doc_7818	1
q_7546	doc_7819	1
q_7547	doc_7820	1
q_7548	doc_7821	1
q_7549	doc_7822	1
q_7550	doc_7823	1
q_7551	doc_7824	1
q_7552	doc_7825	1
q_7553	doc_7826	1
q_7554	doc_7827	1
q_7555	doc_7828	1
q_7556	doc_7829	1
q_7557	doc_7830	1
q_7558	doc_7831	1
q_7559	doc_7832	1
q_7560	doc_7833	1
q_7561	doc_7834	1
q_7562	doc_7835	1
q_7563	doc_7836	1
q_7564	doc_7837	1
q_7565	doc_7838	1
q_7566	doc_7839	1
q_7567	doc_7840	1
q_7568	doc_7841	1
q_7569	doc_7842	1
q_7570	doc_7843	1
q_7571	doc_7844	1
q_7572	doc_7845	1
q_7573	doc_7846	1
q_7574	doc_7847	1
q_7575	doc_7848	1
q_7576	doc_7849	1
q_7577	doc_7850	1
q_7578	doc_7851	1
q_7579	doc_7852	1
q_7580	doc_7853	1
q_7581	doc_7854	1
q_7582	doc_7855	1
q_7583	doc_7678	1
q_7584	doc_7856	1
q_7585	doc_7857	1
q_7586	doc_7858	1
q_7587	doc_7859	1
q_7588	doc_7860	1
q_7589	doc_7861	1
q_7590	doc_7862	1
q_7591	doc_7863	1
q_7592	doc_7864	1
q_7593	doc_7865	1
q_7594	doc_7866	1
q_7595	doc_7867	1
q_7596	doc_7868	1
q_7597	doc_7869	1
q_7598	doc_7870	1
q_7599	doc_7871	1
q_7600	doc_7872	1
q_7601	doc_7873	1
q_7602	doc_7874	1
q_7603	doc_7875	1
q_7604	doc_7876	1
q_7605	doc_7877	1
q_7606	doc_7878	1
q_7607	doc_7879	1
q_7608	doc_7880	1
q_7609	doc_7881	1
q_7610	doc_7882	1
q_7611	doc_7809	1
q_7612	doc_7812	1
q_7613	doc_7883	1
q_7614	doc_7884	1
q_7615	doc_7885	1
q_7616	doc_7886	1
q_7617	doc_7887	1
q_7618	doc_7888	1
q_7619	doc_7889	1
q_7620	doc_7890	1
q_7621	doc_7891	1
q_7622	doc_7892	1
q_7623	doc_7893	1
q_7624	doc_7894	1
q_7625	doc_7895	1
q_7626	doc_7896	1
q_7627	doc_7897	1
q_7628	doc_7898	1
q_7629	doc_7899	1
q_7630	doc_7900	1
q_7631	doc_7901	1
q_7632	doc_7902	1
q_7633	doc_7903	1
q_7634	doc_7904	1
q_7635	doc_7905	1
q_7636	doc_7906	1
q_7637	doc_7907	1
q_7638	doc_7908	1
q_7639	doc_7909	1
q_7640	doc_7910	1
q_7641	doc_7911	1
q_7642	doc_7912	1
q_7643	doc_7913	1
q_7644	doc_7914	1
q_7645	doc_7915	1
q_7646	doc_7916	1
q_7647	doc_7917	1
q_7648	doc_7918	1
q_7649	doc_7919	1
q_7650	doc_7920	1
q_7651	doc_7921	1
q_7652	doc_7922	1
q_7653	doc_7923	1
q_7654	doc_7924	1
q_7655	doc_7925	1
q_7656	doc_7926	1
q_7657	doc_7927	1
q_7658	doc_7928	1
q_7659	doc_7929	1
q_7660	doc_7930	1
q_7661	doc_7931	1
q_7662	doc_7932	1
q_7663	doc_7933	1
q_7664	doc_7934	1
q_7665	doc_7935	1
q_7666	doc_7936	1
q_7667	doc_7937	1
q_7668	doc_7938	1
q_7669	doc_7939	1
q_7670	doc_7940	1
q_7671	doc_7941	1
q_7672	doc_7942	1
q_7673	doc_7943	1
q_7674	doc_7944	1
q_7675	doc_7945	1
q_7676	doc_7946	1
q_7677	doc_7947	1
q_7678	doc_7948	1
q_7679	doc_7949	1
q_7680	doc_7950	1
q_7681	doc_7951	1
q_7682	doc_7952	1
q_7683	doc_7953	1
q_7684	doc_7954	1
q_7685	doc_7955	1
q_7686	doc_7956	1
q_7687	doc_7957	1
q_7688	doc_7958	1
q_7689	doc_7959	1
q_7690	doc_7960	1
q_7691	doc_7961	1
q_7692	doc_7962	1
q_7693	doc_7963	1
q_7694	doc_7964	1
q_7695	doc_7965	1
q_7696	doc_7966	1
q_7697	doc_7967	1
q_7698	doc_7968	1
q_7699	doc_7969	1
q_7700	doc_7970	1
q_7701	doc_7971	1
q_7702	doc_7972	1
q_7703	doc_7973	1
q_7704	doc_7974	1
q_7705	doc_7975	1
q_7706	doc_7976	1
q_7707	doc_7977	1
q_7708	doc_7978	1
q_7709	doc_7979	1
q_7710	doc_7980	1
q_7711	doc_7981	1
q_7712	doc_7982	1
q_7713	doc_7983	1
q_7714	doc_7984	1
q_7715	doc_7985	1
q_7716	doc_7986	1
q_7717	doc_7987	1
q_7718	doc_7988	1
q_7719	doc_7989	1
q_7720	doc_7990	1
q_7721	doc_7991	1
q_7722	doc_7992	1
q_7723	doc_7993	1
q_7724	doc_7994	1
q_7725	doc_7995	1
q_7726	doc_7996	1
q_7727	doc_7997	1
q_7728	doc_7998	1
q_7729	doc_7999	1
q_7730	doc_8000	1
q_7731	doc_8001	1
q_7732	doc_8002	1
q_7733	doc_8003	1
q_7734	doc_8004	1
q_7735	doc_8005	1
q_7736	doc_8006	1
q_7737	doc_8007	1
q_7738	doc_8008	1
q_7739	doc_8009	1
q_7740	doc_8010	1
q_7741	doc_8011	1
q_7742	doc_8012	1
q_7743	doc_8013	1
q_7744	doc_8014	1
q_7745	doc_8015	1
q_7746	doc_8016	1
q_7747	doc_8017	1
q_7748	doc_8018	1
q_7749	doc_8019	1
q_7750	doc_8020	1
q_7751	doc_8021	1
q_7752	doc_8022	1
q_7753	doc_8023	1
q_7754	doc_8024	1
q_7755	doc_8025	1
q_7756	doc_8026	1
q_7757	doc_8027	1
q_7758	doc_8028	1
q_7759	doc_8029	1
q_7760	doc_8030	1
q_7761	doc_8031	1
q_7762	doc_8032	1
q_7763	doc_8033	1
q_7764	doc_8034	1
q_7765	doc_8035	1
q_7766	doc_8036	1
q_7767	doc_8037	1
q_7768	doc_8038	1
q_7769	doc_8039	1
q_7770	doc_8040	1
q_7771	doc_8041	1
q_7772	doc_8042	1
q_7773	doc_8043	1
q_7774	doc_8044	1
q_7775	doc_8045	1
q_7776	doc_8046	1
q_7777	doc_8047	1
q_7778	doc_8048	1
q_7779	doc_8049	1
q_7780	doc_8050	1
q_7781	doc_8051	1
q_7782	doc_8052	1
q_7783	doc_8053	1
q_7784	doc_8054	1
q_7785	doc_8055	1
q_7786	doc_8056	1
q_7787	doc_8057	1
q_7788	doc_8058	1
q_7789	doc_8059	1
q_7790	doc_8060	1
q_7791	doc_8061	1
q_7792	doc_8062	1
q_7793	doc_8063	1
q_7794	doc_8064	1
q_7795	doc_8065	1
q_7796	doc_8066	1
q_7797	doc_8067	1
q_7798	doc_8068	1
q_7799	doc_8069	1
q_7800	doc_8070	1
q_7801	doc_8071	1
q_7802	doc_8072	1
q_7803	doc_8073	1
q_7804	doc_8074	1
q_7805	doc_8075	1
q_7806	doc_8076	1
q_7807	doc_8077	1
q_7808	doc_8078	1
q_7809	doc_8079	1
q_7810	doc_8080	1
q_7811	doc_8081	1
q_7812	doc_8082	1
q_7813	doc_8083	1
q_7814	doc_8084	1
q_7815	doc_8085	1
q_7816	doc_8086	1
q_7817	doc_8087	1
q_7818	doc_8088	1
q_7819	doc_8089	1
q_7820	doc_8090	1
q_7821	doc_8091	1
q_7822	doc_8092	1
q_7823	doc_8093	1
q_7824	doc_8094	1
q_7825	doc_8095	1
q_7826	doc_8096	1
q_7827	doc_8097	1
q_7828	doc_8098	1
q_7829	doc_8099	1
q_7830	doc_8100	1
q_7831	doc_8101	1
q_7832	doc_8102	1
q_7833	doc_8103	1
q_7834	doc_8104	1
q_7835	doc_8105	1
q_7836	doc_8106	1
q_7837	doc_8107	1
q_7838	doc_8108	1
q_7839	doc_8109	1
q_7840	doc_8110	1
q_7841	doc_8111	1
q_7842	doc_8112	1
q_7843	doc_8113	1
q_7844	doc_8114	1
q_7845	doc_8115	1
q_7846	doc_8116	1
q_7847	doc_8117	1
q_7848	doc_8118	1
q_7849	doc_8119	1
q_7850	doc_8120	1
q_7851	doc_8121	1
q_7852	doc_8122	1
q_7853	doc_8123	1
q_7854	doc_8124	1
q_7855	doc_8125	1
q_7856	doc_8126	1
q_7857	doc_8127	1
q_7858	doc_8128	1
q_7859	doc_8129	1
q_7860	doc_8130	1
q_7861	doc_8131	1
q_7862	doc_8132	1
q_7863	doc_8133	1
q_7864	doc_8135	1
q_7865	doc_8136	1
q_7866	doc_8137	1
q_7867	doc_8138	1
q_7868	doc_8139	1
q_7869	doc_8140	1
q_7870	doc_8141	1
q_7871	doc_8142	1
q_7872	doc_8143	1
q_7873	doc_8144	1
q_7874	doc_8145	1
q_7875	doc_8146	1
q_7876	doc_8147	1
q_7877	doc_8148	1
q_7878	doc_8149	1
q_7879	doc_8150	1
q_7880	doc_8151	1
q_7881	doc_8152	1
q_7882	doc_8153	1
q_7883	doc_8154	1
q_7884	doc_8155	1
q_7885	doc_8156	1
q_7886	doc_8157	1
q_7887	doc_8158	1
q_7888	doc_8159	1
q_7889	doc_8160	1
q_7890	doc_8161	1
q_7891	doc_8162	1
q_7892	doc_8163	1
q_7893	doc_8164	1
q_7894	doc_8165	1
q_7895	doc_8166	1
q_7896	doc_8167	1
q_7897	doc_8168	1
q_7898	doc_8169	1
q_7899	doc_8170	1
q_7900	doc_8171	1
q_7901	doc_8172	1
q_7902	doc_8173	1
q_7903	doc_8174	1
q_7904	doc_8175	1
q_7905	doc_8176	1
q_7906	doc_8177	1
q_7907	doc_8178	1
q_7908	doc_8179	1
q_7909	doc_8180	1
q_7910	doc_8181	1
q_7911	doc_8182	1
q_7912	doc_8183	1
q_7913	doc_8184	1
q_7914	doc_8185	1
q_7915	doc_8186	1
q_7916	doc_8187	1
q_7917	doc_8188	1
q_7918	doc_8189	1
q_7919	doc_8190	1
q_7920	doc_8191	1
q_7921	doc_8192	1
q_7922	doc_8193	1
q_7923	doc_8194	1
q_7924	doc_8195	1
q_7925	doc_8196	1
q_7926	doc_8197	1
q_7927	doc_8198	1
q_7928	doc_8199	1
q_7929	doc_8200	1
q_7930	doc_8201	1
q_7931	doc_8202	1
q_7932	doc_8203	1
q_7933	doc_8204	1
q_7934	doc_8205	1
q_7935	doc_8206	1
q_7936	doc_8207	1
q_7937	doc_8208	1
q_7938	doc_8209	1
q_7939	doc_8210	1
q_7940	doc_8212	1
q_7941	doc_8213	1
q_7942	doc_8215	1
q_7943	doc_8216	1
q_7944	doc_8217	1
q_7945	doc_8219	1
q_7946	doc_8220	1
q_7947	doc_8222	1
q_7948	doc_8223	1
q_7949	doc_8224	1
q_7950	doc_8225	1
q_7951	doc_8226	1
q_7952	doc_8227	1
q_7953	doc_8228	1
q_7954	doc_8229	1
q_7955	doc_8230	1
q_7956	doc_8231	1
q_7957	doc_8232	1
q_7958	doc_8233	1
q_7959	doc_8234	1
q_7960	doc_8235	1
q_7961	doc_8236	1
q_7962	doc_8237	1
q_7963	doc_8238	1
q_7964	doc_8239	1
q_7965	doc_8240	1
q_7966	doc_8241	1
q_7967	doc_8242	1
q_7968	doc_8243	1
q_7969	doc_8244	1
q_7970	doc_8245	1
q_7971	doc_8246	1
q_7972	doc_8247	1
q_7973	doc_8248	1
q_7974	doc_8249	1
q_7975	doc_8250	1
q_7976	doc_8251	1
q_7977	doc_8252	1
q_7978	doc_8253	1
q_7979	doc_8254	1
q_7980	doc_8255	1
q_7981	doc_8256	1
q_7982	doc_8259	1
q_7983	doc_8260	1
q_7984	doc_8261	1
q_7985	doc_8262	1
q_7986	doc_8263	1
q_7987	doc_8264	1
q_7988	doc_8265	1
q_7989	doc_8266	1
q_7990	doc_8267	1
q_7991	doc_8268	1
q_7992	doc_8269	1
q_7993	doc_8270	1
q_7994	doc_8271	1
q_7995	doc_8272	1
q_7996	doc_8273	1
q_7997	doc_8274	1
q_7998	doc_8275	1
q_7999	doc_8276	1
q_8000	doc_8277	1
q_8001	doc_8278	1
q_8002	doc_8279	1
q_8003	doc_8280	1
q_8004	doc_8281	1
q_8005	doc_8282	1
q_8006	doc_8283	1
q_8007	doc_8284	1
q_8008	doc_8285	1
q_8009	doc_8286	1
q_8010	doc_8287	1
q_8011	doc_8288	1
q_8012	doc_8289	1
q_8013	doc_8290	1
q_8014	doc_8291	1
q_8015	doc_8292	1
q_8016	doc_8293	1
q_8017	doc_8294	1
q_8018	doc_8295	1
q_8019	doc_8296	1
q_8020	doc_8297	1
q_8021	doc_8299	1
q_8022	doc_8300	1
q_8023	doc_8304	1
q_8024	doc_8305	1
q_8025	doc_8307	1
q_8026	doc_8308	1
q_8027	doc_8310	1
q_8028	doc_8311	1
q_8029	doc_8313	1
q_8030	doc_8314	1
q_8031	doc_8316	1
q_8032	doc_8317	1
q_8033	doc_8321	1
q_8034	doc_8322	1
q_8035	doc_8324	1
q_8036	doc_8325	1
q_8037	doc_8327	1
q_8038	doc_8328	1
q_8039	doc_8329	1
q_8040	doc_8330	1
q_8041	doc_8331	1
q_8042	doc_8332	1
q_8043	doc_8333	1
q_8044	doc_8334	1
q_8045	doc_8335	1
q_8046	doc_8336	1
q_8047	doc_8337	1
q_8048	doc_8338	1
q_8049	doc_8339	1
q_8050	doc_8340	1
q_8051	doc_8341	1
q_8052	doc_8342	1
q_8053	doc_8343	1
q_8054	doc_8344	1
q_8055	doc_8345	1
q_8056	doc_8346	1
q_8057	doc_8347	1
q_8058	doc_8348	1
q_8059	doc_8349	1
q_8060	doc_8350	1
q_8061	doc_8351	1
q_8062	doc_8352	1
q_8063	doc_8353	1
q_8064	doc_8354	1
q_8065	doc_8355	1
q_8066	doc_8356	1
q_8067	doc_8357	1
q_8068	doc_8358	1
q_8069	doc_8359	1
q_8070	doc_8360	1
q_8071	doc_8361	1
q_8072	doc_8362	1
q_8073	doc_8363	1
q_8074	doc_8364	1
q_8075	doc_8365	1
q_8076	doc_8366	1
q_8077	doc_8367	1
q_8078	doc_8368	1
q_8079	doc_8369	1
q_8080	doc_8370	1
q_8081	doc_8371	1
q_8082	doc_8372	1
q_8083	doc_8373	1
q_8084	doc_8374	1
q_8085	doc_8375	1
q_8086	doc_8376	1
q_8087	doc_8377	1
q_8088	doc_8378	1
q_8089	doc_8379	1
q_8090	doc_8380	1
q_8091	doc_8381	1
q_8092	doc_8382	1
q_8093	doc_8383	1
q_8094	doc_8384	1
q_8095	doc_8385	1
q_8096	doc_8386	1
q_8097	doc_8387	1
q_8098	doc_8388	1
q_8099	doc_8389	1
q_8100	doc_8390	1
q_8101	doc_8391	1
q_8102	doc_8392	1
q_8103	doc_8393	1
q_8104	doc_8394	1
q_8105	doc_8395	1
q_8106	doc_8396	1
q_8107	doc_8397	1
q_8108	doc_8398	1
q_8109	doc_8399	1
q_8110	doc_8400	1
q_8111	doc_8401	1
q_8112	doc_8402	1
q_8113	doc_8403	1
q_8114	doc_8404	1
q_8115	doc_8405	1
q_8116	doc_8406	1
q_8117	doc_8407	1
q_8118	doc_8408	1
q_8119	doc_8409	1
q_8120	doc_8410	1
q_8121	doc_8411	1
q_8122	doc_8412	1
q_8123	doc_8413	1
q_8124	doc_8414	1
q_8125	doc_8415	1
q_8126	doc_8416	1
q_8127	doc_8417	1
q_8128	doc_8418	1
q_8129	doc_8419	1
q_8130	doc_8420	1
q_8131	doc_8421	1
q_8132	doc_8422	1
q_8133	doc_8423	1
q_8134	doc_8424	1
q_8135	doc_8425	1
q_8136	doc_8426	1
q_8137	doc_8427	1
q_8138	doc_8428	1
q_8139	doc_8429	1
q_8140	doc_8430	1
q_8141	doc_8431	1
q_8142	doc_8432	1
q_8143	doc_8433	1
q_8144	doc_8434	1
q_8145	doc_8435	1
q_8146	doc_8436	1
q_8147	doc_8437	1
q_8148	doc_8438	1
q_8149	doc_8439	1
q_8150	doc_8440	1
q_8151	doc_8441	1
q_8152	doc_8442	1
q_8153	doc_8443	1
q_8154	doc_8444	1
q_8155	doc_8445	1
q_8156	doc_8446	1
q_8157	doc_8447	1
q_8158	doc_8448	1
q_8159	doc_8449	1
q_8160	doc_8450	1
q_8161	doc_8451	1
q_8162	doc_8452	1
q_8163	doc_8453	1
q_8164	doc_8454	1
q_8165	doc_8455	1
q_8166	doc_8456	1
q_8167	doc_8457	1
q_8168	doc_8458	1
q_8169	doc_8459	1
q_8170	doc_8460	1
q_8171	doc_8461	1
q_8172	doc_2559	1
q_8173	doc_8462	1
q_8174	doc_8463	1
q_8175	doc_8464	1
q_8176	doc_8465	1
q_8177	doc_8466	1
q_8178	doc_8468	1
q_8179	doc_8469	1
q_8180	doc_8470	1
q_8181	doc_8472	1
q_8182	doc_8473	1
q_8183	doc_8474	1
q_8184	doc_8475	1
q_8185	doc_8476	1
q_8186	doc_8477	1
q_8187	doc_8478	1
q_8188	doc_8479	1
q_8189	doc_8480	1
q_8190	doc_8481	1
q_8191	doc_8482	1
q_8192	doc_8483	1
q_8193	doc_8484	1
q_8194	doc_8485	1
q_8195	doc_8487	1
q_8196	doc_8488	1
q_8197	doc_8489	1
q_8198	doc_8490	1
q_8199	doc_8491	1
q_8200	doc_8492	1
q_8201	doc_8493	1
q_8202	doc_8494	1
q_8203	doc_8495	1
q_8204	doc_8496	1
q_8205	doc_8497	1
q_8206	doc_8500	1
q_8207	doc_8501	1
q_8208	doc_8502	1
q_8209	doc_8503	1
q_8210	doc_8504	1
q_8211	doc_8505	1
q_8212	doc_8506	1
q_8213	doc_8507	1
q_8214	doc_8508	1
q_8215	doc_8509	1
q_8216	doc_8510	1
q_8217	doc_8511	1
q_8218	doc_8512	1
q_8219	doc_8513	1
q_8220	doc_8514	1
q_8221	doc_8515	1
q_8222	doc_8516	1
q_8223	doc_8517	1
q_8224	doc_8518	1
q_8225	doc_8519	1
q_8226	doc_8520	1
q_8227	doc_8521	1
q_8228	doc_8522	1
q_8229	doc_8523	1
q_8230	doc_8524	1
q_8231	doc_8525	1
q_8232	doc_8526	1
q_8233	doc_8527	1
q_8234	doc_8528	1
q_8235	doc_8529	1
q_8236	doc_8530	1
q_8237	doc_8531	1
q_8238	doc_8532	1
q_8239	doc_8533	1
q_8240	doc_8534	1
q_8241	doc_8535	1
q_8242	doc_8536	1
q_8243	doc_8537	1
q_8244	doc_8538	1
q_8245	doc_8539	1
q_8246	doc_8540	1
q_8247	doc_8541	1
q_8248	doc_8542	1
q_8249	doc_8543	1
q_8250	doc_8544	1
q_8251	doc_8545	1
q_8252	doc_8546	1
q_8253	doc_8547	1
q_8254	doc_8548	1
q_8255	doc_8549	1
q_8256	doc_8550	1
q_8257	doc_8551	1
q_8258	doc_8552	1
q_8259	doc_8553	1
q_8260	doc_8554	1
q_8261	doc_8555	1
q_8262	doc_8556	1
q_8263	doc_8557	1
q_8264	doc_8558	1
q_8265	doc_8559	1
q_8266	doc_8560	1
q_8267	doc_8561	1
q_8268	doc_8562	1
q_8269	doc_8563	1
q_8270	doc_8564	1
q_8271	doc_8565	1
q_8272	doc_8566	1
q_8273	doc_8567	1
q_8274	doc_8568	1
q_8275	doc_8569	1
q_8276	doc_8570	1
q_8277	doc_8571	1
q_8278	doc_8572	1
q_8279	doc_8573	1
q_8280	doc_8574	1
q_8281	doc_8575	1
q_8282	doc_8576	1
q_8283	doc_8577	1
q_8284	doc_8578	1
q_8285	doc_8579	1
q_8286	doc_8580	1
q_8287	doc_8581	1
q_8288	doc_8582	1
q_8289	doc_8583	1
q_8290	doc_8588	1
q_8291	doc_8589	1
q_8292	doc_8590	1
q_8293	doc_8591	1
q_8294	doc_8592	1
q_8295	doc_8593	1
q_8296	doc_8595	1
q_8297	doc_8596	1
q_8298	doc_8597	1
q_8299	doc_8599	1
q_8300	doc_8600	1
q_8301	doc_8601	1
q_8302	doc_8602	1
q_8303	doc_8603	1
q_8304	doc_8604	1
q_8305	doc_8605	1
q_8306	doc_8606	1
q_8307	doc_8607	1
q_8308	doc_8608	1
q_8309	doc_8609	1
q_8310	doc_8610	1
q_8311	doc_8611	1
q_8312	doc_8612	1
q_8313	doc_8613	1
q_8314	doc_8614	1
q_8315	doc_8615	1
q_8316	doc_8616	1
q_8317	doc_8617	1
q_8318	doc_8618	1
q_8319	doc_8619	1
q_8320	doc_8620	1
q_8321	doc_8622	1
q_8322	doc_8623	1
q_8323	doc_8624	1
q_8324	doc_8625	1
q_8325	doc_8626	1
q_8326	doc_8627	1
q_8327	doc_8628	1
q_8328	doc_8629	1
q_8329	doc_8630	1
q_8330	doc_8631	1
q_8331	doc_8632	1
q_8332	doc_8633	1
q_8333	doc_8634	1
q_8334	doc_8635	1
q_8335	doc_8637	1
q_8336	doc_8639	1
q_8337	doc_8640	1
q_8338	doc_8642	1
q_8339	doc_8644	1
q_8340	doc_8645	1
q_8341	doc_8646	1
q_8342	doc_8647	1
q_8343	doc_8648	1
q_8344	doc_8649	1
q_8345	doc_8650	1
q_8346	doc_8651	1
q_8347	doc_8652	1
q_8348	doc_8654	1
q_8349	doc_8655	1
q_8350	doc_8656	1
q_8351	doc_8657	1
q_8352	doc_8658	1
q_8353	doc_8659	1
q_8354	doc_8660	1
q_8355	doc_8661	1
q_8356	doc_8662	1
q_8357	doc_8663	1
q_8358	doc_8664	1
q_8359	doc_8666	1
q_8360	doc_8668	1
q_8361	doc_8669	1
q_8362	doc_8670	1
q_8363	doc_8671	1
q_8364	doc_8672	1
q_8365	doc_8673	1
q_8366	doc_8674	1
q_8367	doc_8675	1
q_8368	doc_8676	1
q_8369	doc_8677	1
q_8370	doc_8678	1
q_8371	doc_8679	1
q_8372	doc_8680	1
q_8373	doc_8681	1
q_8374	doc_8682	1
q_8375	doc_8683	1
q_8376	doc_8684	1
q_8377	doc_8685	1
q_8378	doc_8687	1
q_8379	doc_8688	1
q_8380	doc_8689	1
q_8381	doc_8690	1
q_8382	doc_8691	1
q_8383	doc_8692	1
q_8384	doc_8693	1
q_8385	doc_8694	1
q_8386	doc_8695	1
q_8387	doc_8696	1
q_8388	doc_8697	1
q_8389	doc_8698	1
q_8390	doc_8699	1
q_8391	doc_8701	1
q_8392	doc_8703	1
q_8393	doc_8704	1
q_8394	doc_8705	1
q_8395	doc_8706	1
q_8396	doc_8707	1
q_8397	doc_8708	1
q_8398	doc_8709	1
q_8399	doc_8710	1
q_8400	doc_8711	1
q_8401	doc_8712	1
q_8402	doc_8713	1
q_8403	doc_8714	1
q_8404	doc_8715	1
q_8405	doc_8716	1
q_8406	doc_8717	1
q_8407	doc_8718	1
q_8408	doc_8719	1
q_8409	doc_8720	1
q_8410	doc_8721	1
q_8411	doc_8722	1
q_8412	doc_8723	1
q_8413	doc_8724	1
q_8414	doc_8725	1
q_8415	doc_8726	1
q_8416	doc_8727	1
q_8417	doc_8728	1
q_8418	doc_8729	1
q_8419	doc_8730	1
q_8420	doc_8731	1
q_8421	doc_8732	1
q_8422	doc_8733	1
q_8423	doc_8734	1
q_8424	doc_8735	1
q_8425	doc_8736	1
q_8426	doc_8737	1
q_8427	doc_8738	1
q_8428	doc_8739	1
q_8429	doc_8740	1
q_8430	doc_8743	1
q_8431	doc_8744	1
q_8432	doc_8745	1
q_8433	doc_8746	1
q_8434	doc_8747	1
q_8435	doc_8748	1
q_8436	doc_8749	1
q_8437	doc_8750	1
q_8438	doc_8751	1
q_8439	doc_8752	1
q_8440	doc_8753	1
q_8441	doc_8754	1
q_8442	doc_8755	1
q_8443	doc_8756	1
q_8444	doc_8757	1
q_8445	doc_8758	1
q_8446	doc_8759	1
q_8447	doc_8760	1
q_8448	doc_8761	1
q_8449	doc_8762	1
q_8450	doc_8763	1
q_8451	doc_8764	1
q_8452	doc_8765	1
q_8453	doc_8766	1
q_8454	doc_8767	1
q_8455	doc_8768	1
q_8456	doc_8769	1
q_8457	doc_8770	1
q_8458	doc_8771	1
q_8459	doc_8772	1
q_8460	doc_8773	1
q_8461	doc_8774	1
q_8462	doc_8775	1
q_8463	doc_8776	1
q_8464	doc_8777	1
q_8465	doc_8778	1
q_8466	doc_8779	1
q_8467	doc_8780	1
q_8468	doc_8781	1
q_8469	doc_8782	1
q_8470	doc_8783	1
q_8471	doc_8784	1
q_8472	doc_8785	1
q_8473	doc_8786	1
q_8474	doc_8787	1
q_8475	doc_8788	1
q_8476	doc_8789	1
q_8477	doc_8790	1
q_8478	doc_8791	1
q_8479	doc_8792	1
q_8480	doc_8793	1
q_8481	doc_8794	1
q_8482	doc_8795	1
q_8483	doc_8796	1
q_8484	doc_8797	1
q_8485	doc_8798	1
q_8486	doc_8799	1
q_8487	doc_8800	1
q_8488	doc_8801	1
q_8489	doc_8802	1
q_8490	doc_8803	1
q_8491	doc_8804	1
q_8492	doc_8805	1
q_8493	doc_8806	1
q_8494	doc_8807	1
q_8495	doc_8809	1
q_8496	doc_8810	1
q_8497	doc_8811	1
q_8498	doc_8813	1
q_8499	doc_8814	1
q_8500	doc_8817	1
q_8501	doc_8818	1
q_8502	doc_8819	1
q_8503	doc_8820	1
q_8504	doc_8821	1
q_8505	doc_8822	1
q_8506	doc_8823	1
q_8507	doc_8824	1
q_8508	doc_8825	1
q_8509	doc_8826	1
q_8510	doc_8827	1
q_8511	doc_8829	1
q_8512	doc_8830	1
q_8513	doc_8831	1
q_8514	doc_8833	1
q_8515	doc_8834	1
q_8516	doc_8835	1
q_8517	doc_8836	1
q_8518	doc_8837	1
q_8519	doc_8838	1
q_8520	doc_8839	1
q_8521	doc_8840	1
q_8522	doc_8841	1
q_8523	doc_8842	1
q_8524	doc_8843	1
q_8525	doc_8844	1
q_8526	doc_8845	1
q_8527	doc_8846	1
q_8528	doc_8847	1
q_8529	doc_8848	1
q_8530	doc_8849	1
q_8531	doc_8850	1
q_8532	doc_8851	1
q_8533	doc_8852	1
q_8534	doc_8853	1
q_8535	doc_8854	1
q_8536	doc_8855	1
q_8537	doc_8856	1
q_8538	doc_8857	1
q_8539	doc_8858	1
q_8540	doc_8859	1
q_8541	doc_8860	1
q_8542	doc_8861	1
q_8543	doc_8862	1
q_8544	doc_8819	1
q_8545	doc_8863	1
q_8546	doc_8864	1
q_8547	doc_8865	1
q_8548	doc_8866	1
q_8549	doc_8867	1
q_8550	doc_8868	1
q_8551	doc_8869	1
q_8552	doc_8870	1
q_8553	doc_8871	1
q_8554	doc_8872	1
q_8555	doc_8873	1
q_8556	doc_8874	1
q_8557	doc_8875	1
q_8558	doc_8876	1
q_8559	doc_8877	1
q_8560	doc_8878	1
q_8561	doc_8879	1
q_8562	doc_8880	1
q_8563	doc_8881	1
q_8564	doc_8882	1
q_8565	doc_8883	1
q_8566	doc_8884	1
q_8567	doc_8885	1
q_8568	doc_8886	1
q_8569	doc_8887	1
q_8570	doc_8888	1
q_8571	doc_8889	1
q_8572	doc_8890	1
q_8573	doc_8891	1
q_8574	doc_8892	1
q_8575	doc_8893	1
q_8576	doc_8894	1
q_8577	doc_8895	1
q_8578	doc_8896	1
q_8579	doc_8897	1
q_8580	doc_8898	1
q_8581	doc_8899	1
q_8582	doc_8900	1
q_8583	doc_8901	1
q_8584	doc_8902	1
q_8585	doc_8903	1
q_8586	doc_8904	1
q_8587	doc_8905	1
q_8588	doc_8906	1
q_8589	doc_8907	1
q_8590	doc_8908	1
q_8591	doc_8909	1
q_8592	doc_8910	1
q_8593	doc_8911	1
q_8594	doc_8912	1
q_8595	doc_8913	1
q_8596	doc_8914	1
q_8597	doc_8915	1
q_8598	doc_8916	1
q_8599	doc_8917	1
q_8600	doc_8918	1
q_8601	doc_8919	1
q_8602	doc_8920	1
q_8603	doc_8921	1
q_8604	doc_8922	1
q_8605	doc_8923	1
q_8606	doc_8924	1
q_8607	doc_8925	1
q_8608	doc_8926	1
q_8609	doc_8927	1
q_8610	doc_8928	1
q_8611	doc_8929	1
q_8612	doc_8930	1
q_8613	doc_8931	1
q_8614	doc_8932	1
q_8615	doc_8933	1
q_8616	doc_8934	1
q_8617	doc_8935	1
q_8618	doc_8936	1
q_8619	doc_8937	1
q_8620	doc_8938	1
q_8621	doc_8939	1
q_8622	doc_8940	1
q_8623	doc_8941	1
q_8624	doc_8942	1
q_8625	doc_8943	1
q_8626	doc_8944	1
q_8627	doc_8945	1
q_8628	doc_8946	1
q_8629	doc_8947	1
q_8630	doc_8950	1
q_8631	doc_8951	1
q_8632	doc_8953	1
q_8633	doc_8954	1
q_8634	doc_8955	1
q_8635	doc_8956	1
q_8636	doc_8957	1
q_8637	doc_8960	1
q_8638	doc_8961	1
q_8639	doc_8962	1
q_8640	doc_8963	1
q_8641	doc_8964	1
q_8642	doc_8965	1
q_8643	doc_8966	1
q_8644	doc_8967	1
q_8645	doc_8968	1
q_8646	doc_8969	1
q_8647	doc_8970	1
q_8648	doc_8971	1
q_8649	doc_8972	1
q_8650	doc_8973	1
q_8651	doc_8974	1
q_8652	doc_2602	1
q_8653	doc_8975	1
q_8654	doc_8976	1
q_8655	doc_8977	1
q_8656	doc_8980	1
q_8657	doc_8862	1
q_8658	doc_8981	1
q_8659	doc_8982	1
q_8660	doc_8983	1
q_8661	doc_8984	1
q_8662	doc_8985	1
q_8663	doc_8986	1
q_8664	doc_8987	1
q_8665	doc_8988	1
q_8666	doc_8989	1
q_8667	doc_8990	1
q_8668	doc_8991	1
q_8669	doc_8992	1
q_8670	doc_8993	1
q_8671	doc_8994	1
q_8672	doc_8995	1
q_8673	doc_8996	1
q_8674	doc_8997	1
q_8675	doc_8998	1
q_8676	doc_8999	1
q_8677	doc_9000	1
q_8678	doc_9001	1
q_8679	doc_9002	1
q_8680	doc_9003	1
q_8681	doc_9004	1
q_8682	doc_9005	1
q_8683	doc_9006	1
q_8684	doc_9007	1
q_8685	doc_9008	1
q_8686	doc_9009	1
q_8687	doc_8946	1
q_8688	doc_8953	1
q_8689	doc_8955	1
q_8690	doc_8957	1
q_8691	doc_8960	1
q_8692	doc_8962	1
q_8693	doc_9010	1
q_8694	doc_9011	1
q_8695	doc_9012	1
q_8696	doc_9013	1
q_8697	doc_9014	1
q_8698	doc_9015	1
q_8699	doc_9016	1
q_8700	doc_9017	1
q_8701	doc_9019	1
q_8702	doc_9020	1
q_8703	doc_9021	1
q_8704	doc_9022	1
q_8705	doc_9023	1
q_8706	doc_9024	1
q_8707	doc_9025	1
q_8708	doc_9026	1
q_8709	doc_9027	1
q_8710	doc_9028	1
q_8711	doc_9029	1
q_8712	doc_9030	1
q_8713	doc_9031	1
q_8714	doc_9032	1
q_8715	doc_9033	1
q_8716	doc_9034	1
q_8717	doc_9035	1
q_8718	doc_9036	1
q_8719	doc_9037	1
q_8720	doc_9038	1
q_8721	doc_9039	1
q_8722	doc_9040	1
q_8723	doc_9041	1
q_8724	doc_9042	1
q_8725	doc_9043	1
q_8726	doc_9044	1
q_8727	doc_9045	1
q_8728	doc_9046	1
q_8729	doc_9047	1
q_8730	doc_9048	1
q_8731	doc_9049	1
q_8732	doc_9050	1
q_8733	doc_9051	1
q_8734	doc_9052	1
q_8735	doc_9053	1
q_8736	doc_9054	1
q_8737	doc_9055	1
q_8738	doc_9056	1
q_8739	doc_9057	1
q_8740	doc_9058	1
q_8741	doc_9059	1
q_8742	doc_9060	1
q_8743	doc_9061	1
q_8744	doc_9062	1
q_8745	doc_9063	1
q_8746	doc_9064	1
q_8747	doc_9065	1
q_8748	doc_9066	1
q_8749	doc_9067	1
q_8750	doc_9068	1
q_8751	doc_9069	1
q_8752	doc_9070	1
q_8753	doc_9071	1
q_8754	doc_9072	1
q_8755	doc_9073	1
q_8756	doc_9074	1
q_8757	doc_9075	1
q_8758	doc_9076	1
q_8759	doc_9077	1
q_8760	doc_9078	1
q_8761	doc_9079	1
q_8762	doc_9080	1
q_8763	doc_9081	1
q_8764	doc_9084	1
q_8765	doc_9085	1
q_8766	doc_9086	1
q_8767	doc_9087	1
q_8768	doc_9088	1
q_8769	doc_9089	1
q_8770	doc_9090	1
q_8771	doc_9091	1
q_8772	doc_9092	1
q_8773	doc_9093	1
q_8774	doc_9094	1
q_8775	doc_9095	1
q_8776	doc_9096	1
q_8777	doc_9097	1
q_8778	doc_9098	1
q_8779	doc_9099	1
q_8780	doc_9100	1
q_8781	doc_9101	1
q_8782	doc_9102	1
q_8783	doc_9103	1
q_8784	doc_9104	1
q_8785	doc_9105	1
q_8786	doc_9106	1
q_8787	doc_9107	1
q_8788	doc_9108	1
q_8789	doc_9109	1
q_8790	doc_9110	1
q_8791	doc_9111	1
q_8792	doc_9112	1
q_8793	doc_9113	1
q_8794	doc_9114	1
q_8795	doc_9115	1
q_8796	doc_9116	1
q_8797	doc_9117	1
q_8798	doc_9118	1
q_8799	doc_9119	1
q_8800	doc_9120	1
q_8801	doc_9121	1
q_8802	doc_9122	1
q_8803	doc_9123	1
q_8804	doc_9124	1
q_8805	doc_9125	1
q_8806	doc_9126	1
q_8807	doc_9127	1
q_8808	doc_9128	1
q_8809	doc_9129	1
q_8810	doc_9130	1
q_8811	doc_9131	1
q_8812	doc_9132	1
q_8813	doc_9133	1
q_8814	doc_9134	1
q_8815	doc_9135	1
q_8816	doc_9136	1
q_8817	doc_9137	1
q_8818	doc_9138	1
q_8819	doc_9139	1
q_8820	doc_9140	1
q_8821	doc_9141	1
q_8822	doc_9142	1
q_8823	doc_9143	1
q_8824	doc_9146	1
q_8825	doc_9147	1
q_8826	doc_9148	1
q_8827	doc_9149	1
q_8828	doc_9150	1
q_8829	doc_9151	1
q_8830	doc_9152	1
q_8831	doc_9153	1
q_8832	doc_9154	1
q_8833	doc_9155	1
q_8834	doc_9156	1
q_8835	doc_9157	1
q_8836	doc_9158	1
q_8837	doc_9159	1
q_8838	doc_9160	1
q_8839	doc_9161	1
q_8840	doc_9162	1
q_8841	doc_9163	1
q_8842	doc_9164	1
q_8843	doc_9165	1
q_8844	doc_9166	1
q_8845	doc_9167	1
q_8846	doc_9168	1
q_8847	doc_9169	1
q_8848	doc_9170	1
q_8849	doc_9171	1
q_8850	doc_9172	1
q_8851	doc_9173	1
q_8852	doc_9174	1
q_8853	doc_9175	1
q_8854	doc_9176	1
q_8855	doc_9177	1
q_8856	doc_9178	1
q_8857	doc_9179	1
q_8858	doc_9180	1
q_8859	doc_9181	1
q_8860	doc_9182	1
q_8861	doc_9183	1
q_8862	doc_9184	1
q_8863	doc_9185	1
q_8864	doc_9186	1
q_8865	doc_9187	1
q_8866	doc_9188	1
q_8867	doc_9189	1
q_8868	doc_9190	1
q_8869	doc_9191	1
q_8870	doc_9192	1
q_8871	doc_9193	1
q_8872	doc_9194	1
q_8873	doc_9195	1
q_8874	doc_9196	1
q_8875	doc_9197	1
q_8876	doc_9198	1
q_8877	doc_9199	1
q_8878	doc_9200	1
q_8879	doc_9202	1
q_8880	doc_9203	1
q_8881	doc_9204	1
q_8882	doc_9205	1
q_8883	doc_9208	1
q_8884	doc_9209	1
q_8885	doc_9210	1
q_8886	doc_9211	1
q_8887	doc_9212	1
q_8888	doc_9213	1
q_8889	doc_9214	1
q_8890	doc_9215	1
q_8891	doc_9216	1
q_8892	doc_9217	1
q_8893	doc_9218	1
q_8894	doc_9219	1
q_8895	doc_9220	1
q_8896	doc_9221	1
q_8897	doc_9222	1
q_8898	doc_9223	1
q_8899	doc_9224	1
q_8900	doc_9225	1
q_8901	doc_9226	1
q_8902	doc_9227	1
q_8903	doc_9228	1
q_8904	doc_9229	1
q_8905	doc_9230	1
q_8906	doc_9231	1
q_8907	doc_9232	1
q_8908	doc_9233	1
q_8909	doc_9234	1
q_8910	doc_9235	1
q_8911	doc_9236	1
q_8912	doc_9237	1
q_8913	doc_9238	1
q_8914	doc_9239	1
q_8915	doc_9240	1
q_8916	doc_9241	1
q_8917	doc_9242	1
q_8918	doc_9243	1
q_8919	doc_9244	1
q_8920	doc_9245	1
q_8921	doc_9246	1
q_8922	doc_9247	1
q_8923	doc_9248	1
q_8924	doc_9249	1
q_8925	doc_9252	1
q_8926	doc_9253	1
q_8927	doc_9254	1
q_8928	doc_9255	1
q_8929	doc_9256	1
q_8930	doc_9257	1
q_8931	doc_9258	1
q_8932	doc_9259	1
q_8933	doc_9260	1
q_8934	doc_9261	1
q_8935	doc_9262	1
q_8936	doc_9263	1
q_8937	doc_9264	1
q_8938	doc_9265	1
q_8939	doc_9266	1
q_8940	doc_9267	1
q_8941	doc_9268	1
q_8942	doc_9269	1
q_8943	doc_9270	1
q_8944	doc_9271	1
q_8945	doc_9272	1
q_8946	doc_9273	1
q_8947	doc_9274	1
q_8948	doc_9275	1
q_8949	doc_9276	1
q_8950	doc_9277	1
q_8951	doc_9278	1
q_8952	doc_9279	1
q_8953	doc_9280	1
q_8954	doc_9281	1
q_8955	doc_9282	1
q_8956	doc_9283	1
q_8957	doc_9284	1
q_8958	doc_9285	1
q_8959	doc_9286	1
q_8960	doc_9287	1
q_8961	doc_9288	1
q_8962	doc_9289	1
q_8963	doc_9292	1
q_8964	doc_9293	1
q_8965	doc_9294	1
q_8966	doc_9295	1
q_8967	doc_9296	1
q_8968	doc_9297	1
q_8969	doc_9298	1
q_8970	doc_9299	1
q_8971	doc_9300	1
q_8972	doc_9301	1
q_8973	doc_9302	1
q_8974	doc_9303	1
q_8975	doc_9304	1
q_8976	doc_9305	1
q_8977	doc_9306	1
q_8978	doc_9307	1
q_8979	doc_9308	1
q_8980	doc_9309	1
q_8981	doc_9310	1
q_8982	doc_9311	1
q_8983	doc_9312	1
q_8984	doc_9313	1
q_8985	doc_9314	1
q_8986	doc_9315	1
q_8987	doc_9316	1
q_8988	doc_9318	1
q_8989	doc_9319	1
q_8990	doc_9321	1
q_8991	doc_9322	1
q_8992	doc_9323	1
q_8993	doc_9324	1
q_8994	doc_9325	1
q_8995	doc_9326	1
q_8996	doc_9327	1
q_8997	doc_9328	1
q_8998	doc_9329	1
q_8999	doc_9330	1
q_9000	doc_9331	1
q_9001	doc_9332	1
q_9002	doc_9333	1
q_9003	doc_9334	1
q_9004	doc_9337	1
q_9005	doc_9338	1
q_9006	doc_9339	1
q_9007	doc_9340	1
q_9008	doc_9341	1
q_9009	doc_9342	1
q_9010	doc_9343	1
q_9011	doc_9344	1
q_9012	doc_9345	1
q_9013	doc_9346	1
q_9014	doc_9347	1
q_9015	doc_9348	1
q_9016	doc_9349	1
q_9017	doc_9350	1
q_9018	doc_9351	1
q_9019	doc_9352	1
q_9020	doc_9353	1
q_9021	doc_9354	1
q_9022	doc_9355	1
q_9023	doc_9356	1
q_9024	doc_9357	1
q_9025	doc_9358	1
q_9026	doc_9359	1
q_9027	doc_9360	1
q_9028	doc_9361	1
q_9029	doc_9362	1
q_9030	doc_9363	1
q_9031	doc_9364	1
q_9032	doc_9365	1
q_9033	doc_9366	1
q_9034	doc_9367	1
q_9035	doc_9368	1
q_9036	doc_9369	1
q_9037	doc_9370	1
q_9038	doc_9371	1
q_9039	doc_9372	1
q_9040	doc_9373	1
q_9041	doc_9374	1
q_9042	doc_9375	1
q_9043	doc_9376	1
q_9044	doc_9377	1
q_9045	doc_9378	1
q_9046	doc_9379	1
q_9047	doc_9380	1
q_9048	doc_9381	1
q_9049	doc_9382	1
q_9050	doc_9383	1
q_9051	doc_9384	1
q_9052	doc_9385	1
q_9053	doc_9386	1
q_9054	doc_9387	1
q_9055	doc_9388	1
q_9056	doc_9389	1
q_9057	doc_9390	1
q_9058	doc_9391	1
q_9059	doc_9392	1
q_9060	doc_9393	1
q_9061	doc_9394	1
q_9062	doc_9395	1
q_9063	doc_9396	1
q_9064	doc_9397	1
q_9065	doc_9398	1
q_9066	doc_9399	1
q_9067	doc_9400	1
q_9068	doc_9401	1
q_9069	doc_9402	1
q_9070	doc_9403	1
q_9071	doc_9404	1
q_9072	doc_9405	1
q_9073	doc_9406	1
q_9074	doc_9407	1
q_9075	doc_9408	1
q_9076	doc_9409	1
q_9077	doc_9410	1
q_9078	doc_9411	1
q_9079	doc_9412	1
q_9080	doc_9413	1
q_9081	doc_9414	1
q_9082	doc_9415	1
q_9083	doc_9416	1
q_9084	doc_9417	1
q_9085	doc_9418	1
q_9086	doc_9421	1
q_9087	doc_9422	1
q_9088	doc_9423	1
q_9089	doc_9424	1
q_9090	doc_9425	1
q_9091	doc_9426	1
q_9092	doc_9427	1
q_9093	doc_9428	1
q_9094	doc_9429	1
q_9095	doc_9430	1
q_9096	doc_9431	1
q_9097	doc_9432	1
q_9098	doc_9433	1
q_9099	doc_9434	1
q_9100	doc_9435	1
q_9101	doc_9436	1
q_9102	doc_9437	1
q_9103	doc_9438	1
q_9104	doc_9439	1
q_9105	doc_9440	1
q_9106	doc_9443	1
q_9107	doc_9444	1
q_9108	doc_9445	1
q_9109	doc_9446	1
q_9110	doc_9447	1
q_9111	doc_9448	1
q_9112	doc_9449	1
q_9113	doc_9450	1
q_9114	doc_9451	1
q_9115	doc_9452	1
q_9116	doc_9453	1
q_9117	doc_9454	1
q_9118	doc_9455	1
q_9119	doc_9456	1
q_9120	doc_9457	1
q_9121	doc_9458	1
q_9122	doc_9459	1
q_9123	doc_9460	1
q_9124	doc_9461	1
q_9125	doc_9462	1
q_9126	doc_9463	1
q_9127	doc_9464	1
q_9128	doc_9465	1
q_9129	doc_9466	1
q_9130	doc_9467	1
q_9131	doc_9468	1
q_9132	doc_9469	1
q_9133	doc_9470	1
q_9134	doc_9471	1
q_9135	doc_9472	1
q_9136	doc_9473	1
q_9137	doc_9474	1
q_9138	doc_9475	1
q_9139	doc_9476	1
q_9140	doc_9477	1
q_9141	doc_9478	1
q_9142	doc_9479	1
q_9143	doc_9480	1
q_9144	doc_9481	1
q_9145	doc_9482	1
q_9146	doc_9406	1
q_9147	doc_9483	1
q_9148	doc_9484	1
q_9149	doc_9485	1
q_9150	doc_9486	1
q_9151	doc_9487	1
q_9152	doc_9488	1
q_9153	doc_9489	1
q_9154	doc_9490	1
q_9155	doc_9491	1
q_9156	doc_9492	1
q_9157	doc_9493	1
q_9158	doc_9494	1
q_9159	doc_9495	1
q_9160	doc_9496	1
q_9161	doc_9497	1
q_9162	doc_9498	1
q_9163	doc_9499	1
q_9164	doc_9500	1
q_9165	doc_9501	1
q_9166	doc_9502	1
q_9167	doc_9503	1
q_9168	doc_9504	1
q_9169	doc_9505	1
q_9170	doc_9506	1
q_9171	doc_9507	1
q_9172	doc_9508	1
q_9173	doc_9509	1
q_9174	doc_9510	1
q_9175	doc_9511	1
q_9176	doc_9512	1
q_9177	doc_9513	1
q_9178	doc_9514	1
q_9179	doc_9515	1
q_9180	doc_9516	1
q_9181	doc_9517	1
q_9182	doc_9518	1
q_9183	doc_9519	1
q_9184	doc_9520	1
q_9185	doc_9521	1
q_9186	doc_9522	1
q_9187	doc_9525	1
q_9188	doc_9526	1
q_9189	doc_9527	1
q_9190	doc_9528	1
q_9191	doc_9529	1
q_9192	doc_9530	1
q_9193	doc_9531	1
q_9194	doc_9532	1
q_9195	doc_9533	1
q_9196	doc_9534	1
q_9197	doc_9536	1
q_9198	doc_9538	1
q_9199	doc_9539	1
q_9200	doc_9540	1
q_9201	doc_9541	1
q_9202	doc_9542	1
q_9203	doc_9545	1
q_9204	doc_9546	1
q_9205	doc_9547	1
q_9206	doc_9548	1
q_9207	doc_9549	1
q_9208	doc_9550	1
q_9209	doc_9551	1
q_9210	doc_9552	1
q_9211	doc_9553	1
q_9212	doc_9554	1
q_9213	doc_9555	1
q_9214	doc_9556	1
q_9215	doc_9557	1
q_9216	doc_9558	1
q_9217	doc_9559	1
q_9218	doc_9560	1
q_9219	doc_9561	1
q_9220	doc_9562	1
q_9221	doc_9563	1
q_9222	doc_9564	1
q_9223	doc_9565	1
q_9224	doc_9566	1
q_9225	doc_9567	1
q_9226	doc_9568	1
q_9227	doc_9569	1
q_9228	doc_9570	1
q_9229	doc_9571	1
q_9230	doc_9572	1
q_9231	doc_9573	1
q_9232	doc_9574	1
q_9233	doc_9575	1
q_9234	doc_9576	1
q_9235	doc_9577	1
q_9236	doc_9578	1
q_9237	doc_9579	1
q_9238	doc_9580	1
q_9239	doc_9581	1
q_9240	doc_9582	1
q_9241	doc_9583	1
q_9242	doc_9584	1
q_9243	doc_9585	1
q_9244	doc_9586	1
q_9245	doc_9587	1
q_9246	doc_9588	1
q_9247	doc_9589	1
q_9248	doc_9590	1
q_9249	doc_9591	1
q_9250	doc_9592	1
q_9251	doc_9593	1
q_9252	doc_9594	1
q_9253	doc_9595	1
q_9254	doc_9596	1
q_9255	doc_9597	1
q_9256	doc_9598	1
q_9257	doc_9599	1
q_9258	doc_9600	1
q_9259	doc_9601	1
q_9260	doc_9602	1
q_9261	doc_9603	1
q_9262	doc_9604	1
q_9263	doc_9605	1
q_9264	doc_9606	1
q_9265	doc_9607	1
q_9266	doc_9608	1
q_9267	doc_9609	1
q_9268	doc_9610	1
q_9269	doc_9611	1
q_9270	doc_9612	1
q_9271	doc_9613	1
q_9272	doc_9614	1
q_9273	doc_9615	1
q_9274	doc_9616	1
q_9275	doc_9617	1
q_9276	doc_9618	1
q_9277	doc_9619	1
q_9278	doc_9620	1
q_9279	doc_9621	1
q_9280	doc_9622	1
q_9281	doc_9623	1
q_9282	doc_9624	1
q_9283	doc_9625	1
q_9284	doc_9626	1
q_9285	doc_9627	1
q_9286	doc_9628	1
q_9287	doc_9629	1
q_9288	doc_9630	1
q_9289	doc_9631	1
q_9290	doc_9632	1
q_9291	doc_9633	1
q_9292	doc_9634	1
q_9293	doc_9635	1
q_9294	doc_9636	1
q_9295	doc_9637	1
q_9296	doc_9638	1
q_9297	doc_9639	1
q_9298	doc_9640	1
q_9299	doc_9641	1
q_9300	doc_9642	1
q_9301	doc_9643	1
q_9302	doc_9644	1
q_9303	doc_9645	1
q_9304	doc_9646	1
q_9305	doc_9647	1
q_9306	doc_9648	1
q_9307	doc_9649	1
q_9308	doc_9650	1
q_9309	doc_9651	1
q_9310	doc_9652	1
q_9311	doc_9653	1
q_9312	doc_9654	1
q_9313	doc_9655	1
q_9314	doc_9656	1
q_9315	doc_9657	1
q_9316	doc_9658	1
q_9317	doc_9659	1
q_9318	doc_9660	1
q_9319	doc_9661	1
q_9320	doc_9662	1
q_9321	doc_9663	1
q_9322	doc_9664	1
q_9323	doc_9665	1
q_9324	doc_9666	1
q_9325	doc_9667	1
q_9326	doc_9668	1
q_9327	doc_9669	1
q_9328	doc_9670	1
q_9329	doc_9671	1
q_9330	doc_9672	1
q_9331	doc_9673	1
q_9332	doc_9674	1
q_9333	doc_9675	1
q_9334	doc_9676	1
q_9335	doc_9677	1
q_9336	doc_9680	1
q_9337	doc_9681	1
q_9338	doc_9682	1
q_9339	doc_9683	1
q_9340	doc_9684	1
q_9341	doc_9685	1
q_9342	doc_9686	1
q_9343	doc_9687	1
q_9344	doc_9688	1
q_9345	doc_9689	1
q_9346	doc_9690	1
q_9347	doc_9691	1
q_9348	doc_9692	1
q_9349	doc_9693	1
q_9350	doc_9694	1
q_9351	doc_9695	1
q_9352	doc_9696	1
q_9353	doc_9697	1
q_9354	doc_9698	1
q_9355	doc_9699	1
q_9356	doc_9700	1
q_9357	doc_9701	1
q_9358	doc_9702	1
q_9359	doc_9703	1
q_9360	doc_9704	1
q_9361	doc_9705	1
q_9362	doc_9706	1
q_9363	doc_9707	1
q_9364	doc_9708	1
q_9365	doc_9709	1
q_9366	doc_9710	1
q_9367	doc_9711	1
q_9368	doc_9712	1
q_9369	doc_9713	1
q_9370	doc_9714	1
q_9371	doc_9715	1
q_9372	doc_9716	1
q_9373	doc_9717	1
q_9374	doc_9718	1
q_9375	doc_9719	1
q_9376	doc_9720	1
q_9377	doc_9721	1
q_9378	doc_9722	1
q_9379	doc_9723	1
q_9380	doc_9724	1
q_9381	doc_9725	1
q_9382	doc_9726	1
q_9383	doc_9727	1
q_9384	doc_9728	1
q_9385	doc_9729	1
q_9386	doc_9730	1
q_9387	doc_9731	1
q_9388	doc_9732	1
q_9389	doc_9733	1
q_9390	doc_9734	1
q_9391	doc_9735	1
q_9392	doc_9736	1
q_9393	doc_9737	1
q_9394	doc_9738	1
q_9395	doc_9739	1
q_9396	doc_9740	1
q_9397	doc_9741	1
q_9398	doc_9742	1
q_9399	doc_9743	1
q_9400	doc_9744	1
q_9401	doc_9745	1
q_9402	doc_9746	1
q_9403	doc_9747	1
q_9404	doc_9748	1
q_9405	doc_9749	1
q_9406	doc_9750	1
q_9407	doc_9751	1
q_9408	doc_9752	1
q_9409	doc_9753	1
q_9410	doc_9754	1
q_9411	doc_9756	1
q_9412	doc_9757	1
q_9413	doc_9758	1
q_9414	doc_9760	1
q_9415	doc_9764	1
q_9416	doc_9765	1
q_9417	doc_9766	1
q_9418	doc_9767	1
q_9419	doc_9768	1
q_9420	doc_9769	1
q_9421	doc_9770	1
q_9422	doc_9771	1
q_9423	doc_9772	1
q_9424	doc_9773	1
q_9425	doc_9774	1
q_9426	doc_9776	1
q_9427	doc_9777	1
q_9428	doc_9778	1
q_9429	doc_9779	1
q_9430	doc_9780	1
q_9431	doc_9781	1
q_9432	doc_9782	1
q_9433	doc_9783	1
q_9434	doc_9784	1
q_9435	doc_9785	1
q_9436	doc_9786	1
q_9437	doc_9787	1
q_9438	doc_9788	1
q_9439	doc_9789	1
q_9440	doc_9790	1
q_9441	doc_9791	1
q_9442	doc_9792	1
q_9443	doc_9793	1
q_9444	doc_9794	1
q_9445	doc_9795	1
q_9446	doc_9799	1
q_9447	doc_9800	1
q_9448	doc_9802	1
q_9449	doc_9803	1
q_9450	doc_9804	1
q_9451	doc_9805	1
q_9452	doc_9812	1
q_9453	doc_9813	1
q_9454	doc_9814	1
q_9455	doc_9815	1
q_9456	doc_9816	1
q_9457	doc_9817	1
q_9458	doc_9818	1
q_9459	doc_9819	1
q_9460	doc_9820	1
q_9461	doc_9821	1
q_9462	doc_9822	1
q_9463	doc_9823	1
q_9464	doc_9825	1
q_9465	doc_9826	1
q_9466	doc_9827	1
q_9467	doc_9828	1
q_9468	doc_9829	1
q_9469	doc_9830	1
q_9470	doc_9831	1
q_9471	doc_9832	1
q_9472	doc_9833	1
q_9473	doc_9835	1
q_9474	doc_9836	1
q_9475	doc_9837	1
q_9476	doc_9839	1
q_9477	doc_9840	1
q_9478	doc_9841	1
q_9479	doc_9842	1
q_9480	doc_9843	1
q_9481	doc_9844	1
q_9482	doc_9845	1
q_9483	doc_9846	1
q_9484	doc_2658	1
q_9485	doc_9847	1
q_9486	doc_9848	1
q_9487	doc_9849	1
q_9488	doc_9851	1
q_9489	doc_9853	1
q_9490	doc_9854	1
q_9491	doc_9856	1
q_9492	doc_9857	1
q_9493	doc_9859	1
q_9494	doc_9860	1
q_9495	doc_9861	1
q_9496	doc_9862	1
q_9497	doc_9865	1
q_9498	doc_9866	1
q_9499	doc_9867	1
q_9500	doc_9868	1
q_9501	doc_9869	1
q_9502	doc_9870	1
q_9503	doc_9871	1
q_9504	doc_9872	1
q_9505	doc_9873	1
q_9506	doc_9874	1
q_9507	doc_9875	1
q_9508	doc_9876	1
q_9509	doc_9877	1
q_9510	doc_9878	1
q_9511	doc_9879	1
q_9512	doc_9880	1
q_9513	doc_9881	1
q_9514	doc_9882	1
q_9515	doc_9883	1
q_9516	doc_9884	1
q_9517	doc_9885	1
q_9518	doc_9886	1
q_9519	doc_9887	1
q_9520	doc_9888	1
q_9521	doc_9890	1
q_9522	doc_9891	1
q_9523	doc_9892	1
q_9524	doc_9893	1
q_9525	doc_9894	1
q_9526	doc_9895	1
q_9527	doc_9896	1
q_9528	doc_9897	1
q_9529	doc_9898	1
q_9530	doc_9899	1
q_9531	doc_9900	1
q_9532	doc_9901	1
q_9533	doc_9902	1
q_9534	doc_9903	1
q_9535	doc_9904	1
q_9536	doc_9905	1
q_9537	doc_9906	1
q_9538	doc_9907	1
q_9539	doc_9908	1
q_9540	doc_9909	1
q_9541	doc_9910	1
q_9542	doc_9911	1
q_9543	doc_9912	1
q_9544	doc_9913	1
q_9545	doc_9914	1
q_9546	doc_9915	1
q_9547	doc_9916	1
q_9548	doc_9917	1
q_9549	doc_9918	1
q_9550	doc_9919	1
q_9551	doc_9922	1
q_9552	doc_9923	1
q_9553	doc_9925	1
q_9554	doc_9926	1
q_9555	doc_9930	1
q_9556	doc_9931	1
q_9557	doc_9933	1
q_9558	doc_9935	1
q_9559	doc_9936	1
q_9560	doc_9937	1
q_9561	doc_9939	1
q_9562	doc_9940	1
q_9563	doc_9942	1
q_9564	doc_9943	1
q_9565	doc_9946	1
q_9566	doc_9948	1
q_9567	doc_9949	1
q_9568	doc_9950	1
q_9569	doc_9951	1
q_9570	doc_9952	1
q_9571	doc_9953	1
q_9572	doc_9954	1
q_9573	doc_9955	1
q_9574	doc_9956	1
q_9575	doc_9957	1
q_9576	doc_9958	1
q_9577	doc_9959	1
q_9578	doc_9960	1
q_9579	doc_9961	1
q_9580	doc_9962	1
q_9581	doc_9963	1
q_9582	doc_9964	1
q_9583	doc_9965	1
q_9584	doc_9966	1
q_9585	doc_9967	1
q_9586	doc_9968	1
q_9587	doc_9969	1
q_9588	doc_9970	1
q_9589	doc_9971	1
q_9590	doc_9972	1
q_9591	doc_9973	1
q_9592	doc_9974	1
q_9593	doc_9975	1
q_9594	doc_9976	1
q_9595	doc_9977	1
q_9596	doc_9978	1
q_9597	doc_9979	1
q_9598	doc_9980	1
q_9599	doc_9981	1
q_9600	doc_9982	1
q_9601	doc_9983	1
q_9602	doc_9984	1
q_9603	doc_9985	1
q_9604	doc_9986	1
q_9605	doc_9987	1
q_9606	doc_9988	1
q_9607	doc_9989	1
q_9608	doc_9991	1
q_9609	doc_9992	1
q_9610	doc_9993	1
q_9611	doc_9997	1
q_9612	doc_9998	1
q_9613	doc_10000	1
q_9614	doc_10002	1
q_9615	doc_10003	1
q_9616	doc_10005	1
q_9617	doc_10006	1
q_9618	doc_10011	1
q_9619	doc_10014	1
q_9620	doc_10015	1
q_9621	doc_10016	1
q_9622	doc_10017	1
q_9623	doc_10018	1
q_9624	doc_10020	1
q_9625	doc_10021	1
q_9626	doc_10022	1
q_9627	doc_10023	1
q_9628	doc_10024	1
q_9629	doc_10025	1
q_9630	doc_10026	1
q_9631	doc_10027	1
q_9632	doc_10028	1
q_9633	doc_10029	1
q_9634	doc_10030	1
q_9635	doc_10031	1
q_9636	doc_10032	1
q_9637	doc_10033	1
q_9638	doc_10034	1
q_9639	doc_10035	1
q_9640	doc_10037	1
q_9641	doc_10038	1
q_9642	doc_10039	1
q_9643	doc_10040	1
q_9644	doc_10042	1
q_9645	doc_10043	1
q_9646	doc_10044	1
q_9647	doc_10045	1
q_9648	doc_10047	1
q_9649	doc_10048	1
q_9650	doc_10049	1
q_9651	doc_10050	1
q_9652	doc_10051	1
q_9653	doc_10053	1
q_9654	doc_10055	1
q_9655	doc_10056	1
q_9656	doc_10059	1
q_9657	doc_10062	1
q_9658	doc_10063	1
q_9659	doc_10064	1
q_9660	doc_10065	1
q_9661	doc_10066	1
q_9662	doc_10067	1
q_9663	doc_10068	1
q_9664	doc_10069	1
q_9665	doc_10070	1
q_9666	doc_10071	1
q_9667	doc_10072	1
q_9668	doc_10073	1
q_9669	doc_10074	1
q_9670	doc_10075	1
q_9671	doc_10076	1
q_9672	doc_10077	1
q_9673	doc_10078	1
q_9674	doc_10079	1
q_9675	doc_10080	1
q_9676	doc_10081	1
q_9677	doc_10082	1
q_9678	doc_10083	1
q_9679	doc_10084	1
q_9680	doc_10085	1
q_9681	doc_10086	1
q_9682	doc_10087	1
q_9683	doc_10088	1
q_9684	doc_10089	1
q_9685	doc_10090	1
q_9686	doc_10091	1
q_9687	doc_10092	1
q_9688	doc_10093	1
q_9689	doc_10094	1
q_9690	doc_10095	1
q_9691	doc_10096	1
q_9692	doc_10097	1
q_9693	doc_10098	1
q_9694	doc_10099	1
q_9695	doc_10100	1
q_9696	doc_10101	1
q_9697	doc_10102	1
q_9698	doc_10104	1
q_9699	doc_10105	1
q_9700	doc_10106	1
q_9701	doc_10107	1
q_9702	doc_10108	1
q_9703	doc_10109	1
q_9704	doc_10110	1
q_9705	doc_10111	1
q_9706	doc_10112	1
q_9707	doc_10113	1
q_9708	doc_10114	1
q_9709	doc_10116	1
q_9710	doc_10117	1
q_9711	doc_10118	1
q_9712	doc_10119	1
q_9713	doc_10120	1
q_9714	doc_10121	1
q_9715	doc_10122	1
q_9716	doc_10123	1
q_9717	doc_10124	1
q_9718	doc_10125	1
q_9719	doc_10126	1
q_9720	doc_10127	1
q_9721	doc_10128	1
q_9722	doc_10129	1
q_9723	doc_10130	1
q_9724	doc_10131	1
q_9725	doc_10132	1
q_9726	doc_10133	1
q_9727	doc_10134	1
q_9728	doc_10135	1
q_9729	doc_10136	1
q_9730	doc_10137	1
q_9731	doc_10138	1
q_9732	doc_10139	1
q_9733	doc_10140	1
q_9734	doc_10141	1
q_9735	doc_10142	1
q_9736	doc_10143	1
q_9737	doc_10144	1
q_9738	doc_10145	1
q_9739	doc_10146	1
q_9740	doc_10147	1
q_9741	doc_10148	1
q_9742	doc_10149	1
q_9743	doc_10150	1
q_9744	doc_10151	1
q_9745	doc_10152	1
q_9746	doc_10153	1
q_9747	doc_10154	1
q_9748	doc_10155	1
q_9749	doc_10156	1
q_9750	doc_10157	1
q_9751	doc_10160	1
q_9752	doc_10161	1
q_9753	doc_10162	1
q_9754	doc_10165	1
q_9755	doc_10166	1
q_9756	doc_10168	1
q_9757	doc_10169	1
q_9758	doc_10175	1
q_9759	doc_10176	1
q_9760	doc_10177	1
q_9761	doc_10178	1
q_9762	doc_10179	1
q_9763	doc_10180	1
q_9764	doc_10181	1
q_9765	doc_10182	1
q_9766	doc_10183	1
q_9767	doc_10184	1
q_9768	doc_10185	1
q_9769	doc_10186	1
q_9770	doc_10187	1
q_9771	doc_10188	1
q_9772	doc_10189	1
q_9773	doc_10190	1
q_9774	doc_10192	1
q_9775	doc_10193	1
q_9776	doc_10195	1
q_9777	doc_10196	1
q_9778	doc_10197	1
q_9779	doc_10198	1
q_9780	doc_10199	1
q_9781	doc_10200	1
q_9782	doc_10201	1
q_9783	doc_10202	1
q_9784	doc_10203	1
q_9785	doc_10204	1
q_9786	doc_10205	1
q_9787	doc_10207	1
q_9788	doc_10208	1
q_9789	doc_10209	1
q_9790	doc_10210	1
q_9791	doc_10211	1
q_9792	doc_10212	1
q_9793	doc_10213	1
q_9794	doc_10214	1
q_9795	doc_10215	1
q_9796	doc_10216	1
q_9797	doc_10217	1
q_9798	doc_10218	1
q_9799	doc_10219	1
q_9800	doc_10220	1
q_9801	doc_10221	1
q_9802	doc_10222	1
q_9803	doc_10223	1
q_9804	doc_10224	1
q_9805	doc_10227	1
q_9806	doc_10228	1
q_9807	doc_10229	1
q_9808	doc_10230	1
q_9809	doc_10231	1
q_9810	doc_10232	1
q_9811	doc_10233	1
q_9812	doc_10234	1
q_9813	doc_10235	1
q_9814	doc_10236	1
q_9815	doc_10237	1
q_9816	doc_10238	1
q_9817	doc_10239	1
q_9818	doc_10240	1
q_9819	doc_10241	1
q_9820	doc_10242	1
q_9821	doc_10243	1
q_9822	doc_10244	1
q_9823	doc_10246	1
q_9824	doc_10247	1
q_9825	doc_10248	1
q_9826	doc_10251	1
q_9827	doc_10252	1
q_9828	doc_10253	1
q_9829	doc_10254	1
q_9830	doc_10255	1
q_9831	doc_10256	1
q_9832	doc_10257	1
q_9833	doc_10258	1
q_9834	doc_10259	1
q_9835	doc_10260	1
q_9836	doc_10261	1
q_9837	doc_10262	1
q_9838	doc_10263	1
q_9839	doc_10264	1
q_9840	doc_10265	1
q_9841	doc_10266	1
q_9842	doc_10267	1
q_9843	doc_10268	1
q_9844	doc_10269	1
q_9845	doc_10270	1
q_9846	doc_10271	1
q_9847	doc_10272	1
q_9848	doc_10273	1
q_9849	doc_10274	1
q_9850	doc_10275	1
q_9851	doc_10276	1
q_9852	doc_10277	1
q_9853	doc_10278	1
q_9854	doc_10279	1
q_9855	doc_10280	1
q_9856	doc_10281	1
q_9857	doc_10282	1
q_9858	doc_10283	1
q_9859	doc_10284	1
q_9860	doc_10285	1
q_9861	doc_10286	1
q_9862	doc_10287	1
q_9863	doc_10288	1
q_9864	doc_10289	1
q_9865	doc_10290	1
q_9866	doc_10291	1
q_9867	doc_10292	1
q_9868	doc_10293	1
q_9869	doc_10294	1
q_9870	doc_10295	1
q_9871	doc_10296	1
q_9872	doc_10297	1
q_9873	doc_10298	1
q_9874	doc_10299	1
q_9875	doc_10300	1
q_9876	doc_10301	1
q_9877	doc_10302	1
q_9878	doc_10303	1
q_9879	doc_10304	1
q_9880	doc_10305	1
q_9881	doc_10306	1
q_9882	doc_10307	1
q_9883	doc_10308	1
q_9884	doc_10309	1
q_9885	doc_10310	1
q_9886	doc_10311	1
q_9887	doc_10312	1
q_9888	doc_10313	1
q_9889	doc_10314	1
q_9890	doc_10315	1
q_9891	doc_10316	1
q_9892	doc_10317	1
q_9893	doc_10318	1
q_9894	doc_10319	1
q_9895	doc_10320	1
q_9896	doc_10321	1
q_9897	doc_10322	1
q_9898	doc_10323	1
q_9899	doc_10324	1
q_9900	doc_10325	1
q_9901	doc_10326	1
q_9902	doc_10327	1
q_9903	doc_10328	1
q_9904	doc_10329	1
q_9905	doc_10330	1
q_9906	doc_10331	1
q_9907	doc_10332	1
q_9908	doc_10333	1
q_9909	doc_10334	1
q_9910	doc_10335	1
q_9911	doc_10336	1
q_9912	doc_10337	1
q_9913	doc_10338	1
q_9914	doc_10339	1
q_9915	doc_10340	1
q_9916	doc_10341	1
q_9917	doc_10342	1
q_9918	doc_10343	1
q_9919	doc_10344	1
q_9920	doc_10345	1
q_9921	doc_10346	1
q_9922	doc_10347	1
q_9923	doc_10348	1
q_9924	doc_10349	1
q_9925	doc_10350	1
q_9926	doc_10351	1
q_9927	doc_10352	1
q_9928	doc_10353	1
q_9929	doc_10354	1
q_9930	doc_10355	1
q_9931	doc_10356	1
q_9932	doc_10357	1
q_9933	doc_10358	1
q_9934	doc_10359	1
q_9935	doc_10360	1
q_9936	doc_10361	1
q_9937	doc_10362	1
q_9938	doc_10363	1
q_9939	doc_10364	1
q_9940	doc_10365	1
q_9941	doc_10369	1
q_9942	doc_10370	1
q_9943	doc_10371	1
q_9944	doc_10372	1
q_9945	doc_10373	1
q_9946	doc_10374	1
q_9947	doc_10375	1
q_9948	doc_10376	1
q_9949	doc_10380	1
q_9950	doc_10381	1
q_9951	doc_10382	1
q_9952	doc_10383	1
q_9953	doc_10384	1
q_9954	doc_10385	1
q_9955	doc_10386	1
q_9956	doc_10387	1
q_9957	doc_10388	1
q_9958	doc_10389	1
q_9959	doc_10390	1
q_9960	doc_10391	1
q_9961	doc_10392	1
q_9962	doc_10393	1
q_9963	doc_10394	1
q_9964	doc_10395	1
q_9965	doc_10396	1
q_9966	doc_10397	1
q_9967	doc_10398	1
q_9968	doc_10399	1
q_9969	doc_10400	1
q_9970	doc_10401	1
q_9971	doc_10402	1
q_9972	doc_10403	1
q_9973	doc_10404	1
q_9974	doc_10405	1
q_9975	doc_10406	1
q_9976	doc_10407	1
q_9977	doc_10416	1
q_9978	doc_10417	1
q_9979	doc_10418	1
q_9980	doc_10419	1
q_9981	doc_10420	1
q_9982	doc_10421	1
q_9983	doc_10434	1
q_9984	doc_10435	1
q_9985	doc_10436	1
q_9986	doc_10437	1
q_9987	doc_10440	1
q_9988	doc_10441	1
q_9989	doc_10442	1
q_9990	doc_10443	1
q_9991	doc_10444	1
q_9992	doc_10445	1
q_9993	doc_10446	1
q_9994	doc_10447	1
q_9995	doc_10448	1
q_9996	doc_10449	1
q_9997	doc_10451	1
q_9998	doc_10452	1
q_9999	doc_10453	1
q_10000	doc_10454	1
q_10001	doc_10455	1
q_10002	doc_10456	1
q_10003	doc_10457	1
q_10004	doc_10458	1
q_10005	doc_10459	1
q_10006	doc_10460	1
q_10007	doc_10461	1
q_10008	doc_10462	1
q_10009	doc_10463	1
q_10010	doc_10464	1
q_10011	doc_10465	1
q_10012	doc_10466	1
q_10013	doc_10467	1
q_10014	doc_10468	1
q_10015	doc_10469	1
q_10016	doc_10472	1
q_10017	doc_10473	1
q_10018	doc_10474	1
q_10019	doc_10475	1
q_10020	doc_10476	1
q_10021	doc_10478	1
q_10022	doc_10480	1
q_10023	doc_10481	1
q_10024	doc_10482	1
q_10025	doc_10484	1
q_10026	doc_10485	1
q_10027	doc_10486	1
q_10028	doc_10487	1
q_10029	doc_10488	1
q_10030	doc_10489	1
q_10031	doc_10490	1
q_10032	doc_10491	1
q_10033	doc_10492	1
q_10034	doc_10493	1
q_10035	doc_10494	1
q_10036	doc_10495	1
q_10037	doc_10496	1
q_10038	doc_10497	1
q_10039	doc_10498	1
q_10040	doc_10499	1
q_10041	doc_10500	1
q_10042	doc_10501	1
q_10043	doc_10502	1
q_10044	doc_10503	1
q_10045	doc_10504	1
q_10046	doc_10505	1
q_10047	doc_10506	1
q_10048	doc_10507	1
q_10049	doc_10508	1
q_10050	doc_10509	1
q_10051	doc_10510	1
q_10052	doc_10511	1
q_10053	doc_10512	1
q_10054	doc_10513	1
q_10055	doc_10514	1
q_10056	doc_10515	1
q_10057	doc_10516	1
q_10058	doc_10517	1
q_10059	doc_10518	1
q_10060	doc_10519	1
q_10061	doc_10520	1
q_10062	doc_10521	1
q_10063	doc_10522	1
q_10064	doc_10523	1
q_10065	doc_10524	1
q_10066	doc_10525	1
q_10067	doc_10526	1
q_10068	doc_10527	1
q_10069	doc_10528	1
q_10070	doc_10530	1
q_10071	doc_10531	1
q_10072	doc_10533	1
q_10073	doc_10534	1
q_10074	doc_10535	1
q_10075	doc_10539	1
q_10076	doc_10540	1
q_10077	doc_10541	1
q_10078	doc_10542	1
q_10079	doc_10543	1
q_10080	doc_10544	1
q_10081	doc_10545	1
q_10082	doc_10547	1
q_10083	doc_10549	1
q_10084	doc_10550	1
q_10085	doc_10551	1
q_10086	doc_10552	1
q_10087	doc_10553	1
q_10088	doc_10554	1
q_10089	doc_10555	1
q_10090	doc_10556	1
q_10091	doc_10557	1
q_10092	doc_10558	1
q_10093	doc_10559	1
q_10094	doc_10560	1
q_10095	doc_10561	1
q_10096	doc_10562	1
q_10097	doc_10563	1
q_10098	doc_10564	1
q_10099	doc_10565	1
q_10100	doc_10566	1
q_10101	doc_10567	1
q_10102	doc_10568	1
q_10103	doc_10569	1
q_10104	doc_10570	1
q_10105	doc_10571	1
q_10106	doc_10572	1
q_10107	doc_10573	1
q_10108	doc_10574	1
q_10109	doc_10575	1
q_10110	doc_10576	1
q_10111	doc_10577	1
q_10112	doc_10578	1
q_10113	doc_10579	1
q_10114	doc_10580	1
q_10115	doc_10583	1
q_10116	doc_10584	1
q_10117	doc_10585	1
q_10118	doc_10586	1
q_10119	doc_10587	1
q_10120	doc_10588	1
q_10121	doc_10589	1
q_10122	doc_10590	1
q_10123	doc_10591	1
q_10124	doc_10592	1
q_10125	doc_10593	1
q_10126	doc_10594	1
q_10127	doc_10595	1
q_10128	doc_10596	1
q_10129	doc_10597	1
q_10130	doc_10598	1
q_10131	doc_10599	1
q_10132	doc_10600	1
q_10133	doc_10605	1
q_10134	doc_10606	1
q_10135	doc_10607	1
q_10136	doc_10608	1
q_10137	doc_10609	1
q_10138	doc_10610	1
q_10139	doc_10611	1
q_10140	doc_10614	1
q_10141	doc_10616	1
q_10142	doc_10617	1
q_10143	doc_10618	1
q_10144	doc_10619	1
q_10145	doc_10620	1
q_10146	doc_10621	1
q_10147	doc_10622	1
q_10148	doc_10623	1
q_10149	doc_10624	1
q_10150	doc_10625	1
q_10151	doc_10626	1
q_10152	doc_10627	1
q_10153	doc_10629	1
q_10154	doc_10630	1
q_10155	doc_10631	1
q_10156	doc_10632	1
q_10157	doc_10633	1
q_10158	doc_10634	1
q_10159	doc_10635	1
q_10160	doc_10636	1
q_10161	doc_10637	1
q_10162	doc_10638	1
q_10163	doc_10639	1
q_10164	doc_10640	1
q_10165	doc_10641	1
q_10166	doc_10642	1
q_10167	doc_10643	1
q_10168	doc_10644	1
q_10169	doc_10645	1
q_10170	doc_10646	1
q_10171	doc_10647	1
q_10172	doc_10648	1
q_10173	doc_10649	1
q_10174	doc_10650	1
q_10175	doc_10651	1
q_10176	doc_10652	1
q_10177	doc_10653	1
q_10178	doc_10654	1
q_10179	doc_10656	1
q_10180	doc_10657	1
q_10181	doc_10658	1
q_10182	doc_10659	1
q_10183	doc_10660	1
q_10184	doc_10661	1
q_10185	doc_10662	1
q_10186	doc_10663	1
q_10187	doc_10664	1
q_10188	doc_10665	1
q_10189	doc_10666	1
q_10190	doc_10667	1
q_10191	doc_10668	1
q_10192	doc_10669	1
q_10193	doc_10670	1
q_10194	doc_10671	1
q_10195	doc_10672	1
q_10196	doc_10673	1
q_10197	doc_10674	1
q_10198	doc_10675	1
q_10199	doc_10676	1
q_10200	doc_10677	1
q_10201	doc_10678	1
q_10202	doc_10679	1
q_10203	doc_10680	1
q_10204	doc_10681	1
q_10205	doc_10682	1
q_10206	doc_10683	1
q_10207	doc_10684	1
q_10208	doc_10685	1
q_10209	doc_10686	1
q_10210	doc_10687	1
q_10211	doc_10688	1
q_10212	doc_10689	1
q_10213	doc_10691	1
q_10214	doc_10692	1
q_10215	doc_10693	1
q_10216	doc_10694	1
q_10217	doc_10696	1
q_10218	doc_10697	1
q_10219	doc_10698	1
q_10220	doc_10699	1
q_10221	doc_10700	1
q_10222	doc_10701	1
q_10223	doc_10702	1
q_10224	doc_10703	1
q_10225	doc_10704	1
q_10226	doc_10705	1
q_10227	doc_10706	1
q_10228	doc_10707	1
q_10229	doc_10708	1
q_10230	doc_10710	1
q_10231	doc_10711	1
q_10232	doc_10714	1
q_10233	doc_10715	1
q_10234	doc_10716	1
q_10235	doc_10717	1
q_10236	doc_10718	1
q_10237	doc_10719	1
q_10238	doc_10720	1
q_10239	doc_10721	1
q_10240	doc_10722	1
q_10241	doc_10723	1
q_10242	doc_10724	1
q_10243	doc_10725	1
q_10244	doc_10726	1
q_10245	doc_10727	1
q_10246	doc_10728	1
q_10247	doc_10729	1
q_10248	doc_10730	1
q_10249	doc_10731	1
q_10250	doc_10732	1
q_10251	doc_10733	1
q_10252	doc_10734	1
q_10253	doc_10735	1
q_10254	doc_10736	1
q_10255	doc_10737	1
q_10256	doc_10738	1
q_10257	doc_10739	1
q_10258	doc_10740	1
q_10259	doc_10741	1
q_10260	doc_10742	1
q_10261	doc_10743	1
q_10262	doc_10744	1
q_10263	doc_10745	1
q_10264	doc_10746	1
q_10265	doc_10747	1
q_10266	doc_10748	1
q_10267	doc_10749	1
q_10268	doc_10750	1
q_10269	doc_10751	1
q_10270	doc_10752	1
q_10271	doc_10753	1
q_10272	doc_10754	1
q_10273	doc_10755	1
q_10274	doc_10756	1
q_10275	doc_10758	1
q_10276	doc_10759	1
q_10277	doc_10760	1
q_10278	doc_10761	1
q_10279	doc_10762	1
q_10280	doc_10763	1
q_10281	doc_10764	1
q_10282	doc_10767	1
q_10283	doc_10768	1
q_10284	doc_10770	1
q_10285	doc_10772	1
q_10286	doc_10773	1
q_10287	doc_10774	1
q_10288	doc_10776	1
q_10289	doc_10778	1
q_10290	doc_10780	1
q_10291	doc_10781	1
q_10292	doc_10782	1
q_10293	doc_10784	1
q_10294	doc_10786	1
q_10295	doc_10788	1
q_10296	doc_10789	1
q_10297	doc_10790	1
q_10298	doc_10791	1
q_10299	doc_10792	1
q_10300	doc_10795	1
q_10301	doc_10798	1
q_10302	doc_10800	1
q_10303	doc_10805	1
q_10304	doc_10809	1
q_10305	doc_10811	1
q_10306	doc_10812	1
q_10307	doc_10813	1
q_10308	doc_10814	1
q_10309	doc_10815	1
q_10310	doc_10822	1
q_10311	doc_10823	1
q_10312	doc_10824	1
q_10313	doc_10825	1
q_10314	doc_10826	1
q_10315	doc_10827	1
q_10316	doc_10831	1
q_10317	doc_10832	1
q_10318	doc_10834	1
q_10319	doc_10835	1
q_10320	doc_10836	1
q_10321	doc_10837	1
q_10322	doc_10839	1
q_10323	doc_10840	1
q_10324	doc_10844	1
q_10325	doc_10845	1
q_10326	doc_10846	1
q_10327	doc_10847	1
q_10328	doc_10852	1
q_10329	doc_10854	1
q_10330	doc_10855	1
q_10331	doc_10856	1
q_10332	doc_10857	1
q_10333	doc_10863	1
q_10334	doc_10864	1
q_10335	doc_10865	1
q_10336	doc_10866	1
q_10337	doc_10870	1
q_10338	doc_10871	1
q_10339	doc_10872	1
q_10340	doc_10877	1
q_10341	doc_10879	1
q_10342	doc_10880	1
q_10343	doc_10881	1
q_10344	doc_10882	1
q_10345	doc_10885	1
q_10346	doc_10888	1
q_10347	doc_10889	1
q_10348	doc_10890	1
q_10349	doc_10892	1
q_10350	doc_10893	1
q_10351	doc_10894	1
q_10352	doc_10895	1
q_10353	doc_10896	1
q_10354	doc_10903	1
q_10355	doc_10906	1
q_10356	doc_10909	1
q_10357	doc_10910	1
q_10358	doc_10911	1
q_10359	doc_10912	1
q_10360	doc_10913	1
q_10361	doc_10914	1
q_10362	doc_10915	1
q_10363	doc_10916	1
q_10364	doc_10917	1
q_10365	doc_10918	1
q_10366	doc_10923	1
q_10367	doc_10926	1
q_10368	doc_10928	1
q_10369	doc_10929	1
q_10370	doc_10930	1
q_10371	doc_10931	1
q_10372	doc_10935	1
q_10373	doc_10938	1
q_10374	doc_10940	1
q_10375	doc_10941	1
q_10376	doc_10942	1
q_10377	doc_10943	1
q_10378	doc_10946	1
q_10379	doc_10947	1
q_10380	doc_10948	1
q_10381	doc_10949	1
q_10382	doc_10956	1
q_10383	doc_10957	1
q_10384	doc_10958	1
q_10385	doc_10959	1
q_10386	doc_10962	1
q_10387	doc_10963	1
q_10388	doc_10964	1
q_10389	doc_10965	1
q_10390	doc_10968	1
q_10391	doc_10969	1
q_10392	doc_10970	1
q_10393	doc_10971	1
q_10394	doc_10976	1
q_10395	doc_10977	1
q_10396	doc_10978	1
q_10397	doc_10979	1
q_10398	doc_10980	1
q_10399	doc_10981	1
q_10400	doc_10982	1
q_10401	doc_10983	1
q_10402	doc_10984	1
q_10403	doc_10985	1
q_10404	doc_10986	1
q_10405	doc_10987	1
q_10406	doc_10988	1
q_10407	doc_10989	1
q_10408	doc_10990	1
q_10409	doc_10991	1
q_10410	doc_10992	1
q_10411	doc_10993	1
q_10412	doc_10994	1
q_10413	doc_10995	1
q_10414	doc_10996	1
q_10415	doc_10997	1
q_10416	doc_10998	1
q_10417	doc_10999	1
q_10418	doc_11000	1
q_10419	doc_11001	1
q_10420	doc_11002	1
q_10421	doc_11003	1
q_10422	doc_11004	1
q_10423	doc_11005	1
q_10424	doc_11006	1
q_10425	doc_11007	1
q_10426	doc_11008	1
q_10427	doc_11009	1
q_10428	doc_11010	1
q_10429	doc_11011	1
q_10430	doc_11012	1
q_10431	doc_11013	1
q_10432	doc_11014	1
q_10433	doc_11015	1
q_10434	doc_11016	1
q_10435	doc_11017	1
q_10436	doc_11018	1
q_10437	doc_11019	1
q_10438	doc_11020	1
q_10439	doc_11021	1
q_10440	doc_11022	1
q_10441	doc_11023	1
q_10442	doc_11024	1
q_10443	doc_11025	1
q_10444	doc_11026	1
q_10445	doc_11027	1
q_10446	doc_11028	1
q_10447	doc_11029	1
q_10448	doc_11030	1
q_10449	doc_11031	1
q_10450	doc_11032	1
q_10451	doc_11033	1
q_10452	doc_11034	1
q_10453	doc_11035	1
q_10454	doc_11036	1
q_10455	doc_11037	1
q_10456	doc_11038	1
q_10457	doc_11039	1
q_10458	doc_11040	1
q_10459	doc_11041	1
q_10460	doc_11042	1
q_10461	doc_11043	1
q_10462	doc_11044	1
q_10463	doc_11045	1
q_10464	doc_11046	1
q_10465	doc_11047	1
q_10466	doc_11048	1
q_10467	doc_11049	1
q_10468	doc_11050	1
q_10469	doc_11051	1
q_10470	doc_11052	1
q_10471	doc_11053	1
q_10472	doc_11054	1
q_10473	doc_11055	1
q_10474	doc_11056	1
q_10475	doc_11057	1
q_10476	doc_11058	1
q_10477	doc_11059	1
q_10478	doc_11060	1
q_10479	doc_11061	1
q_10480	doc_11062	1
q_10481	doc_11063	1
q_10482	doc_11064	1
q_10483	doc_2663	1
q_10484	doc_11065	1
q_10485	doc_11066	1
q_10486	doc_11067	1
q_10487	doc_11068	1
q_10488	doc_11069	1
q_10489	doc_11070	1
q_10490	doc_11071	1
q_10491	doc_11072	1
q_10492	doc_11073	1
q_10493	doc_11074	1
q_10494	doc_11075	1
q_10495	doc_11076	1
q_10496	doc_11077	1
q_10497	doc_11078	1
q_10498	doc_11079	1
q_10499	doc_11080	1
q_10500	doc_11081	1
q_10501	doc_11082	1
q_10502	doc_11083	1
q_10503	doc_11084	1
q_10504	doc_11085	1
q_10505	doc_11086	1
q_10506	doc_11087	1
q_10507	doc_11088	1
q_10508	doc_11089	1
q_10509	doc_11090	1
q_10510	doc_11091	1
q_10511	doc_11092	1
q_10512	doc_11093	1
q_10513	doc_11094	1
q_10514	doc_11095	1
q_10515	doc_11096	1
q_10516	doc_11097	1
q_10517	doc_11098	1
q_10518	doc_11099	1
q_10519	doc_11100	1
q_10520	doc_11101	1
q_10521	doc_11102	1
q_10522	doc_11103	1
q_10523	doc_11104	1
q_10524	doc_11105	1
q_10525	doc_11106	1
q_10526	doc_11107	1
q_10527	doc_11110	1
q_10528	doc_11111	1
q_10529	doc_11112	1
q_10530	doc_11113	1
q_10531	doc_11114	1
q_10532	doc_11115	1
q_10533	doc_11116	1
q_10534	doc_11117	1
q_10535	doc_11118	1
q_10536	doc_11119	1
q_10537	doc_11120	1
q_10538	doc_11121	1
q_10539	doc_11122	1
q_10540	doc_11123	1
q_10541	doc_11124	1
q_10542	doc_11125	1
q_10543	doc_11126	1
q_10544	doc_11127	1
q_10545	doc_11128	1
q_10546	doc_11129	1
q_10547	doc_11130	1
q_10548	doc_11131	1
q_10549	doc_11132	1
q_10550	doc_11133	1
q_10551	doc_11134	1
q_10552	doc_11135	1
q_10553	doc_11137	1
q_10554	doc_11138	1
q_10555	doc_11140	1
q_10556	doc_11141	1
q_10557	doc_11142	1
q_10558	doc_11143	1
q_10559	doc_11145	1
q_10560	doc_11146	1
q_10561	doc_11147	1
q_10562	doc_11149	1
q_10563	doc_11150	1
q_10564	doc_11151	1
q_10565	doc_11152	1
q_10566	doc_11153	1
q_10567	doc_11154	1
q_10568	doc_11155	1
q_10569	doc_11156	1
q_10570	doc_11157	1
q_10571	doc_11158	1
q_10572	doc_11159	1
q_10573	doc_11160	1
q_10574	doc_2680	1
q_10575	doc_11161	1
q_10576	doc_11163	1
q_10577	doc_11164	1
q_10578	doc_11165	1
q_10579	doc_11166	1
q_10580	doc_11167	1
q_10581	doc_11168	1
q_10582	doc_11169	1
q_10583	doc_11170	1
q_10584	doc_11171	1
q_10585	doc_11172	1
q_10586	doc_11173	1
q_10587	doc_11174	1
q_10588	doc_11175	1
q_10589	doc_11177	1
q_10590	doc_11178	1
q_10591	doc_11179	1
q_10592	doc_11180	1
q_10593	doc_11181	1
q_10594	doc_11182	1
q_10595	doc_11183	1
q_10596	doc_11184	1
q_10597	doc_11185	1
q_10598	doc_11186	1
q_10599	doc_11187	1
q_10600	doc_11188	1
q_10601	doc_11189	1
q_10602	doc_11190	1
q_10603	doc_11191	1
q_10604	doc_11192	1
q_10605	doc_11193	1
q_10606	doc_11194	1
q_10607	doc_11195	1
q_10608	doc_11196	1
q_10609	doc_11197	1
q_10610	doc_11198	1
q_10611	doc_11199	1
q_10612	doc_11200	1
q_10613	doc_11201	1
q_10614	doc_11202	1
q_10615	doc_2686	1
q_10616	doc_11203	1
q_10617	doc_11204	1
q_10618	doc_11205	1
q_10619	doc_11206	1
q_10620	doc_11207	1
q_10621	doc_11208	1
q_10622	doc_11209	1
q_10623	doc_11210	1
q_10624	doc_11211	1
q_10625	doc_11212	1
q_10626	doc_11213	1
q_10627	doc_11214	1
q_10628	doc_11215	1
q_10629	doc_11216	1
q_10630	doc_11217	1
q_10631	doc_11218	1
q_10632	doc_11219	1
q_10633	doc_11220	1
q_10634	doc_11221	1
q_10635	doc_11222	1
q_10636	doc_11223	1
q_10637	doc_11224	1
q_10638	doc_11225	1
q_10639	doc_11226	1
q_10640	doc_11227	1
q_10641	doc_11228	1
q_10642	doc_11229	1
q_10643	doc_11230	1
q_10644	doc_11231	1
q_10645	doc_11232	1
q_10646	doc_11233	1
q_10647	doc_11234	1
q_10648	doc_11235	1
q_10649	doc_11236	1
q_10650	doc_11237	1
q_10651	doc_11239	1
q_10652	doc_11240	1
q_10653	doc_11241	1
q_10654	doc_11242	1
q_10655	doc_11243	1
q_10656	doc_11244	1
q_10657	doc_11245	1
q_10658	doc_11247	1
q_10659	doc_11248	1
q_10660	doc_11249	1
q_10661	doc_11250	1
q_10662	doc_11251	1
q_10663	doc_11252	1
q_10664	doc_11253	1
q_10665	doc_11254	1
q_10666	doc_11255	1
q_10667	doc_11256	1
q_10668	doc_11257	1
q_10669	doc_11258	1
q_10670	doc_11259	1
q_10671	doc_11260	1
q_10672	doc_11261	1
q_10673	doc_11262	1
q_10674	doc_11263	1
q_10675	doc_11264	1
q_10676	doc_11265	1
q_10677	doc_11266	1
q_10678	doc_11267	1
q_10679	doc_11268	1
q_10680	doc_11269	1
q_10681	doc_11270	1
q_10682	doc_11271	1
q_10683	doc_11272	1
q_10684	doc_11273	1
q_10685	doc_11274	1
q_10686	doc_11275	1
q_10687	doc_11276	1
q_10688	doc_11277	1
q_10689	doc_11278	1
q_10690	doc_11279	1
q_10691	doc_11280	1
q_10692	doc_11281	1
q_10693	doc_11282	1
q_10694	doc_11283	1
q_10695	doc_11284	1
q_10696	doc_11285	1
q_10697	doc_11286	1
q_10698	doc_11287	1
q_10699	doc_11288	1
q_10700	doc_11289	1
q_10701	doc_11290	1
q_10702	doc_11291	1
q_10703	doc_11292	1
q_10704	doc_11293	1
q_10705	doc_11294	1
q_10706	doc_11295	1
q_10707	doc_11296	1
q_10708	doc_11297	1
q_10709	doc_11298	1
q_10710	doc_11299	1
q_10711	doc_11300	1
q_10712	doc_11301	1
q_10713	doc_11302	1
q_10714	doc_11303	1
q_10715	doc_11304	1
q_10716	doc_11305	1
q_10717	doc_11306	1
q_10718	doc_11307	1
q_10719	doc_11308	1
q_10720	doc_11309	1
q_10721	doc_11310	1
q_10722	doc_11311	1
q_10723	doc_11312	1
q_10724	doc_11313	1
q_10725	doc_11314	1
q_10726	doc_11315	1
q_10727	doc_11316	1
q_10728	doc_11317	1
q_10729	doc_11318	1
q_10730	doc_11319	1
q_10731	doc_11321	1
q_10732	doc_11322	1
q_10733	doc_11323	1
q_10734	doc_11324	1
q_10735	doc_11325	1
q_10736	doc_11326	1
q_10737	doc_11327	1
q_10738	doc_11328	1
q_10739	doc_11329	1
q_10740	doc_11330	1
q_10741	doc_11331	1
q_10742	doc_11332	1
q_10743	doc_11333	1
q_10744	doc_11334	1
q_10745	doc_11335	1
q_10746	doc_11336	1
q_10747	doc_11337	1
q_10748	doc_11338	1
q_10749	doc_11339	1
q_10750	doc_11340	1
q_10751	doc_11341	1
q_10752	doc_11342	1
q_10753	doc_11343	1
q_10754	doc_11344	1
q_10755	doc_11345	1
q_10756	doc_11346	1
q_10757	doc_11347	1
q_10758	doc_11348	1
q_10759	doc_11349	1
q_10760	doc_11350	1
q_10761	doc_11351	1
q_10762	doc_11352	1
q_10763	doc_11353	1
q_10764	doc_11354	1
q_10765	doc_11355	1
q_10766	doc_11356	1
q_10767	doc_11357	1
q_10768	doc_11358	1
q_10769	doc_11359	1
q_10770	doc_11360	1
q_10771	doc_11361	1
q_10772	doc_11362	1
q_10773	doc_11363	1
q_10774	doc_11364	1
q_10775	doc_11365	1
q_10776	doc_11366	1
q_10777	doc_11367	1
q_10778	doc_11368	1
q_10779	doc_11369	1
q_10780	doc_11370	1
q_10781	doc_11371	1
q_10782	doc_11372	1
q_10783	doc_11373	1
q_10784	doc_11374	1
q_10785	doc_11375	1
q_10786	doc_11376	1
q_10787	doc_11377	1
q_10788	doc_11378	1
q_10789	doc_11379	1
q_10790	doc_11380	1
q_10791	doc_11381	1
q_10792	doc_11382	1
q_10793	doc_11383	1
q_10794	doc_11384	1
q_10795	doc_11385	1
q_10796	doc_11386	1
q_10797	doc_11387	1
q_10798	doc_11388	1
q_10799	doc_11389	1
q_10800	doc_11390	1
q_10801	doc_11391	1
q_10802	doc_11392	1
q_10803	doc_11393	1
q_10804	doc_11394	1
q_10805	doc_11395	1
q_10806	doc_11396	1
q_10807	doc_11397	1
q_10808	doc_11398	1
q_10809	doc_11399	1
q_10810	doc_11400	1
q_10811	doc_11401	1
q_10812	doc_11402	1
q_10813	doc_11403	1
q_10814	doc_11404	1
q_10815	doc_11405	1
q_10816	doc_11406	1
q_10817	doc_11407	1
q_10818	doc_11408	1
q_10819	doc_11409	1
q_10820	doc_11410	1
q_10821	doc_11411	1
q_10822	doc_11412	1
q_10823	doc_11413	1
q_10824	doc_11414	1
q_10825	doc_11415	1
q_10826	doc_11416	1
q_10827	doc_11417	1
q_10828	doc_11418	1
q_10829	doc_11419	1
q_10830	doc_11420	1
q_10831	doc_11421	1
q_10832	doc_11424	1
q_10833	doc_11425	1
q_10834	doc_11426	1
q_10835	doc_11427	1
q_10836	doc_11428	1
q_10837	doc_11429	1
q_10838	doc_11430	1
q_10839	doc_11431	1
q_10840	doc_11432	1
q_10841	doc_11433	1
q_10842	doc_11434	1
q_10843	doc_11435	1
q_10844	doc_11436	1
q_10845	doc_11437	1
q_10846	doc_11438	1
q_10847	doc_11439	1
q_10848	doc_11440	1
q_10849	doc_11441	1
q_10850	doc_11442	1
q_10851	doc_11443	1
q_10852	doc_11444	1
q_10853	doc_11445	1
q_10854	doc_11446	1
q_10855	doc_11447	1
q_10856	doc_11448	1
q_10857	doc_11449	1
q_10858	doc_11450	1
q_10859	doc_11451	1
q_10860	doc_11452	1
q_10861	doc_11453	1
q_10862	doc_11454	1
q_10863	doc_11455	1
q_10864	doc_11456	1
q_10865	doc_11457	1
q_10866	doc_11458	1
q_10867	doc_11459	1
q_10868	doc_11462	1
q_10869	doc_11463	1
q_10870	doc_11464	1
q_10871	doc_11465	1
q_10872	doc_11466	1
q_10873	doc_11467	1
q_10874	doc_11468	1
q_10875	doc_2696	1
q_10876	doc_11469	1
q_10877	doc_11473	1
q_10878	doc_11474	1
q_10879	doc_11475	1
q_10880	doc_11476	1
q_10881	doc_11477	1
q_10882	doc_11478	1
q_10883	doc_11479	1
q_10884	doc_11480	1
q_10885	doc_11481	1
q_10886	doc_11482	1
q_10887	doc_11483	1
q_10888	doc_11484	1
q_10889	doc_11485	1
q_10890	doc_11486	1
q_10891	doc_11487	1
q_10892	doc_11488	1
q_10893	doc_11489	1
q_10894	doc_11490	1
q_10895	doc_11491	1
q_10896	doc_11492	1
q_10897	doc_11493	1
q_10898	doc_11494	1
q_10899	doc_11495	1
q_10900	doc_11496	1
q_10901	doc_11497	1
q_10902	doc_11498	1
q_10903	doc_11499	1
q_10904	doc_11500	1
q_10905	doc_11501	1
q_10906	doc_11502	1
q_10907	doc_11503	1
q_10908	doc_11504	1
q_10909	doc_11505	1
q_10910	doc_11506	1
q_10911	doc_11507	1
q_10912	doc_11508	1
q_10913	doc_11509	1
q_10914	doc_11510	1
q_10915	doc_11511	1
q_10916	doc_11512	1
q_10917	doc_11513	1
q_10918	doc_11514	1
q_10919	doc_11515	1
q_10920	doc_11516	1
q_10921	doc_11517	1
q_10922	doc_11518	1
q_10923	doc_11519	1
q_10924	doc_11520	1
q_10925	doc_11521	1
q_10926	doc_11522	1
q_10927	doc_11523	1
q_10928	doc_11524	1
q_10929	doc_11525	1
q_10930	doc_11526	1
q_10931	doc_11527	1
q_10932	doc_11528	1
q_10933	doc_11529	1
q_10934	doc_11530	1
q_10935	doc_11531	1
q_10936	doc_11532	1
q_10937	doc_11533	1
q_10938	doc_11534	1
q_10939	doc_11535	1
q_10940	doc_11536	1
q_10941	doc_11537	1
q_10942	doc_11538	1
q_10943	doc_11539	1
q_10944	doc_11540	1
q_10945	doc_11541	1
q_10946	doc_11542	1
q_10947	doc_11543	1
q_10948	doc_11544	1
q_10949	doc_11545	1
q_10950	doc_11548	1
q_10951	doc_11549	1
q_10952	doc_11550	1
q_10953	doc_11551	1
q_10954	doc_11552	1
q_10955	doc_11553	1
q_10956	doc_11554	1
q_10957	doc_11555	1
q_10958	doc_11556	1
q_10959	doc_11557	1
q_10960	doc_11558	1
q_10961	doc_11559	1
q_10962	doc_11560	1
q_10963	doc_11561	1
q_10964	doc_11562	1
q_10965	doc_11563	1
q_10966	doc_11564	1
q_10967	doc_11565	1
q_10968	doc_11566	1
q_10969	doc_11567	1
q_10970	doc_11568	1
q_10971	doc_11569	1
q_10972	doc_11570	1
q_10973	doc_11571	1
q_10974	doc_11572	1
q_10975	doc_11573	1
q_10976	doc_11574	1
q_10977	doc_11575	1
q_10978	doc_11576	1
q_10979	doc_11577	1
q_10980	doc_11578	1
q_10981	doc_11579	1
q_10982	doc_11580	1
q_10983	doc_11581	1
q_10984	doc_11582	1
q_10985	doc_11583	1
q_10986	doc_11584	1
q_10987	doc_11585	1
q_10988	doc_11586	1
q_10989	doc_11587	1
q_10990	doc_11588	1
q_10991	doc_11589	1
q_10992	doc_11590	1
q_10993	doc_11591	1
q_10994	doc_11592	1
q_10995	doc_11593	1
q_10996	doc_11594	1
q_10997	doc_11596	1
q_10998	doc_11599	1
q_10999	doc_11600	1
q_11000	doc_11601	1
q_11001	doc_11602	1
q_11002	doc_11603	1
q_11003	doc_11604	1
q_11004	doc_11605	1
q_11005	doc_11606	1
q_11006	doc_11607	1
q_11007	doc_11608	1
q_11008	doc_11609	1
q_11009	doc_11610	1
q_11010	doc_11611	1
q_11011	doc_11612	1
q_11012	doc_11613	1
q_11013	doc_11614	1
q_11014	doc_11615	1
q_11015	doc_11616	1
q_11016	doc_11617	1
q_11017	doc_11618	1
q_11018	doc_11619	1
q_11019	doc_11620	1
q_11020	doc_11621	1
q_11021	doc_11622	1
q_11022	doc_11623	1
q_11023	doc_11624	1
q_11024	doc_11625	1
q_11025	doc_11626	1
q_11026	doc_11627	1
q_11027	doc_11628	1
q_11028	doc_11629	1
q_11029	doc_11630	1
q_11030	doc_11631	1
q_11031	doc_11632	1
q_11032	doc_11633	1
q_11033	doc_11634	1
q_11034	doc_11635	1
q_11035	doc_11636	1
q_11036	doc_11637	1
q_11037	doc_11638	1
q_11038	doc_11639	1
q_11039	doc_11640	1
q_11040	doc_11642	1
q_11041	doc_11643	1
q_11042	doc_11644	1
q_11043	doc_11645	1
q_11044	doc_11646	1
q_11045	doc_11647	1
q_11046	doc_11648	1
q_11047	doc_11649	1
q_11048	doc_11650	1
q_11049	doc_11651	1
q_11050	doc_11652	1
q_11051	doc_11653	1
q_11052	doc_11654	1
q_11053	doc_11655	1
q_11054	doc_11656	1
q_11055	doc_11657	1
q_11056	doc_11658	1
q_11057	doc_11659	1
q_11058	doc_11660	1
q_11059	doc_11661	1
q_11060	doc_11662	1
q_11061	doc_11663	1
q_11062	doc_11664	1
q_11063	doc_11665	1
q_11064	doc_11666	1
q_11065	doc_11667	1
q_11066	doc_11668	1
q_11067	doc_11669	1
q_11068	doc_11670	1
q_11069	doc_11671	1
q_11070	doc_11672	1
q_11071	doc_11673	1
q_11072	doc_11674	1
q_11073	doc_11675	1
q_11074	doc_11676	1
q_11075	doc_11677	1
q_11076	doc_11678	1
q_11077	doc_11679	1
q_11078	doc_11680	1
q_11079	doc_11681	1
q_11080	doc_11682	1
q_11081	doc_11683	1
q_11082	doc_11684	1
q_11083	doc_11685	1
q_11084	doc_11686	1
q_11085	doc_11687	1
q_11086	doc_11688	1
q_11087	doc_11689	1
q_11088	doc_11690	1
q_11089	doc_11691	1
q_11090	doc_11692	1
q_11091	doc_11693	1
q_11092	doc_11694	1
q_11093	doc_11695	1
q_11094	doc_11696	1
q_11095	doc_11697	1
q_11096	doc_11698	1
q_11097	doc_11699	1
q_11098	doc_11700	1
q_11099	doc_11701	1
q_11100	doc_11702	1
q_11101	doc_11703	1
q_11102	doc_11704	1
q_11103	doc_11705	1
q_11104	doc_11706	1
q_11105	doc_11707	1
q_11106	doc_11708	1
q_11107	doc_11709	1
q_11108	doc_11710	1
q_11109	doc_11711	1
q_11110	doc_11712	1
q_11111	doc_11713	1
q_11112	doc_11714	1
q_11113	doc_11715	1
q_11114	doc_11716	1
q_11115	doc_11717	1
q_11116	doc_11718	1
q_11117	doc_11719	1
q_11118	doc_11720	1
q_11119	doc_11721	1
q_11120	doc_11722	1
q_11121	doc_11723	1
q_11122	doc_11724	1
q_11123	doc_11725	1
q_11124	doc_11726	1
q_11125	doc_11727	1
q_11126	doc_11728	1
q_11127	doc_11729	1
q_11128	doc_11730	1
q_11129	doc_11731	1
q_11130	doc_11732	1
q_11131	doc_11733	1
q_11132	doc_11734	1
q_11133	doc_11735	1
q_11134	doc_11736	1
q_11135	doc_11737	1
q_11136	doc_11738	1
q_11137	doc_11739	1
q_11138	doc_11740	1
q_11139	doc_11741	1
q_11140	doc_11742	1
q_11141	doc_11743	1
q_11142	doc_11744	1
q_11143	doc_11745	1
q_11144	doc_11746	1
q_11145	doc_11747	1
q_11146	doc_11748	1
q_11147	doc_11749	1
q_11148	doc_11750	1
q_11149	doc_11751	1
q_11150	doc_11752	1
q_11151	doc_11753	1
q_11152	doc_11754	1
q_11153	doc_11755	1
q_11154	doc_11756	1
q_11155	doc_11757	1
q_11156	doc_11758	1
q_11157	doc_11759	1
q_11158	doc_11760	1
q_11159	doc_11761	1
q_11160	doc_11762	1
q_11161	doc_11763	1
q_11162	doc_11764	1
q_11163	doc_11765	1
q_11164	doc_11766	1
q_11165	doc_11767	1
q_11166	doc_11768	1
q_11167	doc_11769	1
q_11168	doc_11770	1
q_11169	doc_11771	1
q_11170	doc_11772	1
q_11171	doc_11773	1
q_11172	doc_11774	1
q_11173	doc_11775	1
q_11174	doc_11777	1
q_11175	doc_11779	1
q_11176	doc_11780	1
q_11177	doc_11781	1
q_11178	doc_11782	1
q_11179	doc_11783	1
q_11180	doc_11784	1
q_11181	doc_11785	1
q_11182	doc_11786	1
q_11183	doc_11787	1
q_11184	doc_11788	1
q_11185	doc_11789	1
q_11186	doc_11790	1
q_11187	doc_11791	1
q_11188	doc_11792	1
q_11189	doc_11793	1
q_11190	doc_11794	1
q_11191	doc_11795	1
q_11192	doc_11796	1
q_11193	doc_11797	1
q_11194	doc_11798	1
q_11195	doc_11799	1
q_11196	doc_11800	1
q_11197	doc_11801	1
q_11198	doc_11802	1
q_11199	doc_11803	1
q_11200	doc_11804	1
q_11201	doc_11805	1
q_11202	doc_11806	1
q_11203	doc_11807	1
q_11204	doc_11808	1
q_11205	doc_11809	1
q_11206	doc_11810	1
q_11207	doc_11811	1
q_11208	doc_11812	1
q_11209	doc_11813	1
q_11210	doc_11814	1
q_11211	doc_11815	1
q_11212	doc_11816	1
q_11213	doc_11817	1
q_11214	doc_11818	1
q_11215	doc_11819	1
q_11216	doc_11820	1
q_11217	doc_11821	1
q_11218	doc_11822	1
q_11219	doc_11823	1
q_11220	doc_11824	1
q_11221	doc_11825	1
q_11222	doc_11826	1
q_11223	doc_11827	1
q_11224	doc_11828	1
q_11225	doc_11829	1
q_11226	doc_11830	1
q_11227	doc_11831	1
q_11228	doc_11832	1
q_11229	doc_11833	1
q_11230	doc_11834	1
q_11231	doc_11835	1
q_11232	doc_11836	1
q_11233	doc_11837	1
q_11234	doc_11838	1
q_11235	doc_11839	1
q_11236	doc_11840	1
q_11237	doc_11841	1
q_11238	doc_11843	1
q_11239	doc_11844	1
q_11240	doc_11845	1
q_11241	doc_11846	1
q_11242	doc_11847	1
q_11243	doc_11848	1
q_11244	doc_11849	1
q_11245	doc_11850	1
q_11246	doc_11851	1
q_11247	doc_11852	1
q_11248	doc_11853	1
q_11249	doc_11854	1
q_11250	doc_11855	1
q_11251	doc_11856	1
q_11252	doc_11857	1
q_11253	doc_11858	1
q_11254	doc_11859	1
q_11255	doc_11860	1
q_11256	doc_11861	1
q_11257	doc_11862	1
q_11258	doc_11863	1
q_11259	doc_11864	1
q_11260	doc_11865	1
q_11261	doc_11866	1
q_11262	doc_11867	1
q_11263	doc_11868	1
q_11264	doc_11869	1
q_11265	doc_11870	1
q_11266	doc_11871	1
q_11267	doc_11872	1
q_11268	doc_11873	1
q_11269	doc_11874	1
q_11270	doc_11875	1
q_11271	doc_11876	1
q_11272	doc_11877	1
q_11273	doc_11878	1
q_11274	doc_11879	1
q_11275	doc_11880	1
q_11276	doc_11881	1
q_11277	doc_11882	1
q_11278	doc_11885	1
q_11279	doc_11886	1
q_11280	doc_11887	1
q_11281	doc_11888	1
q_11282	doc_11889	1
q_11283	doc_11890	1
q_11284	doc_11891	1
q_11285	doc_11892	1
q_11286	doc_11893	1
q_11287	doc_11894	1
q_11288	doc_11895	1
q_11289	doc_11896	1
q_11290	doc_11897	1
q_11291	doc_11898	1
q_11292	doc_11899	1
q_11293	doc_11900	1
q_11294	doc_11901	1
q_11295	doc_11902	1
q_11296	doc_11903	1
q_11297	doc_11904	1
q_11298	doc_11905	1
q_11299	doc_11906	1
q_11300	doc_11907	1
q_11301	doc_11908	1
q_11302	doc_11909	1
q_11303	doc_11910	1
q_11304	doc_11911	1
q_11305	doc_11912	1
q_11306	doc_11913	1
q_11307	doc_11914	1
q_11308	doc_11915	1
q_11309	doc_11916	1
q_11310	doc_11917	1
q_11311	doc_11918	1
q_11312	doc_11919	1
q_11313	doc_11920	1
q_11314	doc_11921	1
q_11315	doc_11922	1
q_11316	doc_11923	1
q_11317	doc_11924	1
q_11318	doc_11925	1
q_11319	doc_11926	1
q_11320	doc_11927	1
q_11321	doc_11928	1
q_11322	doc_11929	1
q_11323	doc_11930	1
q_11324	doc_11931	1
q_11325	doc_11932	1
q_11326	doc_11933	1
q_11327	doc_11934	1
q_11328	doc_11935	1
q_11329	doc_11936	1
q_11330	doc_11937	1
q_11331	doc_11938	1
q_11332	doc_11939	1
q_11333	doc_11940	1
q_11334	doc_11941	1
q_11335	doc_11942	1
q_11336	doc_11943	1
q_11337	doc_11944	1
q_11338	doc_11945	1
q_11339	doc_11946	1
q_11340	doc_11947	1
q_11341	doc_11948	1
q_11342	doc_11949	1
q_11343	doc_11950	1
q_11344	doc_11951	1
q_11345	doc_11952	1
q_11346	doc_11953	1
q_11347	doc_11954	1
q_11348	doc_11955	1
q_11349	doc_11956	1
q_11350	doc_11957	1
q_11351	doc_11958	1
q_11352	doc_11959	1
q_11353	doc_11960	1
q_11354	doc_11961	1
q_11355	doc_11963	1
q_11356	doc_11964	1
q_11357	doc_11965	1
q_11358	doc_11966	1
q_11359	doc_11968	1
q_11360	doc_11969	1
q_11361	doc_11970	1
q_11362	doc_11971	1
q_11363	doc_11972	1
q_11364	doc_11973	1
q_11365	doc_11974	1
q_11366	doc_11975	1
q_11367	doc_11976	1
q_11368	doc_11977	1
q_11369	doc_11978	1
q_11370	doc_11981	1
q_11371	doc_11982	1
q_11372	doc_11983	1
q_11373	doc_11984	1
q_11374	doc_11985	1
q_11375	doc_11986	1
q_11376	doc_11987	1
q_11377	doc_11988	1
q_11378	doc_11989	1
q_11379	doc_11990	1
q_11380	doc_2703	1
q_11381	doc_11991	1
q_11382	doc_11992	1
q_11383	doc_11993	1
q_11384	doc_11994	1
q_11385	doc_11995	1
q_11386	doc_11996	1
q_11387	doc_11997	1
q_11388	doc_11998	1
q_11389	doc_11999	1
q_11390	doc_12000	1
q_11391	doc_12001	1
q_11392	doc_12002	1
q_11393	doc_12003	1
q_11394	doc_12004	1
q_11395	doc_12005	1
q_11396	doc_12006	1
q_11397	doc_12007	1
q_11398	doc_12008	1
q_11399	doc_12009	1
q_11400	doc_12010	1
q_11401	doc_12011	1
q_11402	doc_12012	1
q_11403	doc_12013	1
q_11404	doc_12014	1
q_11405	doc_12015	1
q_11406	doc_12016	1
q_11407	doc_12017	1
q_11408	doc_12018	1
q_11409	doc_12019	1
q_11410	doc_12020	1
q_11411	doc_12021	1
q_11412	doc_12022	1
q_11413	doc_12023	1
q_11414	doc_12024	1
q_11415	doc_12025	1
q_11416	doc_12026	1
q_11417	doc_12027	1
q_11418	doc_12028	1
q_11419	doc_12029	1
q_11420	doc_12030	1
q_11421	doc_12031	1
q_11422	doc_12032	1
q_11423	doc_12033	1
q_11424	doc_12034	1
q_11425	doc_12035	1
q_11426	doc_12036	1
q_11427	doc_12037	1
q_11428	doc_12038	1
q_11429	doc_12039	1
q_11430	doc_12040	1
q_11431	doc_12041	1
q_11432	doc_12042	1
q_11433	doc_12043	1
q_11434	doc_12044	1
q_11435	doc_12045	1
q_11436	doc_12046	1
q_11437	doc_12047	1
q_11438	doc_12048	1
q_11439	doc_12049	1
q_11440	doc_12050	1
q_11441	doc_12051	1
q_11442	doc_12052	1
q_11443	doc_12053	1
q_11444	doc_12054	1
q_11445	doc_12055	1
q_11446	doc_12056	1
q_11447	doc_12057	1
q_11448	doc_12058	1
q_11449	doc_12059	1
q_11450	doc_12060	1
q_11451	doc_12061	1
q_11452	doc_12062	1
q_11453	doc_12063	1
q_11454	doc_12064	1
q_11455	doc_12065	1
q_11456	doc_12066	1
q_11457	doc_12067	1
q_11458	doc_12068	1
q_11459	doc_12069	1
q_11460	doc_12070	1
q_11461	doc_12071	1
q_11462	doc_12072	1
q_11463	doc_12073	1
q_11464	doc_12074	1
q_11465	doc_12075	1
q_11466	doc_12076	1
q_11467	doc_12077	1
q_11468	doc_12078	1
q_11469	doc_12079	1
q_11470	doc_12080	1
q_11471	doc_12081	1
q_11472	doc_12082	1
q_11473	doc_12083	1
q_11474	doc_12084	1
q_11475	doc_12085	1
q_11476	doc_12086	1
q_11477	doc_12087	1
q_11478	doc_12088	1
q_11479	doc_12089	1
q_11480	doc_12090	1
q_11481	doc_12091	1
q_11482	doc_12092	1
q_11483	doc_12093	1
q_11484	doc_12094	1
q_11485	doc_12095	1
q_11486	doc_12096	1
q_11487	doc_12097	1
q_11488	doc_12098	1
q_11489	doc_12099	1
q_11490	doc_12100	1
q_11491	doc_12101	1
q_11492	doc_12102	1
q_11493	doc_12103	1
q_11494	doc_12104	1
q_11495	doc_12105	1
q_11496	doc_12106	1
q_11497	doc_12107	1
q_11498	doc_12108	1
q_11499	doc_12109	1
q_11500	doc_12110	1
q_11501	doc_12111	1
q_11502	doc_12112	1
q_11503	doc_12113	1
q_11504	doc_12114	1
q_11505	doc_12115	1
q_11506	doc_12116	1
q_11507	doc_12117	1
q_11508	doc_12118	1
q_11509	doc_12119	1
q_11510	doc_12120	1
q_11511	doc_12121	1
q_11512	doc_12122	1
q_11513	doc_12123	1
q_11514	doc_12124	1
q_11515	doc_12125	1
q_11516	doc_12126	1
q_11517	doc_12127	1
q_11518	doc_12128	1
q_11519	doc_12129	1
q_11520	doc_12130	1
q_11521	doc_12131	1
q_11522	doc_12132	1
q_11523	doc_12133	1
q_11524	doc_12134	1
q_11525	doc_12135	1
q_11526	doc_12136	1
q_11527	doc_12137	1
q_11528	doc_12138	1
q_11529	doc_12139	1
q_11530	doc_12140	1
q_11531	doc_12141	1
q_11532	doc_2712	1
q_11533	doc_12142	1
q_11534	doc_12143	1
q_11535	doc_12144	1
q_11536	doc_12145	1
q_11537	doc_12146	1
q_11538	doc_12147	1
q_11539	doc_12148	1
q_11540	doc_12149	1
q_11541	doc_12150	1
q_11542	doc_12151	1
q_11543	doc_12152	1
q_11544	doc_12153	1
q_11545	doc_12154	1
q_11546	doc_12155	1
q_11547	doc_12156	1
q_11548	doc_12157	1
q_11549	doc_12158	1
q_11550	doc_12159	1
q_11551	doc_12160	1
q_11552	doc_12161	1
q_11553	doc_12162	1
q_11554	doc_12163	1
q_11555	doc_12164	1
q_11556	doc_12165	1
q_11557	doc_12166	1
q_11558	doc_12167	1
q_11559	doc_12168	1
q_11560	doc_12169	1
q_11561	doc_12170	1
q_11562	doc_12171	1
q_11563	doc_12172	1
q_11564	doc_12173	1
q_11565	doc_12174	1
q_11566	doc_12175	1
q_11567	doc_12176	1
q_11568	doc_12177	1
q_11569	doc_12178	1
q_11570	doc_12179	1
q_11571	doc_12180	1
q_11572	doc_12181	1
q_11573	doc_12182	1
q_11574	doc_12183	1
q_11575	doc_12184	1
q_11576	doc_12185	1
q_11577	doc_12186	1
q_11578	doc_12187	1
q_11579	doc_12188	1
q_11580	doc_12189	1
q_11581	doc_12190	1
q_11582	doc_12191	1
q_11583	doc_12192	1
q_11584	doc_12193	1
q_11585	doc_12194	1
q_11586	doc_12195	1
q_11587	doc_12196	1
q_11588	doc_12197	1
q_11589	doc_12198	1
q_11590	doc_12199	1
q_11591	doc_12200	1
q_11592	doc_12201	1
q_11593	doc_12202	1
q_11594	doc_12203	1
q_11595	doc_12204	1
q_11596	doc_12205	1
q_11597	doc_12206	1
q_11598	doc_12207	1
q_11599	doc_12208	1
q_11600	doc_12209	1
q_11601	doc_12210	1
q_11602	doc_12211	1
q_11603	doc_12212	1
q_11604	doc_12213	1
q_11605	doc_12214	1
q_11606	doc_12215	1
q_11607	doc_12216	1
q_11608	doc_12217	1
q_11609	doc_12218	1
q_11610	doc_12219	1
q_11611	doc_12220	1
q_11612	doc_12221	1
q_11613	doc_12222	1
q_11614	doc_12223	1
q_11615	doc_12224	1
q_11616	doc_12225	1
q_11617	doc_12226	1
q_11618	doc_12227	1
q_11619	doc_12228	1
q_11620	doc_12229	1
q_11621	doc_12230	1
q_11622	doc_12231	1
q_11623	doc_12232	1
q_11624	doc_12233	1
q_11625	doc_12234	1
q_11626	doc_12235	1
q_11627	doc_12236	1
q_11628	doc_12237	1
q_11629	doc_12238	1
q_11630	doc_12239	1
q_11631	doc_12240	1
q_11632	doc_12241	1
q_11633	doc_12242	1
q_11634	doc_12243	1
q_11635	doc_12244	1
q_11636	doc_12245	1
q_11637	doc_12246	1
q_11638	doc_12247	1
q_11639	doc_12248	1
q_11640	doc_12249	1
q_11641	doc_12250	1
q_11642	doc_12251	1
q_11643	doc_12252	1
q_11644	doc_12253	1
q_11645	doc_12254	1
q_11646	doc_12255	1
q_11647	doc_12256	1
q_11648	doc_12257	1
q_11649	doc_12258	1
q_11650	doc_12259	1
q_11651	doc_12260	1
q_11652	doc_12261	1
q_11653	doc_12262	1
q_11654	doc_12264	1
q_11655	doc_12265	1
q_11656	doc_12266	1
q_11657	doc_12267	1
q_11658	doc_12268	1
q_11659	doc_12269	1
q_11660	doc_12270	1
q_11661	doc_12271	1
q_11662	doc_12272	1
q_11663	doc_12273	1
q_11664	doc_12274	1
q_11665	doc_12275	1
q_11666	doc_12276	1
q_11667	doc_12277	1
q_11668	doc_12278	1
q_11669	doc_12279	1
q_11670	doc_12280	1
q_11671	doc_12281	1
q_11672	doc_12282	1
q_11673	doc_12284	1
q_11674	doc_12285	1
q_11675	doc_12286	1
q_11676	doc_12287	1
q_11677	doc_12288	1
q_11678	doc_12289	1
q_11679	doc_12290	1
q_11680	doc_12291	1
q_11681	doc_12292	1
q_11682	doc_12293	1
q_11683	doc_12294	1
q_11684	doc_12295	1
q_11685	doc_12296	1
q_11686	doc_12297	1
q_11687	doc_12298	1
q_11688	doc_12299	1
q_11689	doc_12300	1
q_11690	doc_12301	1
q_11691	doc_12302	1
q_11692	doc_12303	1
q_11693	doc_12304	1
q_11694	doc_12306	1
q_11695	doc_12307	1
q_11696	doc_12308	1
q_11697	doc_12309	1
q_11698	doc_12311	1
q_11699	doc_12312	1
q_11700	doc_12313	1
q_11701	doc_12314	1
q_11702	doc_12315	1
q_11703	doc_12316	1
q_11704	doc_12317	1
q_11705	doc_12318	1
q_11706	doc_12319	1
q_11707	doc_12321	1
q_11708	doc_12322	1
q_11709	doc_12324	1
q_11710	doc_12325	1
q_11711	doc_12327	1
q_11712	doc_12329	1
q_11713	doc_12330	1
q_11714	doc_12331	1
q_11715	doc_12332	1
q_11716	doc_12333	1
q_11717	doc_12334	1
q_11718	doc_12335	1
q_11719	doc_12336	1
q_11720	doc_12337	1
q_11721	doc_12338	1
q_11722	doc_12339	1
q_11723	doc_12340	1
q_11724	doc_12341	1
q_11725	doc_12342	1
q_11726	doc_12343	1
q_11727	doc_12344	1
q_11728	doc_12345	1
q_11729	doc_12346	1
q_11730	doc_12348	1
q_11731	doc_12349	1
q_11732	doc_12350	1
q_11733	doc_12352	1
q_11734	doc_12353	1
q_11735	doc_12355	1
q_11736	doc_12357	1
q_11737	doc_12359	1
q_11738	doc_12360	1
q_11739	doc_12361	1
q_11740	doc_12362	1
q_11741	doc_12363	1
q_11742	doc_12364	1
q_11743	doc_12365	1
q_11744	doc_12366	1
q_11745	doc_12367	1
q_11746	doc_12368	1
q_11747	doc_12369	1
q_11748	doc_12370	1
q_11749	doc_12371	1
q_11750	doc_12372	1
q_11751	doc_12373	1
q_11752	doc_12374	1
q_11753	doc_12375	1
q_11754	doc_12376	1
q_11755	doc_12377	1
q_11756	doc_12378	1
q_11757	doc_12379	1
q_11758	doc_12380	1
q_11759	doc_12381	1
q_11760	doc_12382	1
q_11761	doc_12383	1
q_11762	doc_12384	1
q_11763	doc_12385	1
q_11764	doc_12386	1
q_11765	doc_12387	1
q_11766	doc_12388	1
q_11767	doc_12389	1
q_11768	doc_12390	1
q_11769	doc_12391	1
q_11770	doc_12392	1
q_11771	doc_12393	1
q_11772	doc_12394	1
q_11773	doc_12395	1
q_11774	doc_12396	1
q_11775	doc_12397	1
q_11776	doc_12398	1
q_11777	doc_12399	1
q_11778	doc_12400	1
q_11779	doc_12401	1
q_11780	doc_12402	1
q_11781	doc_12403	1
q_11782	doc_12404	1
q_11783	doc_12405	1
q_11784	doc_12406	1
q_11785	doc_12407	1
q_11786	doc_12408	1
q_11787	doc_12409	1
q_11788	doc_12410	1
q_11789	doc_12411	1
q_11790	doc_12412	1
q_11791	doc_12413	1
q_11792	doc_12414	1
q_11793	doc_12415	1
q_11794	doc_12416	1
q_11795	doc_12417	1
q_11796	doc_12419	1
q_11797	doc_12420	1
q_11798	doc_12421	1
q_11799	doc_12422	1
q_11800	doc_12423	1
q_11801	doc_12424	1
q_11802	doc_12425	1
q_11803	doc_12427	1
q_11804	doc_12428	1
q_11805	doc_12429	1
q_11806	doc_12430	1
q_11807	doc_12431	1
q_11808	doc_12432	1
q_11809	doc_12433	1
q_11810	doc_12434	1
q_11811	doc_12435	1
q_11812	doc_12436	1
q_11813	doc_12437	1
q_11814	doc_12438	1
q_11815	doc_12439	1
q_11816	doc_12440	1
q_11817	doc_12441	1
q_11818	doc_12442	1
q_11819	doc_12443	1
q_11820	doc_12444	1
q_11821	doc_12445	1
q_11822	doc_12446	1
q_11823	doc_12447	1
q_11824	doc_12448	1
q_11825	doc_12449	1
q_11826	doc_12450	1
q_11827	doc_12451	1
q_11828	doc_12452	1
q_11829	doc_12453	1
q_11830	doc_12454	1
q_11831	doc_12455	1
q_11832	doc_12456	1
q_11833	doc_12457	1
q_11834	doc_12458	1
q_11835	doc_12459	1
q_11836	doc_12460	1
q_11837	doc_12461	1
q_11838	doc_12462	1
q_11839	doc_12463	1
q_11840	doc_12464	1
q_11841	doc_12465	1
q_11842	doc_12466	1
q_11843	doc_12467	1
q_11844	doc_12468	1
q_11845	doc_12469	1
q_11846	doc_12470	1
q_11847	doc_12471	1
q_11848	doc_12472	1
q_11849	doc_12473	1
q_11850	doc_12474	1
q_11851	doc_12475	1
q_11852	doc_12476	1
q_11853	doc_12477	1
q_11854	doc_12478	1
q_11855	doc_12479	1
q_11856	doc_12480	1
q_11857	doc_12481	1
q_11858	doc_12482	1
q_11859	doc_12483	1
q_11860	doc_12484	1
q_11861	doc_12485	1
q_11862	doc_12486	1
q_11863	doc_12487	1
q_11864	doc_12488	1
q_11865	doc_12489	1
q_11866	doc_12490	1
q_11867	doc_12491	1
q_11868	doc_12492	1
q_11869	doc_12493	1
q_11870	doc_12494	1
q_11871	doc_12495	1
q_11872	doc_12496	1
q_11873	doc_12497	1
q_11874	doc_12498	1
q_11875	doc_12499	1
q_11876	doc_12500	1
q_11877	doc_12501	1
q_11878	doc_12502	1
q_11879	doc_12503	1
q_11880	doc_12504	1
q_11881	doc_12505	1
q_11882	doc_12506	1
q_11883	doc_12507	1
q_11884	doc_12508	1
q_11885	doc_12509	1
q_11886	doc_12510	1
q_11887	doc_12511	1
q_11888	doc_12512	1
q_11889	doc_12513	1
q_11890	doc_12514	1
q_11891	doc_12515	1
q_11892	doc_12516	1
q_11893	doc_12517	1
q_11894	doc_12518	1
q_11895	doc_12519	1
q_11896	doc_12520	1
q_11897	doc_12521	1
q_11898	doc_12522	1
q_11899	doc_12523	1
q_11900	doc_12524	1
q_11901	doc_12525	1
q_11902	doc_12526	1
q_11903	doc_12527	1
q_11904	doc_12528	1
q_11905	doc_12529	1
q_11906	doc_12530	1
q_11907	doc_12531	1
q_11908	doc_12532	1
q_11909	doc_12533	1
q_11910	doc_12535	1
q_11911	doc_12536	1
q_11912	doc_12537	1
q_11913	doc_12538	1
q_11914	doc_12539	1
q_11915	doc_12540	1
q_11916	doc_12542	1
q_11917	doc_12543	1
q_11918	doc_12544	1
q_11919	doc_12545	1
q_11920	doc_12546	1
q_11921	doc_12548	1
q_11922	doc_12549	1
q_11923	doc_12550	1
q_11924	doc_12551	1
q_11925	doc_12552	1
q_11926	doc_12554	1
q_11927	doc_12555	1
q_11928	doc_12556	1
q_11929	doc_12557	1
q_11930	doc_12558	1
q_11931	doc_12559	1
q_11932	doc_12560	1
q_11933	doc_12561	1
q_11934	doc_12562	1
q_11935	doc_12563	1
q_11936	doc_12564	1
q_11937	doc_12565	1
q_11938	doc_12566	1
q_11939	doc_12567	1
q_11940	doc_12568	1
q_11941	doc_12569	1
q_11942	doc_12570	1
q_11943	doc_12571	1
q_11944	doc_12572	1
q_11945	doc_12573	1
q_11946	doc_12574	1
q_11947	doc_12575	1
q_11948	doc_12576	1
q_11949	doc_12577	1
q_11950	doc_12578	1
q_11951	doc_12579	1
q_11952	doc_12580	1
q_11953	doc_12581	1
q_11954	doc_12582	1
q_11955	doc_12583	1
q_11956	doc_12584	1
q_11957	doc_12585	1
q_11958	doc_12586	1
q_11959	doc_12587	1
q_11960	doc_12589	1
q_11961	doc_12590	1
q_11962	doc_12591	1
q_11963	doc_12592	1
q_11964	doc_12593	1
q_11965	doc_12594	1
q_11966	doc_12595	1
q_11967	doc_12596	1
q_11968	doc_12597	1
q_11969	doc_12598	1
q_11970	doc_12599	1
q_11971	doc_12600	1
q_11972	doc_12601	1
q_11973	doc_12602	1
q_11974	doc_12603	1
q_11975	doc_12604	1
q_11976	doc_12605	1
q_11977	doc_12606	1
q_11978	doc_12607	1
q_11979	doc_12608	1
q_11980	doc_12609	1
q_11981	doc_12610	1
q_11982	doc_12611	1
q_11983	doc_12612	1
q_11984	doc_12613	1
q_11985	doc_12614	1
q_11986	doc_12615	1
q_11987	doc_12616	1
q_11988	doc_12617	1
q_11989	doc_12618	1
q_11990	doc_12619	1
q_11991	doc_12620	1
q_11992	doc_12621	1
q_11993	doc_12622	1
q_11994	doc_12623	1
q_11995	doc_12624	1
q_11996	doc_12625	1
q_11997	doc_12626	1
q_11998	doc_12627	1
q_11999	doc_12628	1
q_12000	doc_12629	1
q_12001	doc_12630	1
q_12002	doc_12631	1
q_12003	doc_12632	1
q_12004	doc_12633	1
q_12005	doc_12634	1
q_12006	doc_12635	1
q_12007	doc_12636	1
q_12008	doc_12637	1
q_12009	doc_12638	1
q_12010	doc_12639	1
q_12011	doc_12640	1
q_12012	doc_12641	1
q_12013	doc_12642	1
q_12014	doc_12643	1
q_12015	doc_12644	1
q_12016	doc_12645	1
q_12017	doc_12646	1
q_12018	doc_12647	1
q_12019	doc_12648	1
q_12020	doc_12649	1
q_12021	doc_12650	1
q_12022	doc_12651	1
q_12023	doc_12652	1
q_12024	doc_12653	1
q_12025	doc_12654	1
q_12026	doc_12655	1
q_12027	doc_12656	1
q_12028	doc_12657	1
q_12029	doc_12658	1
q_12030	doc_12659	1
q_12031	doc_12660	1
q_12032	doc_12661	1
q_12033	doc_12662	1
q_12034	doc_12663	1
q_12035	doc_12664	1
q_12036	doc_12665	1
q_12037	doc_12666	1
q_12038	doc_12667	1
q_12039	doc_12668	1
q_12040	doc_12669	1
q_12041	doc_12670	1
q_12042	doc_12671	1
q_12043	doc_12672	1
q_12044	doc_12673	1
q_12045	doc_12674	1
q_12046	doc_12675	1
q_12047	doc_12676	1
q_12048	doc_12677	1
q_12049	doc_12678	1
q_12050	doc_12679	1
q_12051	doc_12680	1
q_12052	doc_12681	1
q_12053	doc_12682	1
q_12054	doc_12683	1
q_12055	doc_12684	1
q_12056	doc_12685	1
q_12057	doc_12686	1
q_12058	doc_12687	1
q_12059	doc_12688	1
q_12060	doc_12689	1
q_12061	doc_12690	1
q_12062	doc_12691	1
q_12063	doc_12692	1
q_12064	doc_12693	1
q_12065	doc_12694	1
q_12066	doc_12695	1
q_12067	doc_12696	1
q_12068	doc_12697	1
q_12069	doc_12698	1
q_12070	doc_12699	1
q_12071	doc_12700	1
q_12072	doc_12701	1
q_12073	doc_12702	1
q_12074	doc_12703	1
q_12075	doc_12704	1
q_12076	doc_12705	1
q_12077	doc_12706	1
q_12078	doc_12707	1
q_12079	doc_12708	1
q_12080	doc_12709	1
q_12081	doc_12710	1
q_12082	doc_12711	1
q_12083	doc_12712	1
q_12084	doc_12713	1
q_12085	doc_12714	1
q_12086	doc_12715	1
q_12087	doc_12716	1
q_12088	doc_12717	1
q_12089	doc_12718	1
q_12090	doc_12719	1
q_12091	doc_12720	1
q_12092	doc_12721	1
q_12093	doc_12722	1
q_12094	doc_12723	1
q_12095	doc_12724	1
q_12096	doc_12725	1
q_12097	doc_12726	1
q_12098	doc_12727	1
q_12099	doc_12728	1
q_12100	doc_12729	1
q_12101	doc_12730	1
q_12102	doc_12731	1
q_12103	doc_12732	1
q_12104	doc_12733	1
q_12105	doc_12734	1
q_12106	doc_12735	1
q_12107	doc_12736	1
q_12108	doc_12737	1
q_12109	doc_12738	1
q_12110	doc_12739	1
q_12111	doc_12740	1
q_12112	doc_12741	1
q_12113	doc_12742	1
q_12114	doc_12743	1
q_12115	doc_12744	1
q_12116	doc_12745	1
q_12117	doc_12746	1
q_12118	doc_12747	1
q_12119	doc_12748	1
q_12120	doc_12749	1
q_12121	doc_12750	1
q_12122	doc_12751	1
q_12123	doc_12752	1
q_12124	doc_12753	1
q_12125	doc_12754	1
q_12126	doc_12755	1
q_12127	doc_12756	1
q_12128	doc_12757	1
q_12129	doc_12758	1
q_12130	doc_12759	1
q_12131	doc_12760	1
q_12132	doc_12761	1
q_12133	doc_12762	1
q_12134	doc_12763	1
q_12135	doc_12764	1
q_12136	doc_12765	1
q_12137	doc_12766	1
q_12138	doc_12767	1
q_12139	doc_12768	1
q_12140	doc_12769	1
q_12141	doc_12770	1
q_12142	doc_12771	1
q_12143	doc_12772	1
q_12144	doc_12773	1
q_12145	doc_12774	1
q_12146	doc_12775	1
q_12147	doc_12776	1
q_12148	doc_12777	1
q_12149	doc_12778	1
q_12150	doc_12779	1
q_12151	doc_12780	1
q_12152	doc_12781	1
q_12153	doc_12782	1
q_12154	doc_12783	1
q_12155	doc_12784	1
q_12156	doc_12785	1
q_12157	doc_12786	1
q_12158	doc_12787	1
q_12159	doc_12788	1
q_12160	doc_12789	1
q_12161	doc_12790	1
q_12162	doc_12791	1
q_12163	doc_12792	1
q_12164	doc_12793	1
q_12165	doc_12794	1
q_12166	doc_12795	1
q_12167	doc_12796	1
q_12168	doc_12797	1
q_12169	doc_12798	1
q_12170	doc_12799	1
q_12171	doc_12800	1
q_12172	doc_12801	1
q_12173	doc_12802	1
q_12174	doc_12803	1
q_12175	doc_12804	1
q_12176	doc_12805	1
q_12177	doc_12806	1
q_12178	doc_12807	1
q_12179	doc_12808	1
q_12180	doc_12809	1
q_12181	doc_12810	1
q_12182	doc_12811	1
q_12183	doc_12812	1
q_12184	doc_12813	1
q_12185	doc_12814	1
q_12186	doc_12815	1
q_12187	doc_12816	1
q_12188	doc_12817	1
q_12189	doc_12818	1
q_12190	doc_12819	1
q_12191	doc_12820	1
q_12192	doc_12821	1
q_12193	doc_12822	1
q_12194	doc_12823	1
q_12195	doc_12824	1
q_12196	doc_12825	1
q_12197	doc_12826	1
q_12198	doc_12827	1
q_12199	doc_12828	1
q_12200	doc_12829	1
q_12201	doc_12830	1
q_12202	doc_12831	1
q_12203	doc_12832	1
q_12204	doc_12833	1
q_12205	doc_12834	1
q_12206	doc_12835	1
q_12207	doc_12836	1
q_12208	doc_12837	1
q_12209	doc_12838	1
q_12210	doc_12839	1
q_12211	doc_12840	1
q_12212	doc_12841	1
q_12213	doc_12842	1
q_12214	doc_12843	1
q_12215	doc_12844	1
q_12216	doc_12845	1
q_12217	doc_12846	1
q_12218	doc_12847	1
q_12219	doc_12848	1
q_12220	doc_12849	1
q_12221	doc_12850	1
q_12222	doc_12851	1
q_12223	doc_12852	1
q_12224	doc_12853	1
q_12225	doc_12854	1
q_12226	doc_12855	1
q_12227	doc_12856	1
q_12228	doc_12857	1
q_12229	doc_12858	1
q_12230	doc_12859	1
q_12231	doc_12860	1
q_12232	doc_12861	1
q_12233	doc_12863	1
q_12234	doc_12864	1
q_12235	doc_12865	1
q_12236	doc_12866	1
q_12237	doc_12867	1
q_12238	doc_12868	1
q_12239	doc_12869	1
q_12240	doc_12870	1
q_12241	doc_12871	1
q_12242	doc_12872	1
q_12243	doc_12873	1
q_12244	doc_12874	1
q_12245	doc_12875	1
q_12246	doc_12877	1
q_12247	doc_12878	1
q_12248	doc_12879	1
q_12249	doc_12880	1
q_12250	doc_12881	1
q_12251	doc_12882	1
q_12252	doc_12883	1
q_12253	doc_12884	1
q_12254	doc_12885	1
q_12255	doc_12886	1
q_12256	doc_12887	1
q_12257	doc_12888	1
q_12258	doc_12889	1
q_12259	doc_12890	1
q_12260	doc_12891	1
q_12261	doc_12892	1
q_12262	doc_12893	1
q_12263	doc_12894	1
q_12264	doc_12895	1
q_12265	doc_12896	1
q_12266	doc_12897	1
q_12267	doc_12898	1
q_12268	doc_12899	1
q_12269	doc_12900	1
q_12270	doc_12901	1
q_12271	doc_12903	1
q_12272	doc_12904	1
q_12273	doc_12905	1
q_12274	doc_12906	1
q_12275	doc_12907	1
q_12276	doc_12908	1
q_12277	doc_12909	1
q_12278	doc_12910	1
q_12279	doc_12911	1
q_12280	doc_12913	1
q_12281	doc_12914	1
q_12282	doc_12915	1
q_12283	doc_12916	1
q_12284	doc_12917	1
q_12285	doc_12918	1
q_12286	doc_12919	1
q_12287	doc_12920	1
q_12288	doc_12921	1
q_12289	doc_12923	1
q_12290	doc_12925	1
q_12291	doc_12926	1
q_12292	doc_12927	1
q_12293	doc_12928	1
q_12294	doc_12929	1
q_12295	doc_12930	1
q_12296	doc_12931	1
q_12297	doc_12932	1
q_12298	doc_12933	1
q_12299	doc_12934	1
q_12300	doc_12935	1
q_12301	doc_12936	1
q_12302	doc_12937	1
q_12303	doc_12940	1
q_12304	doc_12941	1
q_12305	doc_12942	1
q_12306	doc_12943	1
q_12307	doc_12945	1
q_12308	doc_12946	1
q_12309	doc_12947	1
q_12310	doc_12948	1
q_12311	doc_12949	1
q_12312	doc_12950	1
q_12313	doc_12951	1
q_12314	doc_12952	1
q_12315	doc_12953	1
q_12316	doc_12955	1
q_12317	doc_12956	1
q_12318	doc_12957	1
q_12319	doc_12958	1
q_12320	doc_12961	1
q_12321	doc_12962	1
q_12322	doc_12963	1
q_12323	doc_12966	1
q_12324	doc_12967	1
q_12325	doc_12968	1
q_12326	doc_12969	1
q_12327	doc_12970	1
q_12328	doc_12971	1
q_12329	doc_12972	1
q_12330	doc_12973	1
q_12331	doc_12974	1
q_12332	doc_12975	1
q_12333	doc_12976	1
q_12334	doc_12977	1
q_12335	doc_12978	1
q_12336	doc_12979	1
q_12337	doc_12980	1
q_12338	doc_12981	1
q_12339	doc_12982	1
q_12340	doc_12983	1
q_12341	doc_12984	1
q_12342	doc_12985	1
q_12343	doc_12987	1
q_12344	doc_12988	1
q_12345	doc_12989	1
q_12346	doc_12990	1
q_12347	doc_12992	1
q_12348	doc_12994	1
q_12349	doc_12995	1
q_12350	doc_12997	1
q_12351	doc_12999	1
q_12352	doc_13001	1
q_12353	doc_13002	1
q_12354	doc_13003	1
q_12355	doc_13004	1
q_12356	doc_13005	1
q_12357	doc_13006	1
q_12358	doc_13007	1
q_12359	doc_13008	1
q_12360	doc_13009	1
q_12361	doc_13010	1
q_12362	doc_13011	1
q_12363	doc_13012	1
q_12364	doc_13013	1
q_12365	doc_13014	1
q_12366	doc_13015	1
q_12367	doc_13018	1
q_12368	doc_13019	1
q_12369	doc_13021	1
q_12370	doc_13022	1
q_12371	doc_13023	1
q_12372	doc_13025	1
q_12373	doc_13026	1
q_12374	doc_13027	1
q_12375	doc_13028	1
q_12376	doc_13030	1
q_12377	doc_13031	1
q_12378	doc_13033	1
q_12379	doc_13034	1
q_12380	doc_13035	1
q_12381	doc_13037	1
q_12382	doc_13038	1
q_12383	doc_13040	1
q_12384	doc_13041	1
q_12385	doc_13042	1
q_12386	doc_13045	1
q_12387	doc_13046	1
q_12388	doc_13047	1
q_12389	doc_13048	1
q_12390	doc_13049	1
q_12391	doc_13050	1
q_12392	doc_13051	1
q_12393	doc_13052	1
q_12394	doc_13053	1
q_12395	doc_13054	1
q_12396	doc_13055	1
q_12397	doc_13056	1
q_12398	doc_13057	1
q_12399	doc_13058	1
q_12400	doc_13059	1
q_12401	doc_13061	1
q_12402	doc_13062	1
q_12403	doc_13063	1
q_12404	doc_13064	1
q_12405	doc_13065	1
q_12406	doc_13066	1
q_12407	doc_13067	1
q_12408	doc_13070	1
q_12409	doc_13071	1
q_12410	doc_13072	1
q_12411	doc_13073	1
q_12412	doc_13074	1
q_12413	doc_13075	1
q_12414	doc_13076	1
q_12415	doc_13077	1
q_12416	doc_13078	1
q_12417	doc_13079	1
q_12418	doc_13080	1
q_12419	doc_13081	1
q_12420	doc_13082	1
q_12421	doc_13083	1
q_12422	doc_13084	1
q_12423	doc_13085	1
q_12424	doc_13086	1
q_12425	doc_13087	1
q_12426	doc_13088	1
q_12427	doc_13089	1
q_12428	doc_13090	1
q_12429	doc_13091	1
q_12430	doc_13092	1
q_12431	doc_13093	1
q_12432	doc_13094	1
q_12433	doc_13095	1
q_12434	doc_13096	1
q_12435	doc_13098	1
q_12436	doc_13099	1
q_12437	doc_13100	1
q_12438	doc_13101	1
q_12439	doc_13104	1
q_12440	doc_13105	1
q_12441	doc_13106	1
q_12442	doc_13107	1
q_12443	doc_13108	1
q_12444	doc_13109	1
q_12445	doc_13110	1
q_12446	doc_13111	1
q_12447	doc_13112	1
q_12448	doc_13113	1
q_12449	doc_13114	1
q_12450	doc_13115	1
q_12451	doc_13116	1
q_12452	doc_13117	1
q_12453	doc_13119	1
q_12454	doc_13120	1
q_12455	doc_13121	1
q_12456	doc_13122	1
q_12457	doc_13123	1
q_12458	doc_13124	1
q_12459	doc_13125	1
q_12460	doc_13126	1
q_12461	doc_13127	1
q_12462	doc_13128	1
q_12463	doc_13129	1
q_12464	doc_13130	1
q_12465	doc_13131	1
q_12466	doc_13133	1
q_12467	doc_13134	1
q_12468	doc_13135	1
q_12469	doc_13136	1
q_12470	doc_13137	1
q_12471	doc_13138	1
q_12472	doc_13139	1
q_12473	doc_13140	1
q_12474	doc_13141	1
q_12475	doc_13142	1
q_12476	doc_13143	1
q_12477	doc_13144	1
q_12478	doc_13146	1
q_12479	doc_13147	1
q_12480	doc_13148	1
q_12481	doc_13149	1
q_12482	doc_13151	1
q_12483	doc_13152	1
q_12484	doc_13153	1
q_12485	doc_13154	1
q_12486	doc_13155	1
q_12487	doc_13156	1
q_12488	doc_13157	1
q_12489	doc_13159	1
q_12490	doc_13160	1
q_12491	doc_13161	1
q_12492	doc_13162	1
q_12493	doc_13163	1
q_12494	doc_13164	1
q_12495	doc_13165	1
q_12496	doc_13167	1
q_12497	doc_13168	1
q_12498	doc_13169	1
q_12499	doc_13170	1
q_12500	doc_13171	1
q_12501	doc_13172	1
q_12502	doc_13173	1
q_12503	doc_13174	1
q_12504	doc_13175	1
q_12505	doc_13176	1
q_12506	doc_13178	1
q_12507	doc_13179	1
q_12508	doc_13180	1
q_12509	doc_13181	1
q_12510	doc_13183	1
q_12511	doc_13185	1
q_12512	doc_13186	1
q_12513	doc_13188	1
q_12514	doc_13189	1
q_12515	doc_13190	1
q_12516	doc_13191	1
q_12517	doc_13192	1
q_12518	doc_13193	1
q_12519	doc_13194	1
q_12520	doc_13195	1
q_12521	doc_13196	1
q_12522	doc_13197	1
q_12523	doc_13198	1
q_12524	doc_13199	1
q_12525	doc_13200	1
q_12526	doc_13201	1
q_12527	doc_13202	1
q_12528	doc_13203	1
q_12529	doc_13204	1
q_12530	doc_13205	1
q_12531	doc_13206	1
q_12532	doc_13207	1
q_12533	doc_13208	1
q_12534	doc_13209	1
q_12535	doc_13210	1
q_12536	doc_13211	1
q_12537	doc_13212	1
q_12538	doc_13213	1
q_12539	doc_13214	1
q_12540	doc_13217	1
q_12541	doc_13218	1
q_12542	doc_13219	1
q_12543	doc_13220	1
q_12544	doc_13221	1
q_12545	doc_13222	1
q_12546	doc_13223	1
q_12547	doc_13224	1
q_12548	doc_13225	1
q_12549	doc_13227	1
q_12550	doc_13229	1
q_12551	doc_13230	1
q_12552	doc_13231	1
q_12553	doc_13233	1
q_12554	doc_13235	1
q_12555	doc_13236	1
q_12556	doc_13237	1
q_12557	doc_13238	1
q_12558	doc_13239	1
q_12559	doc_13240	1
q_12560	doc_13241	1
q_12561	doc_13242	1
q_12562	doc_13244	1
q_12563	doc_13247	1
q_12564	doc_13248	1
q_12565	doc_13249	1
q_12566	doc_13250	1
q_12567	doc_13253	1
q_12568	doc_13254	1
q_12569	doc_13256	1
q_12570	doc_13257	1
q_12571	doc_13258	1
q_12572	doc_13259	1
q_12573	doc_13260	1
q_12574	doc_13261	1
q_12575	doc_13262	1
q_12576	doc_13266	1
q_12577	doc_13267	1
q_12578	doc_13268	1
q_12579	doc_13270	1
q_12580	doc_13271	1
q_12581	doc_13272	1
q_12582	doc_13273	1
q_12583	doc_13274	1
q_12584	doc_13275	1
q_12585	doc_13276	1
q_12586	doc_13277	1
q_12587	doc_13278	1
q_12588	doc_13279	1
q_12589	doc_13280	1
q_12590	doc_13281	1
q_12591	doc_13282	1
q_12592	doc_13283	1
q_12593	doc_13284	1
q_12594	doc_13285	1
q_12595	doc_13287	1
q_12596	doc_13288	1
q_12597	doc_13289	1
q_12598	doc_13290	1
q_12599	doc_13291	1
q_12600	doc_13293	1
q_12601	doc_13294	1
q_12602	doc_13295	1
q_12603	doc_13296	1
q_12604	doc_13297	1
q_12605	doc_13298	1
q_12606	doc_13299	1
q_12607	doc_13300	1
q_12608	doc_13301	1
q_12609	doc_13302	1
q_12610	doc_13303	1
q_12611	doc_13304	1
q_12612	doc_13305	1
q_12613	doc_13306	1
q_12614	doc_13307	1
q_12615	doc_13308	1
q_12616	doc_13309	1
q_12617	doc_13310	1
q_12618	doc_13311	1
q_12619	doc_13312	1
q_12620	doc_13313	1
q_12621	doc_13314	1
q_12622	doc_13316	1
q_12623	doc_13317	1
q_12624	doc_13318	1
q_12625	doc_13319	1
q_12626	doc_13320	1
q_12627	doc_13321	1
q_12628	doc_13322	1
q_12629	doc_13325	1
q_12630	doc_13326	1
q_12631	doc_13327	1
q_12632	doc_13328	1
q_12633	doc_13329	1
q_12634	doc_13330	1
q_12635	doc_13332	1
q_12636	doc_13333	1
q_12637	doc_13334	1
q_12638	doc_13335	1
q_12639	doc_13336	1
q_12640	doc_13337	1
q_12641	doc_13338	1
q_12642	doc_13339	1
q_12643	doc_13340	1
q_12644	doc_13341	1
q_12645	doc_13342	1
q_12646	doc_13343	1
q_12647	doc_13345	1
q_12648	doc_13346	1
q_12649	doc_13347	1
q_12650	doc_13348	1
q_12651	doc_13349	1
q_12652	doc_13350	1
q_12653	doc_13351	1
q_12654	doc_13352	1
q_12655	doc_13355	1
q_12656	doc_13357	1
q_12657	doc_13358	1
q_12658	doc_13360	1
q_12659	doc_13361	1
q_12660	doc_13362	1
q_12661	doc_13363	1
q_12662	doc_13364	1
q_12663	doc_13366	1
q_12664	doc_13367	1
q_12665	doc_13368	1
q_12666	doc_13369	1
q_12667	doc_13370	1
q_12668	doc_13371	1
q_12669	doc_13372	1
q_12670	doc_13373	1
q_12671	doc_13374	1
q_12672	doc_13376	1
q_12673	doc_13377	1
q_12674	doc_13378	1
q_12675	doc_13380	1
q_12676	doc_13381	1
q_12677	doc_13382	1
q_12678	doc_13383	1
q_12679	doc_13384	1
q_12680	doc_13385	1
q_12681	doc_13386	1
q_12682	doc_13389	1
q_12683	doc_13390	1
q_12684	doc_13391	1
q_12685	doc_13392	1
q_12686	doc_13393	1
q_12687	doc_13394	1
q_12688	doc_13396	1
q_12689	doc_13398	1
q_12690	doc_13399	1
q_12691	doc_13401	1
q_12692	doc_13402	1
q_12693	doc_13403	1
q_12694	doc_13404	1
q_12695	doc_13408	1
q_12696	doc_13409	1
q_12697	doc_13410	1
q_12698	doc_13411	1
q_12699	doc_13412	1
q_12700	doc_13413	1
q_12701	doc_13414	1
q_12702	doc_13415	1
q_12703	doc_13416	1
q_12704	doc_13417	1
q_12705	doc_13418	1
q_12706	doc_13419	1
q_12707	doc_13420	1
q_12708	doc_13421	1
q_12709	doc_13422	1
q_12710	doc_13423	1
q_12711	doc_13424	1
q_12712	doc_13425	1
q_12713	doc_13426	1
q_12714	doc_13427	1
q_12715	doc_13428	1
q_12716	doc_13429	1
q_12717	doc_13430	1
q_12718	doc_13431	1
q_12719	doc_13432	1
q_12720	doc_13433	1
q_12721	doc_13434	1
q_12722	doc_13435	1
q_12723	doc_13436	1
q_12724	doc_13437	1
q_12725	doc_13438	1
q_12726	doc_13439	1
q_12727	doc_13440	1
q_12728	doc_13442	1
q_12729	doc_13443	1
q_12730	doc_13444	1
q_12731	doc_13446	1
q_12732	doc_13447	1
q_12733	doc_13448	1
q_12734	doc_13450	1
q_12735	doc_13451	1
q_12736	doc_13452	1
q_12737	doc_13453	1
q_12738	doc_13454	1
q_12739	doc_13455	1
q_12740	doc_13456	1
q_12741	doc_13457	1
q_12742	doc_13458	1
q_12743	doc_13459	1
q_12744	doc_13460	1
q_12745	doc_13461	1
q_12746	doc_13462	1
q_12747	doc_13463	1
q_12748	doc_13465	1
q_12749	doc_13466	1
q_12750	doc_13467	1
q_12751	doc_13468	1
q_12752	doc_13469	1
q_12753	doc_13470	1
q_12754	doc_13471	1
q_12755	doc_13472	1
q_12756	doc_13473	1
q_12757	doc_13474	1
q_12758	doc_13475	1
q_12759	doc_13476	1
q_12760	doc_13477	1
q_12761	doc_13478	1
q_12762	doc_13479	1
q_12763	doc_13480	1
q_12764	doc_13481	1
q_12765	doc_13482	1
q_12766	doc_13483	1
q_12767	doc_13484	1
q_12768	doc_13485	1
q_12769	doc_13486	1
q_12770	doc_13487	1
q_12771	doc_13488	1
q_12772	doc_13489	1
q_12773	doc_13490	1
q_12774	doc_13491	1
q_12775	doc_13492	1
q_12776	doc_13493	1
q_12777	doc_13494	1
q_12778	doc_13495	1
q_12779	doc_13496	1
q_12780	doc_13497	1
q_12781	doc_13498	1
q_12782	doc_13499	1
q_12783	doc_13500	1
q_12784	doc_13501	1
q_12785	doc_13502	1
q_12786	doc_13503	1
q_12787	doc_13504	1
q_12788	doc_13505	1
q_12789	doc_13506	1
q_12790	doc_13507	1
q_12791	doc_13508	1
q_12792	doc_13509	1
q_12793	doc_13510	1
q_12794	doc_13511	1
q_12795	doc_13512	1
q_12796	doc_13513	1
q_12797	doc_13514	1
q_12798	doc_13515	1
q_12799	doc_13516	1
q_12800	doc_13517	1
q_12801	doc_13518	1
q_12802	doc_13519	1
q_12803	doc_13520	1
q_12804	doc_13521	1
q_12805	doc_13522	1
q_12806	doc_13523	1
q_12807	doc_13524	1
q_12808	doc_13525	1
q_12809	doc_13526	1
q_12810	doc_13527	1
q_12811	doc_13528	1
q_12812	doc_13529	1
q_12813	doc_13531	1
q_12814	doc_13532	1
q_12815	doc_13533	1
q_12816	doc_13534	1
q_12817	doc_13535	1
q_12818	doc_13536	1
q_12819	doc_13538	1
q_12820	doc_13539	1
q_12821	doc_13540	1
q_12822	doc_13541	1
q_12823	doc_13543	1
q_12824	doc_13544	1
q_12825	doc_13545	1
q_12826	doc_13547	1
q_12827	doc_13548	1
q_12828	doc_13549	1
q_12829	doc_13550	1
q_12830	doc_13551	1
q_12831	doc_13552	1
q_12832	doc_13554	1
q_12833	doc_13555	1
q_12834	doc_13556	1
q_12835	doc_13557	1
q_12836	doc_13558	1
q_12837	doc_13559	1
q_12838	doc_13560	1
q_12839	doc_13562	1
q_12840	doc_13563	1
q_12841	doc_13564	1
q_12842	doc_13566	1
q_12843	doc_13567	1
q_12844	doc_13568	1
q_12845	doc_13569	1
q_12846	doc_13570	1
q_12847	doc_13571	1
q_12848	doc_13573	1
q_12849	doc_13574	1
q_12850	doc_13575	1
q_12851	doc_13576	1
q_12852	doc_13578	1
q_12853	doc_13579	1
q_12854	doc_13580	1
q_12855	doc_13581	1
q_12856	doc_13582	1
q_12857	doc_13583	1
q_12858	doc_13585	1
q_12859	doc_13586	1
q_12860	doc_13587	1
q_12861	doc_13588	1
q_12862	doc_13590	1
q_12863	doc_13591	1
q_12864	doc_13592	1
q_12865	doc_13593	1
q_12866	doc_13594	1
q_12867	doc_13595	1
q_12868	doc_13597	1
q_12869	doc_13598	1
q_12870	doc_13599	1
q_12871	doc_13600	1
q_12872	doc_13602	1
q_12873	doc_13603	1
q_12874	doc_13604	1
q_12875	doc_13605	1
q_12876	doc_13606	1
q_12877	doc_13607	1
q_12878	doc_13609	1
q_12879	doc_13610	1
q_12880	doc_13611	1
q_12881	doc_13612	1
q_12882	doc_13613	1
q_12883	doc_13614	1
q_12884	doc_13616	1
q_12885	doc_13617	1
q_12886	doc_13618	1
q_12887	doc_13620	1
q_12888	doc_13621	1
q_12889	doc_13622	1
q_12890	doc_13623	1
q_12891	doc_13624	1
q_12892	doc_13625	1
q_12893	doc_13627	1
q_12894	doc_13628	1
q_12895	doc_13629	1
q_12896	doc_13630	1
q_12897	doc_13632	1
q_12898	doc_13633	1
q_12899	doc_13634	1
q_12900	doc_13635	1
q_12901	doc_13636	1
q_12902	doc_13637	1
q_12903	doc_13638	1
q_12904	doc_13639	1
q_12905	doc_13640	1
q_12906	doc_13641	1
q_12907	doc_13642	1
q_12908	doc_13643	1
q_12909	doc_13644	1
q_12910	doc_13646	1
q_12911	doc_13647	1
q_12912	doc_13648	1
q_12913	doc_13649	1
q_12914	doc_13651	1
q_12915	doc_13652	1
q_12916	doc_13653	1
q_12917	doc_13654	1
q_12918	doc_13655	1
q_12919	doc_13656	1
q_12920	doc_13658	1
q_12921	doc_13659	1
q_12922	doc_13660	1
q_12923	doc_13661	1
q_12924	doc_13662	1
q_12925	doc_13664	1
q_12926	doc_13665	1
q_12927	doc_13666	1
q_12928	doc_13668	1
q_12929	doc_13669	1
q_12930	doc_13670	1
q_12931	doc_13671	1
q_12932	doc_13672	1
q_12933	doc_13673	1
q_12934	doc_13675	1
q_12935	doc_13676	1
q_12936	doc_13677	1
q_12937	doc_13678	1
q_12938	doc_13680	1
q_12939	doc_13681	1
q_12940	doc_13682	1
q_12941	doc_13683	1
q_12942	doc_13684	1
q_12943	doc_13685	1
q_12944	doc_13687	1
q_12945	doc_13688	1
q_12946	doc_13689	1
q_12947	doc_13690	1
q_12948	doc_13691	1
q_12949	doc_13692	1
q_12950	doc_13693	1
q_12951	doc_13695	1
q_12952	doc_13696	1
q_12953	doc_13697	1
q_12954	doc_13699	1
q_12955	doc_13700	1
q_12956	doc_13701	1
q_12957	doc_13702	1
q_12958	doc_13703	1
q_12959	doc_13704	1
q_12960	doc_13706	1
q_12961	doc_13707	1
q_12962	doc_13708	1
q_12963	doc_13709	1
q_12964	doc_13711	1
q_12965	doc_13712	1
q_12966	doc_13713	1
q_12967	doc_13714	1
q_12968	doc_13715	1
q_12969	doc_13716	1
q_12970	doc_13718	1
q_12971	doc_13719	1
q_12972	doc_13720	1
q_12973	doc_13721	1
q_12974	doc_13723	1
q_12975	doc_13724	1
q_12976	doc_13725	1
q_12977	doc_13726	1
q_12978	doc_13727	1
q_12979	doc_13729	1
q_12980	doc_13730	1
q_12981	doc_13731	1
q_12982	doc_13732	1
q_12983	doc_13734	1
q_12984	doc_13735	1
q_12985	doc_13736	1
q_12986	doc_13737	1
q_12987	doc_13738	1
q_12988	doc_13739	1
q_12989	doc_13741	1
q_12990	doc_13742	1
q_12991	doc_13743	1
q_12992	doc_13744	1
q_12993	doc_13745	1
q_12994	doc_13747	1
q_12995	doc_13748	1
q_12996	doc_13749	1
q_12997	doc_13751	1
q_12998	doc_13752	1
q_12999	doc_13753	1
q_13000	doc_13754	1
q_13001	doc_13755	1
q_13002	doc_13756	1
q_13003	doc_13758	1
q_13004	doc_13759	1
q_13005	doc_13760	1
q_13006	doc_13761	1
q_13007	doc_13763	1
q_13008	doc_13764	1
q_13009	doc_13765	1
q_13010	doc_13766	1
q_13011	doc_13767	1
q_13012	doc_13768	1
q_13013	doc_13770	1
q_13014	doc_13771	1
q_13015	doc_13772	1
q_13016	doc_13773	1
q_13017	doc_13774	1
q_13018	doc_13776	1
q_13019	doc_13777	1
q_13020	doc_13778	1
q_13021	doc_13780	1
q_13022	doc_13781	1
q_13023	doc_13782	1
q_13024	doc_13783	1
q_13025	doc_13784	1
q_13026	doc_13785	1
q_13027	doc_13787	1
q_13028	doc_13788	1
q_13029	doc_13789	1
q_13030	doc_13790	1
q_13031	doc_13792	1
q_13032	doc_13793	1
q_13033	doc_13794	1
q_13034	doc_13795	1
q_13035	doc_13796	1
q_13036	doc_13797	1
q_13037	doc_13799	1
q_13038	doc_13800	1
q_13039	doc_13801	1
q_13040	doc_13802	1
q_13041	doc_13803	1
q_13042	doc_13805	1
q_13043	doc_13806	1
q_13044	doc_13807	1
q_13045	doc_13809	1
q_13046	doc_13810	1
q_13047	doc_13811	1
q_13048	doc_13812	1
q_13049	doc_13814	1
q_13050	doc_13815	1
q_13051	doc_13816	1
q_13052	doc_13817	1
q_13053	doc_13819	1
q_13054	doc_13820	1
q_13055	doc_13821	1
q_13056	doc_13822	1
q_13057	doc_13824	1
q_13058	doc_13825	1
q_13059	doc_13826	1
q_13060	doc_13827	1
q_13061	doc_13828	1
q_13062	doc_13829	1
q_13063	doc_13830	1
q_13064	doc_13831	1
q_13065	doc_13832	1
q_13066	doc_13833	1
q_13067	doc_13834	1
q_13068	doc_13835	1
q_13069	doc_13836	1
q_13070	doc_13837	1
q_13071	doc_13838	1
q_13072	doc_13839	1
q_13073	doc_13840	1
q_13074	doc_13841	1
q_13075	doc_13844	1
q_13076	doc_13845	1
q_13077	doc_13846	1
q_13078	doc_13847	1
q_13079	doc_13848	1
q_13080	doc_13849	1
q_13081	doc_13850	1
q_13082	doc_13851	1
q_13083	doc_13852	1
q_13084	doc_13853	1
q_13085	doc_13854	1
q_13086	doc_13855	1
q_13087	doc_13856	1
q_13088	doc_13857	1
q_13089	doc_13858	1
q_13090	doc_13859	1
q_13091	doc_13860	1
q_13092	doc_13861	1
q_13093	doc_13862	1
q_13094	doc_13863	1
q_13095	doc_13864	1
q_13096	doc_13865	1
q_13097	doc_13866	1
q_13098	doc_13867	1
q_13099	doc_13868	1
q_13100	doc_13869	1
q_13101	doc_13870	1
q_13102	doc_13871	1
q_13103	doc_13872	1
q_13104	doc_13873	1
q_13105	doc_13874	1
q_13106	doc_13875	1
q_13107	doc_13876	1
q_13108	doc_13877	1
q_13109	doc_13878	1
q_13110	doc_13879	1
q_13111	doc_13880	1
q_13112	doc_13881	1
q_13113	doc_13882	1
q_13114	doc_13883	1
q_13115	doc_13884	1
q_13116	doc_13885	1
q_13117	doc_13886	1
q_13118	doc_13887	1
q_13119	doc_13888	1
q_13120	doc_13889	1
q_13121	doc_13890	1
q_13122	doc_13891	1
q_13123	doc_13892	1
q_13124	doc_13893	1
q_13125	doc_13894	1
q_13126	doc_13895	1
q_13127	doc_13896	1
q_13128	doc_13897	1
q_13129	doc_13898	1
q_13130	doc_13899	1
q_13131	doc_13900	1
q_13132	doc_13901	1
q_13133	doc_13902	1
q_13134	doc_13903	1
q_13135	doc_13904	1
q_13136	doc_13905	1
q_13137	doc_13906	1
q_13138	doc_13907	1
q_13139	doc_13908	1
q_13140	doc_13909	1
q_13141	doc_13910	1
q_13142	doc_13911	1
q_13143	doc_13912	1
q_13144	doc_13913	1
q_13145	doc_13914	1
q_13146	doc_13915	1
q_13147	doc_13916	1
q_13148	doc_13917	1
q_13149	doc_13918	1
q_13150	doc_13919	1
q_13151	doc_13920	1
q_13152	doc_13921	1
q_13153	doc_13922	1
q_13154	doc_13923	1
q_13155	doc_13924	1
q_13156	doc_13925	1
q_13157	doc_13926	1
q_13158	doc_13927	1
q_13159	doc_13928	1
q_13160	doc_13929	1
q_13161	doc_13930	1
q_13162	doc_13931	1
q_13163	doc_13932	1
q_13164	doc_13933	1
q_13165	doc_13934	1
q_13166	doc_13935	1
q_13167	doc_13936	1
q_13168	doc_13937	1
q_13169	doc_13938	1
q_13170	doc_13939	1
q_13171	doc_13940	1
q_13172	doc_13941	1
q_13173	doc_13942	1
q_13174	doc_13943	1
q_13175	doc_13944	1
q_13176	doc_13945	1
q_13177	doc_13946	1
q_13178	doc_13947	1
q_13179	doc_13948	1
q_13180	doc_13949	1
q_13181	doc_13951	1
q_13182	doc_13952	1
q_13183	doc_13954	1
q_13184	doc_13955	1
q_13185	doc_13957	1
q_13186	doc_13958	1
q_13187	doc_13959	1
q_13188	doc_13960	1
q_13189	doc_13963	1
q_13190	doc_13964	1
q_13191	doc_13965	1
q_13192	doc_13966	1
q_13193	doc_13967	1
q_13194	doc_13968	1
q_13195	doc_13969	1
q_13196	doc_13970	1
q_13197	doc_13971	1
q_13198	doc_13972	1
q_13199	doc_13973	1
q_13200	doc_13974	1
q_13201	doc_13975	1
q_13202	doc_13976	1
q_13203	doc_13977	1
q_13204	doc_13978	1
q_13205	doc_13979	1
q_13206	doc_13980	1
q_13207	doc_13981	1
q_13208	doc_13983	1
q_13209	doc_13985	1
q_13210	doc_13986	1
q_13211	doc_13987	1
q_13212	doc_13988	1
q_13213	doc_13989	1
q_13214	doc_13990	1
q_13215	doc_13991	1
q_13216	doc_13992	1
q_13217	doc_13993	1
q_13218	doc_13994	1
q_13219	doc_13995	1
q_13220	doc_13996	1
q_13221	doc_13997	1
q_13222	doc_13998	1
q_13223	doc_13999	1
q_13224	doc_14000	1
q_13225	doc_14001	1
q_13226	doc_14002	1
q_13227	doc_14003	1
q_13228	doc_14004	1
q_13229	doc_14006	1
q_13230	doc_14007	1
q_13231	doc_14009	1
q_13232	doc_14010	1
q_13233	doc_14011	1
q_13234	doc_14012	1
q_13235	doc_14013	1
q_13236	doc_14014	1
q_13237	doc_14015	1
q_13238	doc_14016	1
q_13239	doc_14017	1
q_13240	doc_14018	1
q_13241	doc_14019	1
q_13242	doc_14020	1
q_13243	doc_14021	1
q_13244	doc_14022	1
q_13245	doc_14023	1
q_13246	doc_14024	1
q_13247	doc_14025	1
q_13248	doc_14026	1
q_13249	doc_14027	1
q_13250	doc_14028	1
q_13251	doc_14029	1
q_13252	doc_14030	1
q_13253	doc_14033	1
q_13254	doc_14034	1
q_13255	doc_14035	1
q_13256	doc_14036	1
q_13257	doc_14037	1
q_13258	doc_14038	1
q_13259	doc_14039	1
q_13260	doc_14040	1
q_13261	doc_14041	1
q_13262	doc_14042	1
q_13263	doc_14043	1
q_13264	doc_14044	1
q_13265	doc_14045	1
q_13266	doc_14046	1
q_13267	doc_14047	1
q_13268	doc_14048	1
q_13269	doc_14049	1
q_13270	doc_14050	1
q_13271	doc_14051	1
q_13272	doc_14052	1
q_13273	doc_14053	1
q_13274	doc_14054	1
q_13275	doc_14055	1
q_13276	doc_14056	1
q_13277	doc_14057	1
q_13278	doc_14058	1
q_13279	doc_14059	1
q_13280	doc_14060	1
q_13281	doc_14061	1
q_13282	doc_14062	1
q_13283	doc_14063	1
q_13284	doc_14064	1
q_13285	doc_14065	1
q_13286	doc_14066	1
q_13287	doc_14067	1
q_13288	doc_14068	1
q_13289	doc_14069	1
q_13290	doc_14070	1
q_13291	doc_14071	1
q_13292	doc_14072	1
q_13293	doc_14073	1
q_13294	doc_14074	1
q_13295	doc_14075	1
q_13296	doc_14076	1
q_13297	doc_14077	1
q_13298	doc_14078	1
q_13299	doc_14079	1
q_13300	doc_14080	1
q_13301	doc_14081	1
q_13302	doc_14082	1
q_13303	doc_14083	1
q_13304	doc_14084	1
q_13305	doc_14085	1
q_13306	doc_14086	1
q_13307	doc_14087	1
q_13308	doc_14088	1
q_13309	doc_14089	1
q_13310	doc_14090	1
q_13311	doc_14091	1
q_13312	doc_14093	1
q_13313	doc_14094	1
q_13314	doc_14095	1
q_13315	doc_14096	1
q_13316	doc_14097	1
q_13317	doc_14098	1
q_13318	doc_14099	1
q_13319	doc_14100	1
q_13320	doc_14101	1
q_13321	doc_14102	1
q_13322	doc_14103	1
q_13323	doc_14104	1
q_13324	doc_14105	1
q_13325	doc_14106	1
q_13326	doc_14107	1
q_13327	doc_14108	1
q_13328	doc_14109	1
q_13329	doc_14110	1
q_13330	doc_14111	1
q_13331	doc_14112	1
q_13332	doc_14113	1
q_13333	doc_14114	1
q_13334	doc_14115	1
q_13335	doc_14116	1
q_13336	doc_14117	1
q_13337	doc_14118	1
q_13338	doc_14119	1
q_13339	doc_14120	1
q_13340	doc_14121	1
q_13341	doc_14122	1
q_13342	doc_14124	1
q_13343	doc_14125	1
q_13344	doc_14126	1
q_13345	doc_14127	1
q_13346	doc_14128	1
q_13347	doc_14129	1
q_13348	doc_14130	1
q_13349	doc_14131	1
q_13350	doc_14133	1
q_13351	doc_14134	1
q_13352	doc_14135	1
q_13353	doc_14136	1
q_13354	doc_14137	1
q_13355	doc_14138	1
q_13356	doc_14140	1
q_13357	doc_14141	1
q_13358	doc_14142	1
q_13359	doc_14143	1
q_13360	doc_14144	1
q_13361	doc_14146	1
q_13362	doc_14147	1
q_13363	doc_14148	1
q_13364	doc_14149	1
q_13365	doc_14151	1
q_13366	doc_14152	1
q_13367	doc_14153	1
q_13368	doc_14154	1
q_13369	doc_14155	1
q_13370	doc_14156	1
q_13371	doc_14158	1
q_13372	doc_14159	1
q_13373	doc_14160	1
q_13374	doc_14161	1
q_13375	doc_14162	1
q_13376	doc_14163	1
q_13377	doc_14164	1
q_13378	doc_14165	1
q_13379	doc_14166	1
q_13380	doc_14169	1
q_13381	doc_14170	1
q_13382	doc_14171	1
q_13383	doc_14172	1
q_13384	doc_14173	1
q_13385	doc_14174	1
q_13386	doc_14175	1
q_13387	doc_14176	1
q_13388	doc_14177	1
q_13389	doc_14178	1
q_13390	doc_14179	1
q_13391	doc_14180	1
q_13392	doc_14181	1
q_13393	doc_14184	1
q_13394	doc_14185	1
q_13395	doc_14186	1
q_13396	doc_14187	1
q_13397	doc_14188	1
q_13398	doc_14189	1
q_13399	doc_14190	1
q_13400	doc_14191	1
q_13401	doc_14192	1
q_13402	doc_14193	1
q_13403	doc_14194	1
q_13404	doc_14195	1
q_13405	doc_14196	1
q_13406	doc_14197	1
q_13407	doc_14198	1
q_13408	doc_14199	1
q_13409	doc_14200	1
q_13410	doc_14201	1
q_13411	doc_14202	1
q_13412	doc_14203	1
q_13413	doc_14204	1
q_13414	doc_14205	1
q_13415	doc_14206	1
q_13416	doc_14207	1
q_13417	doc_14208	1
q_13418	doc_14209	1
q_13419	doc_14210	1
q_13420	doc_14211	1
q_13421	doc_14212	1
q_13422	doc_14213	1
q_13423	doc_14214	1
q_13424	doc_14215	1
q_13425	doc_14216	1
q_13426	doc_14217	1
q_13427	doc_14218	1
q_13428	doc_14219	1
q_13429	doc_14220	1
q_13430	doc_14221	1
q_13431	doc_14222	1
q_13432	doc_14223	1
q_13433	doc_14224	1
q_13434	doc_14225	1
q_13435	doc_14226	1
q_13436	doc_14227	1
q_13437	doc_14228	1
q_13438	doc_14229	1
q_13439	doc_14230	1
q_13440	doc_14231	1
q_13441	doc_14232	1
q_13442	doc_14235	1
q_13443	doc_14236	1
q_13444	doc_14237	1
q_13445	doc_14238	1
q_13446	doc_14239	1
q_13447	doc_14240	1
q_13448	doc_14241	1
q_13449	doc_14242	1
q_13450	doc_14243	1
q_13451	doc_14245	1
q_13452	doc_14246	1
q_13453	doc_14248	1
q_13454	doc_14249	1
q_13455	doc_14251	1
q_13456	doc_14252	1
q_13457	doc_14254	1
q_13458	doc_14255	1
q_13459	doc_14256	1
q_13460	doc_14258	1
q_13461	doc_14259	1
q_13462	doc_14261	1
q_13463	doc_14262	1
q_13464	doc_14264	1
q_13465	doc_14265	1
q_13466	doc_14267	1
q_13467	doc_14268	1
q_13468	doc_14270	1
q_13469	doc_14271	1
q_13470	doc_14273	1
q_13471	doc_14274	1
q_13472	doc_14276	1
q_13473	doc_14277	1
q_13474	doc_14279	1
q_13475	doc_14280	1
q_13476	doc_14282	1
q_13477	doc_14283	1
q_13478	doc_14284	1
q_13479	doc_14285	1
q_13480	doc_14287	1
q_13481	doc_14288	1
q_13482	doc_14290	1
q_13483	doc_14291	1
q_13484	doc_14293	1
q_13485	doc_14294	1
q_13486	doc_14295	1
q_13487	doc_14296	1
q_13488	doc_14297	1
q_13489	doc_14298	1
q_13490	doc_14300	1
q_13491	doc_14301	1
q_13492	doc_14303	1
q_13493	doc_14304	1
q_13494	doc_14306	1
q_13495	doc_14307	1
q_13496	doc_14309	1
q_13497	doc_14310	1
q_13498	doc_14312	1
q_13499	doc_14313	1
q_13500	doc_14314	1
q_13501	doc_14315	1
q_13502	doc_14316	1
q_13503	doc_14317	1
q_13504	doc_14318	1
q_13505	doc_14319	1
q_13506	doc_14320	1
q_13507	doc_14321	1
q_13508	doc_14322	1
q_13509	doc_14323	1
q_13510	doc_14324	1
q_13511	doc_14325	1
q_13512	doc_14326	1
q_13513	doc_14327	1
q_13514	doc_14328	1
q_13515	doc_14329	1
q_13516	doc_14330	1
q_13517	doc_14331	1
q_13518	doc_14332	1
q_13519	doc_14333	1
q_13520	doc_14334	1
q_13521	doc_14336	1
q_13522	doc_14338	1
q_13523	doc_14339	1
q_13524	doc_14341	1
q_13525	doc_14342	1
q_13526	doc_14343	1
q_13527	doc_14345	1
q_13528	doc_14346	1
q_13529	doc_14347	1
q_13530	doc_14348	1
q_13531	doc_14349	1
q_13532	doc_14350	1
q_13533	doc_14351	1
q_13534	doc_14352	1
q_13535	doc_14353	1
q_13536	doc_14354	1
q_13537	doc_14355	1
q_13538	doc_14356	1
q_13539	doc_14357	1
q_13540	doc_14358	1
q_13541	doc_14359	1
q_13542	doc_14360	1
q_13543	doc_14361	1
q_13544	doc_14362	1
q_13545	doc_14363	1
q_13546	doc_14364	1
q_13547	doc_14366	1
q_13548	doc_14368	1
q_13549	doc_14369	1
q_13550	doc_14370	1
q_13551	doc_14371	1
q_13552	doc_14372	1
q_13553	doc_14373	1
q_13554	doc_14374	1
q_13555	doc_14375	1
q_13556	doc_14376	1
q_13557	doc_14377	1
q_13558	doc_14378	1
q_13559	doc_14379	1
q_13560	doc_14380	1
q_13561	doc_14381	1
q_13562	doc_14382	1
q_13563	doc_14383	1
q_13564	doc_14384	1
q_13565	doc_14385	1
q_13566	doc_14386	1
q_13567	doc_14387	1
q_13568	doc_14388	1
q_13569	doc_14389	1
q_13570	doc_14390	1
q_13571	doc_14391	1
q_13572	doc_14392	1
q_13573	doc_14393	1
q_13574	doc_14394	1
q_13575	doc_14395	1
q_13576	doc_14396	1
q_13577	doc_14397	1
q_13578	doc_14398	1
q_13579	doc_14399	1
q_13580	doc_14400	1
q_13581	doc_14401	1
q_13582	doc_14402	1
q_13583	doc_14403	1
q_13584	doc_14404	1
q_13585	doc_14405	1
q_13586	doc_14406	1
q_13587	doc_14407	1
q_13588	doc_14408	1
q_13589	doc_14409	1
q_13590	doc_14410	1
q_13591	doc_14411	1
q_13592	doc_14412	1
q_13593	doc_14413	1
q_13594	doc_14414	1
q_13595	doc_14415	1
q_13596	doc_14416	1
q_13597	doc_14417	1
q_13598	doc_14418	1
q_13599	doc_14419	1
q_13600	doc_14420	1
q_13601	doc_14421	1
q_13602	doc_14422	1
q_13603	doc_14423	1
q_13604	doc_14424	1
q_13605	doc_14425	1
q_13606	doc_14426	1
q_13607	doc_14427	1
q_13608	doc_14428	1
q_13609	doc_14429	1
q_13610	doc_14430	1
q_13611	doc_14431	1
q_13612	doc_14432	1
q_13613	doc_14433	1
q_13614	doc_14434	1
q_13615	doc_14435	1
q_13616	doc_14436	1
q_13617	doc_14437	1
q_13618	doc_14438	1
q_13619	doc_14439	1
q_13620	doc_14440	1
q_13621	doc_14441	1
q_13622	doc_14442	1
q_13623	doc_14443	1
q_13624	doc_14444	1
q_13625	doc_14445	1
q_13626	doc_14446	1
q_13627	doc_14447	1
q_13628	doc_14448	1
q_13629	doc_14449	1
q_13630	doc_14450	1
q_13631	doc_14451	1
q_13632	doc_14452	1
q_13633	doc_14453	1
q_13634	doc_14454	1
q_13635	doc_14455	1
q_13636	doc_14456	1
q_13637	doc_14457	1
q_13638	doc_14458	1
q_13639	doc_14459	1
q_13640	doc_14460	1
q_13641	doc_14461	1
q_13642	doc_14462	1
q_13643	doc_14463	1
q_13644	doc_14464	1
q_13645	doc_14465	1
q_13646	doc_14466	1
q_13647	doc_14467	1
q_13648	doc_14468	1
q_13649	doc_14469	1
q_13650	doc_14470	1
q_13651	doc_14471	1
q_13652	doc_14472	1
q_13653	doc_14473	1
q_13654	doc_14474	1
q_13655	doc_14475	1
q_13656	doc_14476	1
q_13657	doc_14477	1
q_13658	doc_14478	1
q_13659	doc_14479	1
q_13660	doc_14480	1
q_13661	doc_14481	1
q_13662	doc_14482	1
q_13663	doc_14483	1
q_13664	doc_14484	1
q_13665	doc_14485	1
q_13666	doc_14486	1
q_13667	doc_14487	1
q_13668	doc_14488	1
q_13669	doc_14489	1
q_13670	doc_14490	1
q_13671	doc_14491	1
q_13672	doc_14492	1
q_13673	doc_14497	1
q_13674	doc_14498	1
q_13675	doc_14499	1
q_13676	doc_14500	1
q_13677	doc_14501	1
q_13678	doc_14502	1
q_13679	doc_14503	1
q_13680	doc_14504	1
q_13681	doc_14505	1
q_13682	doc_14506	1
q_13683	doc_14507	1
q_13684	doc_14508	1
q_13685	doc_14510	1
q_13686	doc_14512	1
q_13687	doc_14513	1
q_13688	doc_14514	1
q_13689	doc_14515	1
q_13690	doc_14516	1
q_13691	doc_14517	1
q_13692	doc_14518	1
q_13693	doc_14519	1
q_13694	doc_14520	1
q_13695	doc_14521	1
q_13696	doc_14522	1
q_13697	doc_14523	1
q_13698	doc_14524	1
q_13699	doc_14525	1
q_13700	doc_14526	1
q_13701	doc_14527	1
q_13702	doc_14528	1
q_13703	doc_14529	1
q_13704	doc_14530	1
q_13705	doc_14531	1
q_13706	doc_14532	1
q_13707	doc_14533	1
q_13708	doc_14534	1
q_13709	doc_14535	1
q_13710	doc_14536	1
q_13711	doc_14537	1
q_13712	doc_14539	1
q_13713	doc_14540	1
q_13714	doc_14541	1
q_13715	doc_14542	1
q_13716	doc_14543	1
q_13717	doc_14544	1
q_13718	doc_14545	1
q_13719	doc_14546	1
q_13720	doc_14547	1
q_13721	doc_14548	1
q_13722	doc_14549	1
q_13723	doc_14550	1
q_13724	doc_14551	1
q_13725	doc_14552	1
q_13726	doc_14553	1
q_13727	doc_14554	1
q_13728	doc_14555	1
q_13729	doc_14482	1
q_13730	doc_14556	1
q_13731	doc_14557	1
q_13732	doc_14558	1
q_13733	doc_14560	1
q_13734	doc_14561	1
q_13735	doc_14565	1
q_13736	doc_14570	1
q_13737	doc_14571	1
q_13738	doc_14572	1
q_13739	doc_14573	1
q_13740	doc_14574	1
q_13741	doc_14338	1
q_13742	doc_14575	1
q_13743	doc_14576	1
q_13744	doc_14577	1
q_13745	doc_14578	1
q_13746	doc_14362	1
q_13747	doc_14579	1
q_13748	doc_14580	1
q_13749	doc_14581	1
q_13750	doc_14582	1
q_13751	doc_14583	1
q_13752	doc_14584	1
q_13753	doc_14585	1
q_13754	doc_14491	1
q_13755	doc_14586	1
q_13756	doc_14587	1
q_13757	doc_14588	1
q_13758	doc_14589	1
q_13759	doc_14450	1
q_13760	doc_14453	1
q_13761	doc_14454	1
q_13762	doc_14590	1
q_13763	doc_14591	1
q_13764	doc_14478	1
q_13765	doc_14481	1
q_13766	doc_14482	1
q_13767	doc_14592	1
q_13768	doc_14593	1
q_13769	doc_14595	1
q_13770	doc_14596	1
q_13771	doc_14597	1
q_13772	doc_14598	1
q_13773	doc_14599	1
q_13774	doc_14600	1
q_13775	doc_14601	1
q_13776	doc_14602	1
q_13777	doc_14603	1
q_13778	doc_14604	1
q_13779	doc_14605	1
q_13780	doc_14606	1
q_13781	doc_14607	1
q_13782	doc_14608	1
q_13783	doc_14609	1
q_13784	doc_14610	1
q_13785	doc_14611	1
q_13786	doc_14612	1
q_13787	doc_14613	1
q_13788	doc_14614	1
q_13789	doc_14615	1
q_13790	doc_14616	1
q_13791	doc_14617	1
q_13792	doc_14618	1
q_13793	doc_14619	1
q_13794	doc_14620	1
q_13795	doc_14621	1
q_13796	doc_14622	1
q_13797	doc_14623	1
q_13798	doc_14624	1
q_13799	doc_14625	1
q_13800	doc_14626	1
q_13801	doc_14627	1
q_13802	doc_14628	1
q_13803	doc_14629	1
q_13804	doc_14630	1
q_13805	doc_14631	1
q_13806	doc_14632	1
q_13807	doc_14633	1
q_13808	doc_14634	1
q_13809	doc_14635	1
q_13810	doc_14636	1
q_13811	doc_14637	1
q_13812	doc_14638	1
q_13813	doc_14639	1
q_13814	doc_14640	1
q_13815	doc_14641	1
q_13816	doc_14642	1
q_13817	doc_14643	1
q_13818	doc_14644	1
q_13819	doc_14645	1
q_13820	doc_14646	1
q_13821	doc_14647	1
q_13822	doc_14648	1
q_13823	doc_14649	1
q_13824	doc_14650	1
q_13825	doc_14651	1
q_13826	doc_14652	1
q_13827	doc_14653	1
q_13828	doc_14656	1
q_13829	doc_14657	1
q_13830	doc_14658	1
q_13831	doc_14659	1
q_13832	doc_14660	1
q_13833	doc_14661	1
q_13834	doc_14662	1
q_13835	doc_14663	1
q_13836	doc_14664	1
q_13837	doc_14665	1
q_13838	doc_14666	1
q_13839	doc_14667	1
q_13840	doc_14668	1
q_13841	doc_14669	1
q_13842	doc_14670	1
q_13843	doc_14671	1
q_13844	doc_14672	1
q_13845	doc_14673	1
q_13846	doc_14674	1
q_13847	doc_14675	1
q_13848	doc_14676	1
q_13849	doc_14677	1
q_13850	doc_14678	1
q_13851	doc_14679	1
q_13852	doc_14680	1
q_13853	doc_14681	1
q_13854	doc_14682	1
q_13855	doc_14683	1
q_13856	doc_14684	1
q_13857	doc_14685	1
q_13858	doc_14686	1
q_13859	doc_14687	1
q_13860	doc_14688	1
q_13861	doc_14689	1
q_13862	doc_14690	1
q_13863	doc_14691	1
q_13864	doc_14692	1
q_13865	doc_14693	1
q_13866	doc_14694	1
q_13867	doc_14695	1
q_13868	doc_14696	1
q_13869	doc_14697	1
q_13870	doc_14698	1
q_13871	doc_14699	1
q_13872	doc_14700	1
q_13873	doc_14701	1
q_13874	doc_14702	1
q_13875	doc_14703	1
q_13876	doc_14704	1
q_13877	doc_14705	1
q_13878	doc_14706	1
q_13879	doc_14707	1
q_13880	doc_14708	1
q_13881	doc_14709	1
q_13882	doc_14710	1
q_13883	doc_14711	1
q_13884	doc_14712	1
q_13885	doc_14713	1
q_13886	doc_14714	1
q_13887	doc_14715	1
q_13888	doc_14716	1
q_13889	doc_14717	1
q_13890	doc_14718	1
q_13891	doc_14719	1
q_13892	doc_14720	1
q_13893	doc_14721	1
q_13894	doc_14722	1
q_13895	doc_14723	1
q_13896	doc_14724	1
q_13897	doc_14725	1
q_13898	doc_14726	1
q_13899	doc_14727	1
q_13900	doc_14728	1
q_13901	doc_14729	1
q_13902	doc_14730	1
q_13903	doc_14731	1
q_13904	doc_14732	1
q_13905	doc_14733	1
q_13906	doc_14734	1
q_13907	doc_14735	1
q_13908	doc_14736	1
q_13909	doc_14737	1
q_13910	doc_14738	1
q_13911	doc_14739	1
q_13912	doc_14740	1
q_13913	doc_14741	1
q_13914	doc_14742	1
q_13915	doc_14743	1
q_13916	doc_14744	1
q_13917	doc_14745	1
q_13918	doc_14746	1
q_13919	doc_14747	1
q_13920	doc_14748	1
q_13921	doc_14749	1
q_13922	doc_14750	1
q_13923	doc_14751	1
q_13924	doc_14752	1
q_13925	doc_14755	1
q_13926	doc_14756	1
q_13927	doc_14757	1
q_13928	doc_14758	1
q_13929	doc_14759	1
q_13930	doc_14760	1
q_13931	doc_14761	1
q_13932	doc_14762	1
q_13933	doc_14763	1
q_13934	doc_14764	1
q_13935	doc_14765	1
q_13936	doc_14766	1
q_13937	doc_14767	1
q_13938	doc_14768	1
q_13939	doc_14769	1
q_13940	doc_14770	1
q_13941	doc_14771	1
q_13942	doc_14772	1
q_13943	doc_14773	1
q_13944	doc_14774	1
q_13945	doc_14775	1
q_13946	doc_14776	1
q_13947	doc_14777	1
q_13948	doc_14778	1
q_13949	doc_14779	1
q_13950	doc_14780	1
q_13951	doc_14781	1
q_13952	doc_14782	1
q_13953	doc_14783	1
q_13954	doc_14784	1
q_13955	doc_14785	1
q_13956	doc_14786	1
q_13957	doc_14787	1
q_13958	doc_14788	1
q_13959	doc_14790	1
q_13960	doc_14791	1
q_13961	doc_14793	1
q_13962	doc_14794	1
q_13963	doc_14795	1
q_13964	doc_14796	1
q_13965	doc_14797	1
q_13966	doc_14798	1
q_13967	doc_14799	1
q_13968	doc_14800	1
q_13969	doc_14801	1
q_13970	doc_14803	1
q_13971	doc_14804	1
q_13972	doc_14806	1
q_13973	doc_14807	1
q_13974	doc_14808	1
q_13975	doc_14809	1
q_13976	doc_14810	1
q_13977	doc_14811	1
q_13978	doc_14812	1
q_13979	doc_14813	1
q_13980	doc_14605	1
q_13981	doc_14814	1
q_13982	doc_14815	1
q_13983	doc_14816	1
q_13984	doc_14817	1
q_13985	doc_14818	1
q_13986	doc_14819	1
q_13987	doc_14820	1
q_13988	doc_14821	1
q_13989	doc_14822	1
q_13990	doc_14823	1
q_13991	doc_14824	1
q_13992	doc_14825	1
q_13993	doc_14826	1
q_13994	doc_14827	1
q_13995	doc_14828	1
q_13996	doc_14829	1
q_13997	doc_14830	1
q_13998	doc_14831	1
q_13999	doc_14832	1
q_14000	doc_14833	1
q_14001	doc_14834	1
q_14002	doc_14835	1
q_14003	doc_14836	1
q_14004	doc_14837	1
q_14005	doc_14838	1
q_14006	doc_14839	1
q_14007	doc_14840	1
q_14008	doc_14841	1
q_14009	doc_14842	1
q_14010	doc_14843	1
q_14011	doc_14844	1
q_14012	doc_14845	1
q_14013	doc_14846	1
q_14014	doc_14847	1
q_14015	doc_14848	1
q_14016	doc_14849	1
q_14017	doc_14850	1
q_14018	doc_14851	1
q_14019	doc_14852	1
q_14020	doc_14853	1
q_14021	doc_14854	1
q_14022	doc_14855	1
q_14023	doc_14856	1
q_14024	doc_14857	1
q_14025	doc_14858	1
q_14026	doc_14859	1
q_14027	doc_14860	1
q_14028	doc_14861	1
q_14029	doc_14862	1
q_14030	doc_14863	1
q_14031	doc_14864	1
q_14032	doc_14865	1
q_14033	doc_14868	1
q_14034	doc_14869	1
q_14035	doc_14870	1
q_14036	doc_14871	1
q_14037	doc_14872	1
q_14038	doc_14873	1
q_14039	doc_14874	1
q_14040	doc_14875	1
q_14041	doc_14876	1
q_14042	doc_14877	1
q_14043	doc_14878	1
q_14044	doc_14879	1
q_14045	doc_14880	1
q_14046	doc_14881	1
q_14047	doc_14882	1
q_14048	doc_14883	1
q_14049	doc_14884	1
q_14050	doc_14885	1
q_14051	doc_14886	1
q_14052	doc_14887	1
q_14053	doc_14888	1
q_14054	doc_14889	1
q_14055	doc_14890	1
q_14056	doc_14891	1
q_14057	doc_14892	1
q_14058	doc_14893	1
q_14059	doc_14894	1
q_14060	doc_14895	1
q_14061	doc_14896	1
q_14062	doc_14897	1
q_14063	doc_14898	1
q_14064	doc_14899	1
q_14065	doc_14900	1
q_14066	doc_14901	1
q_14067	doc_14902	1
q_14068	doc_14903	1
q_14069	doc_14904	1
q_14070	doc_14905	1
q_14071	doc_14906	1
q_14072	doc_14907	1
q_14073	doc_14908	1
q_14074	doc_14909	1
q_14075	doc_14910	1
q_14076	doc_14911	1
q_14077	doc_14912	1
q_14078	doc_14913	1
q_14079	doc_14914	1
q_14080	doc_14915	1
q_14081	doc_14916	1
q_14082	doc_14917	1
q_14083	doc_14918	1
q_14084	doc_14919	1
q_14085	doc_14920	1
q_14086	doc_14921	1
q_14087	doc_14922	1
q_14088	doc_14923	1
q_14089	doc_14924	1
q_14090	doc_14925	1
q_14091	doc_14926	1
q_14092	doc_14927	1
q_14093	doc_14928	1
q_14094	doc_14929	1
q_14095	doc_14930	1
q_14096	doc_14931	1
q_14097	doc_14932	1
q_14098	doc_14933	1
q_14099	doc_14934	1
q_14100	doc_14935	1
q_14101	doc_14936	1
q_14102	doc_14937	1
q_14103	doc_14938	1
q_14104	doc_14939	1
q_14105	doc_14940	1
q_14106	doc_14941	1
q_14107	doc_14942	1
q_14108	doc_14943	1
q_14109	doc_14944	1
q_14110	doc_14945	1
q_14111	doc_14946	1
q_14112	doc_14947	1
q_14113	doc_14948	1
q_14114	doc_14949	1
q_14115	doc_14950	1
q_14116	doc_14951	1
q_14117	doc_14952	1
q_14118	doc_14953	1
q_14119	doc_14954	1
q_14120	doc_14955	1
q_14121	doc_14956	1
q_14122	doc_14957	1
q_14123	doc_14958	1
q_14124	doc_14959	1
q_14125	doc_14960	1
q_14126	doc_14961	1
q_14127	doc_14962	1
q_14128	doc_14963	1
q_14129	doc_14964	1
q_14130	doc_14965	1
q_14131	doc_14966	1
q_14132	doc_14967	1
q_14133	doc_14968	1
q_14134	doc_14969	1
q_14135	doc_14970	1
q_14136	doc_14971	1
q_14137	doc_14972	1
q_14138	doc_14973	1
q_14139	doc_14974	1
q_14140	doc_14975	1
q_14141	doc_14976	1
q_14142	doc_14977	1
q_14143	doc_14978	1
q_14144	doc_14979	1
q_14145	doc_14980	1
q_14146	doc_14981	1
q_14147	doc_14982	1
q_14148	doc_14983	1
q_14149	doc_14984	1
q_14150	doc_14985	1
q_14151	doc_14986	1
q_14152	doc_14987	1
q_14153	doc_14988	1
q_14154	doc_14989	1
q_14155	doc_14990	1
q_14156	doc_14991	1
q_14157	doc_14992	1
q_14158	doc_14993	1
q_14159	doc_14994	1
q_14160	doc_14995	1
q_14161	doc_14996	1
q_14162	doc_14997	1
q_14163	doc_14998	1
q_14164	doc_14999	1
q_14165	doc_15000	1
q_14166	doc_15001	1
q_14167	doc_15002	1
q_14168	doc_15003	1
q_14169	doc_15004	1
q_14170	doc_15005	1
q_14171	doc_15006	1
q_14172	doc_15007	1
q_14173	doc_15008	1
q_14174	doc_15009	1
q_14175	doc_15010	1
q_14176	doc_15011	1
q_14177	doc_15012	1
q_14178	doc_15013	1
q_14179	doc_15014	1
q_14180	doc_15015	1
q_14181	doc_15016	1
q_14182	doc_15017	1
q_14183	doc_15018	1
q_14184	doc_15019	1
q_14185	doc_15020	1
q_14186	doc_15021	1
q_14187	doc_15022	1
q_14188	doc_15023	1
q_14189	doc_15024	1
q_14190	doc_15025	1
q_14191	doc_15026	1
q_14192	doc_15027	1
q_14193	doc_15028	1
q_14194	doc_15029	1
q_14195	doc_15030	1
q_14196	doc_15031	1
q_14197	doc_15032	1
q_14198	doc_15033	1
q_14199	doc_15034	1
q_14200	doc_15035	1
q_14201	doc_15036	1
q_14202	doc_15037	1
q_14203	doc_15038	1
q_14204	doc_15039	1
q_14205	doc_15040	1
q_14206	doc_15041	1
q_14207	doc_15042	1
q_14208	doc_15043	1
q_14209	doc_15046	1
q_14210	doc_15047	1
q_14211	doc_15048	1
q_14212	doc_15049	1
q_14213	doc_15050	1
q_14214	doc_15051	1
q_14215	doc_15052	1
q_14216	doc_15053	1
q_14217	doc_15054	1
q_14218	doc_15055	1
q_14219	doc_15056	1
q_14220	doc_15057	1
q_14221	doc_15058	1
q_14222	doc_15059	1
q_14223	doc_15060	1
q_14224	doc_15061	1
q_14225	doc_15062	1
q_14226	doc_15063	1
q_14227	doc_15064	1
q_14228	doc_15065	1
q_14229	doc_15066	1
q_14230	doc_15067	1
q_14231	doc_15068	1
q_14232	doc_15069	1
q_14233	doc_15070	1
q_14234	doc_15071	1
q_14235	doc_15072	1
q_14236	doc_15073	1
q_14237	doc_15074	1
q_14238	doc_15075	1
q_14239	doc_15076	1
q_14240	doc_15077	1
q_14241	doc_15078	1
q_14242	doc_15079	1
q_14243	doc_15080	1
q_14244	doc_15081	1
q_14245	doc_15082	1
q_14246	doc_15083	1
q_14247	doc_15084	1
q_14248	doc_15085	1
q_14249	doc_15086	1
q_14250	doc_15087	1
q_14251	doc_15088	1
q_14252	doc_15089	1
q_14253	doc_15090	1
q_14254	doc_15091	1
q_14255	doc_15092	1
q_14256	doc_15093	1
q_14257	doc_15094	1
q_14258	doc_15095	1
q_14259	doc_15096	1
q_14260	doc_15097	1
q_14261	doc_15098	1
q_14262	doc_15099	1
q_14263	doc_15100	1
q_14264	doc_15101	1
q_14265	doc_15102	1
q_14266	doc_15103	1
q_14267	doc_15104	1
q_14268	doc_15105	1
q_14269	doc_15106	1
q_14270	doc_15107	1
q_14271	doc_15108	1
q_14272	doc_15109	1
q_14273	doc_15110	1
q_14274	doc_15111	1
q_14275	doc_15112	1
q_14276	doc_15113	1
q_14277	doc_15114	1
q_14278	doc_15115	1
q_14279	doc_15116	1
q_14280	doc_15117	1
q_14281	doc_15118	1
q_14282	doc_15119	1
q_14283	doc_15120	1
q_14284	doc_15121	1
q_14285	doc_15122	1
q_14286	doc_15123	1
q_14287	doc_15124	1
q_14288	doc_15125	1
q_14289	doc_15126	1
q_14290	doc_15127	1
q_14291	doc_15128	1
q_14292	doc_15129	1
q_14293	doc_15130	1
q_14294	doc_15131	1
q_14295	doc_15132	1
q_14296	doc_15133	1
q_14297	doc_15134	1
q_14298	doc_15135	1
q_14299	doc_15136	1
q_14300	doc_15137	1
q_14301	doc_15138	1
q_14302	doc_15139	1
q_14303	doc_15140	1
q_14304	doc_15142	1
q_14305	doc_15143	1
q_14306	doc_15144	1
q_14307	doc_15145	1
q_14308	doc_15146	1
q_14309	doc_15147	1
q_14310	doc_15148	1
q_14311	doc_15149	1
q_14312	doc_15151	1
q_14313	doc_15152	1
q_14314	doc_15153	1
q_14315	doc_15154	1
q_14316	doc_15155	1
q_14317	doc_15156	1
q_14318	doc_15157	1
q_14319	doc_15158	1
q_14320	doc_15160	1
q_14321	doc_15161	1
q_14322	doc_15162	1
q_14323	doc_15163	1
q_14324	doc_15164	1
q_14325	doc_15165	1
q_14326	doc_15166	1
q_14327	doc_15167	1
q_14328	doc_15169	1
q_14329	doc_15170	1
q_14330	doc_15171	1
q_14331	doc_15172	1
q_14332	doc_15173	1
q_14333	doc_15174	1
q_14334	doc_15175	1
q_14335	doc_15176	1
q_14336	doc_15177	1
q_14337	doc_15178	1
q_14338	doc_15179	1
q_14339	doc_15180	1
q_14340	doc_15181	1
q_14341	doc_15182	1
q_14342	doc_15185	1
q_14343	doc_15186	1
q_14344	doc_15187	1
q_14345	doc_15188	1
q_14346	doc_15189	1
q_14347	doc_15190	1
q_14348	doc_15191	1
q_14349	doc_15192	1
q_14350	doc_15193	1
q_14351	doc_15194	1
q_14352	doc_15195	1
q_14353	doc_15196	1
q_14354	doc_15197	1
q_14355	doc_15198	1
q_14356	doc_15199	1
q_14357	doc_15200	1
q_14358	doc_15201	1
q_14359	doc_15203	1
q_14360	doc_15204	1
q_14361	doc_15205	1
q_14362	doc_15206	1
q_14363	doc_15207	1
q_14364	doc_15208	1
q_14365	doc_15209	1
q_14366	doc_15210	1
q_14367	doc_15211	1
q_14368	doc_15213	1
q_14369	doc_15214	1
q_14370	doc_15215	1
q_14371	doc_15216	1
q_14372	doc_15217	1
q_14373	doc_15218	1
q_14374	doc_15219	1
q_14375	doc_15220	1
q_14376	doc_15221	1
q_14377	doc_15222	1
q_14378	doc_15223	1
q_14379	doc_15224	1
q_14380	doc_15225	1
q_14381	doc_15226	1
q_14382	doc_15227	1
q_14383	doc_15228	1
q_14384	doc_15229	1
q_14385	doc_15230	1
q_14386	doc_15231	1
q_14387	doc_15232	1
q_14388	doc_15233	1
q_14389	doc_15234	1
q_14390	doc_15235	1
q_14391	doc_15236	1
q_14392	doc_15237	1
q_14393	doc_15238	1
q_14394	doc_15239	1
q_14395	doc_15240	1
q_14396	doc_15241	1
q_14397	doc_15242	1
q_14398	doc_15243	1
q_14399	doc_15244	1
q_14400	doc_15245	1
q_14401	doc_15246	1
q_14402	doc_15247	1
q_14403	doc_15248	1
q_14404	doc_15249	1
q_14405	doc_15250	1
q_14406	doc_15251	1
q_14407	doc_15252	1
q_14408	doc_15253	1
q_14409	doc_15254	1
q_14410	doc_15255	1
q_14411	doc_15256	1
q_14412	doc_15257	1
q_14413	doc_15258	1
q_14414	doc_15259	1
q_14415	doc_15260	1
q_14416	doc_15261	1
q_14417	doc_15262	1
q_14418	doc_15263	1
q_14419	doc_15264	1
q_14420	doc_15265	1
q_14421	doc_15266	1
q_14422	doc_15267	1
q_14423	doc_15268	1
q_14424	doc_15269	1
q_14425	doc_15270	1
q_14426	doc_15272	1
q_14427	doc_15273	1
q_14428	doc_15274	1
q_14429	doc_15275	1
q_14430	doc_15276	1
q_14431	doc_15277	1
q_14432	doc_15278	1
q_14433	doc_15279	1
q_14434	doc_15280	1
q_14435	doc_15281	1
q_14436	doc_15282	1
q_14437	doc_15283	1
q_14438	doc_15284	1
q_14439	doc_15285	1
q_14440	doc_15286	1
q_14441	doc_15287	1
q_14442	doc_15288	1
q_14443	doc_15289	1
q_14444	doc_15290	1
q_14445	doc_15291	1
q_14446	doc_15293	1
q_14447	doc_15294	1
q_14448	doc_15296	1
q_14449	doc_15297	1
q_14450	doc_15298	1
q_14451	doc_15299	1
q_14452	doc_15300	1
q_14453	doc_15301	1
q_14454	doc_15302	1
q_14455	doc_15303	1
q_14456	doc_15304	1
q_14457	doc_15305	1
q_14458	doc_15306	1
q_14459	doc_15307	1
q_14460	doc_15308	1
q_14461	doc_15309	1
q_14462	doc_15310	1
q_14463	doc_15311	1
q_14464	doc_15312	1
q_14465	doc_15313	1
q_14466	doc_15314	1
q_14467	doc_15315	1
q_14468	doc_15316	1
q_14469	doc_15317	1
q_14470	doc_15318	1
q_14471	doc_15319	1
q_14472	doc_15320	1
q_14473	doc_15321	1
q_14474	doc_15322	1
q_14475	doc_15323	1
q_14476	doc_15324	1
q_14477	doc_15325	1
q_14478	doc_15326	1
q_14479	doc_15327	1
q_14480	doc_15328	1
q_14481	doc_15329	1
q_14482	doc_15330	1
q_14483	doc_15331	1
q_14484	doc_15332	1
q_14485	doc_15333	1
q_14486	doc_15334	1
q_14487	doc_15335	1
q_14488	doc_15336	1
q_14489	doc_15337	1
q_14490	doc_15338	1
q_14491	doc_15339	1
q_14492	doc_15340	1
q_14493	doc_15341	1
q_14494	doc_15342	1
q_14495	doc_15343	1
q_14496	doc_15344	1
q_14497	doc_15345	1
q_14498	doc_15346	1
q_14499	doc_15347	1
q_14500	doc_15348	1
q_14501	doc_15349	1
q_14502	doc_15350	1
q_14503	doc_15351	1
q_14504	doc_15352	1
q_14505	doc_15353	1
q_14506	doc_15354	1
q_14507	doc_15355	1
q_14508	doc_15356	1
q_14509	doc_15357	1
q_14510	doc_15358	1
q_14511	doc_15359	1
q_14512	doc_15360	1
q_14513	doc_15361	1
q_14514	doc_15362	1
q_14515	doc_15363	1
q_14516	doc_15364	1
q_14517	doc_15365	1
q_14518	doc_15366	1
q_14519	doc_15367	1
q_14520	doc_15368	1
q_14521	doc_15369	1
q_14522	doc_15370	1
q_14523	doc_15371	1
q_14524	doc_15372	1
q_14525	doc_15373	1
q_14526	doc_15374	1
q_14527	doc_15375	1
q_14528	doc_15376	1
q_14529	doc_15377	1
q_14530	doc_15378	1
q_14531	doc_15379	1
q_14532	doc_15380	1
q_14533	doc_15381	1
q_14534	doc_15382	1
q_14535	doc_15383	1
q_14536	doc_15384	1
q_14537	doc_15385	1
q_14538	doc_15386	1
q_14539	doc_15387	1
q_14540	doc_15388	1
q_14541	doc_15389	1
q_14542	doc_15390	1
q_14543	doc_15391	1
q_14544	doc_15392	1
q_14545	doc_15393	1
q_14546	doc_15394	1
q_14547	doc_15395	1
q_14548	doc_15396	1
q_14549	doc_15397	1
q_14550	doc_15398	1
q_14551	doc_15399	1
q_14552	doc_15400	1
q_14553	doc_15401	1
q_14554	doc_15402	1
q_14555	doc_15403	1
q_14556	doc_15404	1
q_14557	doc_15405	1
q_14558	doc_15406	1
q_14559	doc_15407	1
q_14560	doc_15408	1
q_14561	doc_15409	1
q_14562	doc_15410	1
q_14563	doc_15411	1
q_14564	doc_15412	1
q_14565	doc_15413	1
q_14566	doc_15414	1
q_14567	doc_15415	1
q_14568	doc_15416	1
q_14569	doc_15417	1
q_14570	doc_15418	1
q_14571	doc_15419	1
q_14572	doc_15420	1
q_14573	doc_15421	1
q_14574	doc_15422	1
q_14575	doc_15423	1
q_14576	doc_15424	1
q_14577	doc_15425	1
q_14578	doc_15426	1
q_14579	doc_15427	1
q_14580	doc_15428	1
q_14581	doc_15429	1
q_14582	doc_15430	1
q_14583	doc_15431	1
q_14584	doc_15432	1
q_14585	doc_15433	1
q_14586	doc_15434	1
q_14587	doc_15435	1
q_14588	doc_15436	1
q_14589	doc_15437	1
q_14590	doc_15438	1
q_14591	doc_15439	1
q_14592	doc_15440	1
q_14593	doc_15441	1
q_14594	doc_15442	1
q_14595	doc_15443	1
q_14596	doc_15444	1
q_14597	doc_15445	1
q_14598	doc_15446	1
q_14599	doc_15447	1
q_14600	doc_15448	1
q_14601	doc_15449	1
q_14602	doc_15450	1
q_14603	doc_15451	1
q_14604	doc_15452	1
q_14605	doc_15453	1
q_14606	doc_15454	1
q_14607	doc_15455	1
q_14608	doc_15456	1
q_14609	doc_15457	1
q_14610	doc_15458	1
q_14611	doc_15459	1
q_14612	doc_15460	1
q_14613	doc_15461	1
q_14614	doc_15462	1
q_14615	doc_15463	1
q_14616	doc_15464	1
q_14617	doc_15465	1
q_14618	doc_15466	1
q_14619	doc_15467	1
q_14620	doc_15468	1
q_14621	doc_15469	1
q_14622	doc_15470	1
q_14623	doc_15471	1
q_14624	doc_15472	1
q_14625	doc_15473	1
q_14626	doc_15474	1
q_14627	doc_15475	1
q_14628	doc_15476	1
q_14629	doc_15477	1
q_14630	doc_15478	1
q_14631	doc_15479	1
q_14632	doc_15480	1
q_14633	doc_15481	1
q_14634	doc_15482	1
q_14635	doc_15483	1
q_14636	doc_15484	1
q_14637	doc_15485	1
q_14638	doc_15486	1
q_14639	doc_15487	1
q_14640	doc_15488	1
q_14641	doc_15489	1
q_14642	doc_15490	1
q_14643	doc_15491	1
q_14644	doc_15492	1
q_14645	doc_15493	1
q_14646	doc_15494	1
q_14647	doc_15495	1
q_14648	doc_15496	1
q_14649	doc_15497	1
q_14650	doc_15498	1
q_14651	doc_15499	1
q_14652	doc_15500	1
q_14653	doc_15501	1
q_14654	doc_15502	1
q_14655	doc_15503	1
q_14656	doc_15504	1
q_14657	doc_15505	1
q_14658	doc_15506	1
q_14659	doc_15507	1
q_14660	doc_15508	1
q_14661	doc_15509	1
q_14662	doc_15510	1
q_14663	doc_15511	1
q_14664	doc_15512	1
q_14665	doc_15513	1
q_14666	doc_15514	1
q_14667	doc_15515	1
q_14668	doc_15516	1
q_14669	doc_15517	1
q_14670	doc_15518	1
q_14671	doc_15519	1
q_14672	doc_15520	1
q_14673	doc_15521	1
q_14674	doc_15522	1
q_14675	doc_15523	1
q_14676	doc_15524	1
q_14677	doc_15525	1
q_14678	doc_15526	1
q_14679	doc_15527	1
q_14680	doc_15528	1
q_14681	doc_15529	1
q_14682	doc_15530	1
q_14683	doc_15531	1
q_14684	doc_15532	1
q_14685	doc_15533	1
q_14686	doc_15534	1
q_14687	doc_15535	1
q_14688	doc_15536	1
q_14689	doc_15537	1
q_14690	doc_15538	1
q_14691	doc_15539	1
q_14692	doc_15540	1
q_14693	doc_15541	1
q_14694	doc_15542	1
q_14695	doc_15543	1
q_14696	doc_15544	1
q_14697	doc_15545	1
q_14698	doc_15546	1
q_14699	doc_15547	1
q_14700	doc_15548	1
q_14701	doc_15549	1
q_14702	doc_15550	1
q_14703	doc_15551	1
q_14704	doc_15552	1
q_14705	doc_15553	1
q_14706	doc_15554	1
q_14707	doc_15555	1
q_14708	doc_15556	1
q_14709	doc_15557	1
q_14710	doc_15558	1
q_14711	doc_15559	1
q_14712	doc_15560	1
q_14713	doc_15561	1
q_14714	doc_15562	1
q_14715	doc_15563	1
q_14716	doc_15564	1
q_14717	doc_15565	1
q_14718	doc_15566	1
q_14719	doc_15567	1
q_14720	doc_15568	1
q_14721	doc_15569	1
q_14722	doc_15570	1
q_14723	doc_15571	1
q_14724	doc_15572	1
q_14725	doc_15573	1
q_14726	doc_15574	1
q_14727	doc_15575	1
q_14728	doc_15576	1
q_14729	doc_15577	1
q_14730	doc_15578	1
q_14731	doc_15579	1
q_14732	doc_15580	1
q_14733	doc_15581	1
q_14734	doc_15582	1
q_14735	doc_15583	1
q_14736	doc_15584	1
q_14737	doc_15585	1
q_14738	doc_15586	1
q_14739	doc_15587	1
q_14740	doc_15588	1
q_14741	doc_15589	1
q_14742	doc_15590	1
q_14743	doc_15591	1
q_14744	doc_15592	1
q_14745	doc_15593	1
q_14746	doc_15594	1
q_14747	doc_15595	1
q_14748	doc_15596	1
q_14749	doc_15597	1
q_14750	doc_15598	1
q_14751	doc_15599	1
q_14752	doc_15600	1
q_14753	doc_15601	1
q_14754	doc_15602	1
q_14755	doc_15603	1
q_14756	doc_15604	1
q_14757	doc_15605	1
q_14758	doc_15606	1
q_14759	doc_15607	1
q_14760	doc_15608	1
q_14761	doc_15609	1
q_14762	doc_15610	1
q_14763	doc_15611	1
q_14764	doc_15612	1
q_14765	doc_15613	1
q_14766	doc_15614	1
q_14767	doc_15615	1
q_14768	doc_15616	1
q_14769	doc_15617	1
q_14770	doc_15618	1
q_14771	doc_15619	1
q_14772	doc_15620	1
q_14773	doc_15621	1
q_14774	doc_15622	1
q_14775	doc_15623	1
q_14776	doc_15624	1
q_14777	doc_15625	1
q_14778	doc_15626	1
q_14779	doc_15627	1
q_14780	doc_15628	1
q_14781	doc_15629	1
q_14782	doc_15630	1
q_14783	doc_15631	1
q_14784	doc_15632	1
q_14785	doc_15633	1
q_14786	doc_15634	1
q_14787	doc_15635	1
q_14788	doc_15636	1
q_14789	doc_15637	1
q_14790	doc_15638	1
q_14791	doc_15639	1
q_14792	doc_15640	1
q_14793	doc_15641	1
q_14794	doc_15642	1
q_14795	doc_15643	1
q_14796	doc_15644	1
q_14797	doc_15645	1
q_14798	doc_15646	1
q_14799	doc_15647	1
q_14800	doc_15648	1
q_14801	doc_15649	1
q_14802	doc_15650	1
q_14803	doc_15651	1
q_14804	doc_15652	1
q_14805	doc_15653	1
q_14806	doc_15654	1
q_14807	doc_15655	1
q_14808	doc_15656	1
q_14809	doc_15657	1
q_14810	doc_15658	1
q_14811	doc_15659	1
q_14812	doc_15660	1
q_14813	doc_15661	1
q_14814	doc_15662	1
q_14815	doc_15663	1
q_14816	doc_15664	1
q_14817	doc_15665	1
q_14818	doc_15666	1
q_14819	doc_15667	1
q_14820	doc_15668	1
q_14821	doc_15669	1
q_14822	doc_15670	1
q_14823	doc_15671	1
q_14824	doc_15672	1
q_14825	doc_15673	1
q_14826	doc_15674	1
q_14827	doc_15675	1
q_14828	doc_15676	1
q_14829	doc_15677	1
q_14830	doc_15678	1
q_14831	doc_15679	1
q_14832	doc_15680	1
q_14833	doc_15681	1
q_14834	doc_15682	1
q_14835	doc_15683	1
q_14836	doc_15684	1
q_14837	doc_15685	1
q_14838	doc_15686	1
q_14839	doc_15687	1
q_14840	doc_15688	1
q_14841	doc_15689	1
q_14842	doc_15690	1
q_14843	doc_15691	1
q_14844	doc_15692	1
q_14845	doc_15693	1
q_14846	doc_15694	1
q_14847	doc_15695	1
q_14848	doc_15696	1
q_14849	doc_15697	1
q_14850	doc_15698	1
q_14851	doc_15699	1
q_14852	doc_15700	1
q_14853	doc_15701	1
q_14854	doc_15702	1
q_14855	doc_15703	1
q_14856	doc_15704	1
q_14857	doc_15705	1
q_14858	doc_15706	1
q_14859	doc_15707	1
q_14860	doc_15708	1
q_14861	doc_15709	1
q_14862	doc_15710	1
q_14863	doc_15711	1
q_14864	doc_15712	1
q_14865	doc_15713	1
q_14866	doc_15714	1
q_14867	doc_15715	1
q_14868	doc_15716	1
q_14869	doc_15717	1
q_14870	doc_15718	1
q_14871	doc_15719	1
q_14872	doc_15720	1
q_14873	doc_15721	1
q_14874	doc_15722	1
q_14875	doc_15723	1
q_14876	doc_15724	1
q_14877	doc_15725	1
q_14878	doc_15726	1
q_14879	doc_15727	1
q_14880	doc_15728	1
q_14881	doc_15729	1
q_14882	doc_15730	1
q_14883	doc_15731	1
q_14884	doc_15732	1
q_14885	doc_15733	1
q_14886	doc_15734	1
q_14887	doc_15735	1
q_14888	doc_15736	1
q_14889	doc_15737	1
q_14890	doc_15738	1
q_14891	doc_15739	1
q_14892	doc_15740	1
q_14893	doc_15741	1
q_14894	doc_15742	1
q_14895	doc_15743	1
q_14896	doc_15744	1
q_14897	doc_15745	1
q_14898	doc_15746	1
q_14899	doc_15747	1
q_14900	doc_15748	1
q_14901	doc_15749	1
q_14902	doc_15750	1
q_14903	doc_15751	1
q_14904	doc_15752	1
q_14905	doc_15753	1
q_14906	doc_15754	1
q_14907	doc_15755	1
q_14908	doc_15756	1
q_14909	doc_15757	1
q_14910	doc_15758	1
q_14911	doc_15759	1
q_14912	doc_15760	1
q_14913	doc_15761	1
q_14914	doc_15762	1
q_14915	doc_15763	1
q_14916	doc_15764	1
q_14917	doc_15765	1
q_14918	doc_15766	1
q_14919	doc_15767	1
q_14920	doc_15768	1
q_14921	doc_15769	1
q_14922	doc_15770	1
q_14923	doc_15771	1
q_14924	doc_15772	1
q_14925	doc_15773	1
q_14926	doc_15774	1
q_14927	doc_15775	1
q_14928	doc_15776	1
q_14929	doc_15777	1
q_14930	doc_15778	1
q_14931	doc_15779	1
q_14932	doc_15780	1
q_14933	doc_15781	1
q_14934	doc_15782	1
q_14935	doc_15783	1
q_14936	doc_15784	1
q_14937	doc_15785	1
q_14938	doc_15786	1
q_14939	doc_15787	1
q_14940	doc_15788	1
q_14941	doc_15789	1
q_14942	doc_15790	1
q_14943	doc_15791	1
q_14944	doc_15792	1
q_14945	doc_15793	1
q_14946	doc_15794	1
q_14947	doc_15795	1
q_14948	doc_15796	1
q_14949	doc_15797	1
q_14950	doc_15798	1
q_14951	doc_15799	1
q_14952	doc_15800	1
q_14953	doc_15801	1
q_14954	doc_15802	1
q_14955	doc_15803	1
q_14956	doc_15804	1
q_14957	doc_15805	1
q_14958	doc_15806	1
q_14959	doc_15807	1
q_14960	doc_15808	1
q_14961	doc_15809	1
q_14962	doc_15810	1
q_14963	doc_15811	1
q_14964	doc_15812	1
q_14965	doc_15813	1
q_14966	doc_15814	1
q_14967	doc_15815	1
q_14968	doc_15816	1
q_14969	doc_15817	1
q_14970	doc_15818	1
q_14971	doc_15819	1
q_14972	doc_15820	1
q_14973	doc_15821	1
q_14974	doc_15822	1
q_14975	doc_15823	1
q_14976	doc_15824	1
q_14977	doc_15825	1
q_14978	doc_15826	1
q_14979	doc_15827	1
q_14980	doc_15828	1
q_14981	doc_15829	1
q_14982	doc_15830	1
q_14983	doc_15831	1
q_14984	doc_15832	1
q_14985	doc_15833	1
q_14986	doc_15834	1
q_14987	doc_15835	1
q_14988	doc_15836	1
q_14989	doc_15837	1
q_14990	doc_15838	1
q_14991	doc_15839	1
q_14992	doc_15840	1
q_14993	doc_15841	1
q_14994	doc_15842	1
q_14995	doc_15843	1
q_14996	doc_15844	1
q_14997	doc_15845	1
q_14998	doc_15846	1
q_14999	doc_15847	1
q_15000	doc_15848	1
q_15001	doc_15849	1
q_15002	doc_15850	1
q_15003	doc_15851	1
q_15004	doc_15852	1
q_15005	doc_15853	1
q_15006	doc_15854	1
q_15007	doc_15855	1
q_15008	doc_15856	1
q_15009	doc_15857	1
q_15010	doc_15858	1
q_15011	doc_15859	1
q_15012	doc_15860	1
q_15013	doc_15861	1
q_15014	doc_15862	1
q_15015	doc_15863	1
q_15016	doc_15864	1
q_15017	doc_15865	1
q_15018	doc_15866	1
q_15019	doc_15867	1
q_15020	doc_15868	1
q_15021	doc_15869	1
q_15022	doc_15870	1
q_15023	doc_15871	1
q_15024	doc_15872	1
q_15025	doc_15873	1
q_15026	doc_15874	1
q_15027	doc_15875	1
q_15028	doc_15876	1
q_15029	doc_15877	1
q_15030	doc_15878	1
q_15031	doc_15879	1
q_15032	doc_15880	1
q_15033	doc_15881	1
q_15034	doc_15882	1
q_15035	doc_15883	1
q_15036	doc_15884	1
q_15037	doc_15885	1
q_15038	doc_15886	1
q_15039	doc_15887	1
q_15040	doc_15888	1
q_15041	doc_15889	1
q_15042	doc_15890	1
q_15043	doc_15891	1
q_15044	doc_15892	1
q_15045	doc_15893	1
q_15046	doc_15894	1
q_15047	doc_15895	1
q_15048	doc_15896	1
q_15049	doc_15897	1
q_15050	doc_15898	1
q_15051	doc_15899	1
q_15052	doc_15900	1
q_15053	doc_15901	1
q_15054	doc_15902	1
q_15055	doc_15903	1
q_15056	doc_15904	1
q_15057	doc_15905	1
q_15058	doc_15906	1
q_15059	doc_15907	1
q_15060	doc_15908	1
q_15061	doc_15909	1
q_15062	doc_15910	1
q_15063	doc_15911	1
q_15064	doc_15912	1
q_15065	doc_15913	1
q_15066	doc_15914	1
q_15067	doc_15915	1
q_15068	doc_15916	1
q_15069	doc_15917	1
q_15070	doc_15918	1
q_15071	doc_15919	1
q_15072	doc_15920	1
q_15073	doc_15921	1
q_15074	doc_15922	1
q_15075	doc_15923	1
q_15076	doc_15924	1
q_15077	doc_15925	1
q_15078	doc_15926	1
q_15079	doc_15927	1
q_15080	doc_15928	1
q_15081	doc_15929	1
q_15082	doc_15930	1
q_15083	doc_15931	1
q_15084	doc_15932	1
q_15085	doc_15933	1
q_15086	doc_15934	1
q_15087	doc_15935	1
q_15088	doc_15936	1
q_15089	doc_15937	1
q_15090	doc_15938	1
q_15091	doc_15939	1
q_15092	doc_15940	1
q_15093	doc_15941	1
q_15094	doc_15942	1
q_15095	doc_15943	1
q_15096	doc_15944	1
q_15097	doc_15945	1
q_15098	doc_15946	1
q_15099	doc_15947	1
q_15100	doc_15948	1
q_15101	doc_15949	1
q_15102	doc_15950	1
q_15103	doc_15951	1
q_15104	doc_15952	1
q_15105	doc_15953	1
q_15106	doc_15954	1
q_15107	doc_15955	1
q_15108	doc_15956	1
q_15109	doc_15957	1
q_15110	doc_15958	1
q_15111	doc_15959	1
q_15112	doc_15960	1
q_15113	doc_15961	1
q_15114	doc_15962	1
q_15115	doc_15963	1
q_15116	doc_15964	1
q_15117	doc_15965	1
q_15118	doc_15966	1
q_15119	doc_15967	1
q_15120	doc_15968	1
q_15121	doc_15969	1
q_15122	doc_15970	1
q_15123	doc_15971	1
q_15124	doc_15972	1
q_15125	doc_15973	1
q_15126	doc_15974	1
q_15127	doc_15975	1
q_15128	doc_15976	1
q_15129	doc_15977	1
q_15130	doc_15978	1
q_15131	doc_15979	1
q_15132	doc_15980	1
q_15133	doc_15981	1
q_15134	doc_15982	1
q_15135	doc_15983	1
q_15136	doc_15984	1
q_15137	doc_15985	1
q_15138	doc_15986	1
q_15139	doc_15987	1
q_15140	doc_15988	1
q_15141	doc_15989	1
q_15142	doc_15990	1
q_15143	doc_15991	1
q_15144	doc_15992	1
q_15145	doc_15993	1
q_15146	doc_15994	1
q_15147	doc_15995	1
q_15148	doc_15996	1
q_15149	doc_15997	1
q_15150	doc_15998	1
q_15151	doc_15999	1
q_15152	doc_16000	1
q_15153	doc_16001	1
q_15154	doc_16002	1
q_15155	doc_16003	1
q_15156	doc_16004	1
q_15157	doc_16005	1
q_15158	doc_16006	1
q_15159	doc_16007	1
q_15160	doc_16008	1
q_15161	doc_16009	1
q_15162	doc_16010	1
q_15163	doc_16011	1
q_15164	doc_16012	1
q_15165	doc_16013	1
q_15166	doc_16014	1
q_15167	doc_16015	1
q_15168	doc_16016	1
q_15169	doc_16017	1
q_15170	doc_16018	1
q_15171	doc_16019	1
q_15172	doc_16020	1
q_15173	doc_16021	1
q_15174	doc_16022	1
q_15175	doc_16023	1
q_15176	doc_16024	1
q_15177	doc_16025	1
q_15178	doc_16026	1
q_15179	doc_16027	1
q_15180	doc_16028	1
q_15181	doc_16029	1
q_15182	doc_16030	1
q_15183	doc_16031	1
q_15184	doc_16032	1
q_15185	doc_16033	1
q_15186	doc_16034	1
q_15187	doc_16035	1
q_15188	doc_16036	1
q_15189	doc_16037	1
q_15190	doc_16038	1
q_15191	doc_16039	1
q_15192	doc_16040	1
q_15193	doc_16041	1
q_15194	doc_16042	1
q_15195	doc_16043	1
q_15196	doc_16044	1
q_15197	doc_16045	1
q_15198	doc_16046	1
q_15199	doc_16047	1
q_15200	doc_16048	1
q_15201	doc_16049	1
q_15202	doc_16050	1
q_15203	doc_16051	1
q_15204	doc_16052	1
q_15205	doc_16053	1
q_15206	doc_16054	1
q_15207	doc_16055	1
q_15208	doc_16056	1
q_15209	doc_16057	1
q_15210	doc_16058	1
q_15211	doc_16059	1
q_15212	doc_16060	1
q_15213	doc_16061	1
q_15214	doc_16062	1
q_15215	doc_16063	1
q_15216	doc_16064	1
q_15217	doc_16065	1
q_15218	doc_16066	1
q_15219	doc_16067	1
q_15220	doc_16068	1
q_15221	doc_16069	1
q_15222	doc_16070	1
q_15223	doc_16071	1
q_15224	doc_16072	1
q_15225	doc_16073	1
q_15226	doc_16074	1
q_15227	doc_16075	1
q_15228	doc_16076	1
q_15229	doc_16077	1
q_15230	doc_16078	1
q_15231	doc_16079	1
q_15232	doc_16080	1
q_15233	doc_16081	1
q_15234	doc_16082	1
q_15235	doc_16083	1
q_15236	doc_16084	1
q_15237	doc_16085	1
q_15238	doc_16086	1
q_15239	doc_16087	1
q_15240	doc_16088	1
q_15241	doc_16089	1
q_15242	doc_16090	1
q_15243	doc_16091	1
q_15244	doc_16092	1
q_15245	doc_16093	1
q_15246	doc_16094	1
q_15247	doc_16095	1
q_15248	doc_16096	1
q_15249	doc_16097	1
q_15250	doc_16098	1
q_15251	doc_16099	1
q_15252	doc_16100	1
q_15253	doc_16101	1
q_15254	doc_16102	1
q_15255	doc_16103	1
q_15256	doc_16104	1
q_15257	doc_16105	1
q_15258	doc_16106	1
q_15259	doc_16107	1
q_15260	doc_16108	1
q_15261	doc_16109	1
q_15262	doc_16110	1
q_15263	doc_16111	1
q_15264	doc_16112	1
q_15265	doc_16113	1
q_15266	doc_16114	1
q_15267	doc_16115	1
q_15268	doc_16116	1
q_15269	doc_16117	1
q_15270	doc_16118	1
q_15271	doc_16119	1
q_15272	doc_16120	1
q_15273	doc_16121	1
q_15274	doc_16122	1
q_15275	doc_16123	1
q_15276	doc_16124	1
q_15277	doc_16125	1
q_15278	doc_16126	1
q_15279	doc_16127	1
q_15280	doc_16128	1
q_15281	doc_16129	1
q_15282	doc_16130	1
q_15283	doc_16131	1
q_15284	doc_16132	1
q_15285	doc_16133	1
q_15286	doc_16134	1
q_15287	doc_16135	1
q_15288	doc_16136	1
q_15289	doc_16137	1
q_15290	doc_16138	1
q_15291	doc_16139	1
q_15292	doc_16140	1
q_15293	doc_16141	1
q_15294	doc_16142	1
q_15295	doc_16143	1
q_15296	doc_16144	1
q_15297	doc_16145	1
q_15298	doc_16146	1
q_15299	doc_16147	1
q_15300	doc_16148	1
q_15301	doc_16149	1
q_15302	doc_16150	1
q_15303	doc_16151	1
q_15304	doc_16152	1
q_15305	doc_16153	1
q_15306	doc_16154	1
q_15307	doc_16155	1
q_15308	doc_16156	1
q_15309	doc_16157	1
q_15310	doc_16158	1
q_15311	doc_16159	1
q_15312	doc_16160	1
q_15313	doc_16161	1
q_15314	doc_16162	1
q_15315	doc_16163	1
q_15316	doc_16164	1
q_15317	doc_16165	1
q_15318	doc_16166	1
q_15319	doc_16167	1
q_15320	doc_16168	1
q_15321	doc_16169	1
q_15322	doc_16170	1
q_15323	doc_16171	1
q_15324	doc_16172	1
q_15325	doc_16173	1
q_15326	doc_16174	1
q_15327	doc_16175	1
q_15328	doc_16176	1
q_15329	doc_16177	1
q_15330	doc_16178	1
q_15331	doc_16179	1
q_15332	doc_16180	1
q_15333	doc_16181	1
q_15334	doc_16182	1
q_15335	doc_16183	1
q_15336	doc_16184	1
q_15337	doc_16185	1
q_15338	doc_16186	1
q_15339	doc_16187	1
q_15340	doc_16188	1
q_15341	doc_16189	1
q_15342	doc_16190	1
q_15343	doc_16191	1
q_15344	doc_16192	1
q_15345	doc_16193	1
q_15346	doc_16194	1
q_15347	doc_16195	1
q_15348	doc_16196	1
q_15349	doc_16197	1
q_15350	doc_16198	1
q_15351	doc_16199	1
q_15352	doc_16200	1
q_15353	doc_16201	1
q_15354	doc_16202	1
q_15355	doc_16203	1
q_15356	doc_16204	1
q_15357	doc_16205	1
q_15358	doc_16206	1
q_15359	doc_16207	1
q_15360	doc_16208	1
q_15361	doc_16209	1
q_15362	doc_16210	1
q_15363	doc_16211	1
q_15364	doc_16212	1
q_15365	doc_16213	1
q_15366	doc_16214	1
q_15367	doc_16215	1
q_15368	doc_16216	1
q_15369	doc_16217	1
q_15370	doc_16218	1
q_15371	doc_16219	1
q_15372	doc_16220	1
q_15373	doc_16221	1
q_15374	doc_16222	1
q_15375	doc_16223	1
q_15376	doc_16224	1
q_15377	doc_16225	1
q_15378	doc_16226	1
q_15379	doc_16227	1
q_15380	doc_16228	1
q_15381	doc_16229	1
q_15382	doc_16230	1
q_15383	doc_16231	1
q_15384	doc_16232	1
q_15385	doc_16233	1
q_15386	doc_16234	1
q_15387	doc_16235	1
q_15388	doc_16236	1
q_15389	doc_16237	1
q_15390	doc_16238	1
q_15391	doc_16239	1
q_15392	doc_16240	1
q_15393	doc_16241	1
q_15394	doc_16242	1
q_15395	doc_16243	1
q_15396	doc_16244	1
q_15397	doc_16245	1
q_15398	doc_16246	1
q_15399	doc_16247	1
q_15400	doc_16248	1
q_15401	doc_16249	1
q_15402	doc_16250	1
q_15403	doc_16251	1
q_15404	doc_16252	1
q_15405	doc_16253	1
q_15406	doc_16254	1
q_15407	doc_16255	1
q_15408	doc_16256	1
q_15409	doc_16257	1
q_15410	doc_16258	1
q_15411	doc_16259	1
q_15412	doc_16260	1
q_15413	doc_16261	1
q_15414	doc_16262	1
q_15415	doc_16263	1
q_15416	doc_16264	1
q_15417	doc_16265	1
q_15418	doc_16266	1
q_15419	doc_16267	1
q_15420	doc_16268	1
q_15421	doc_16269	1
q_15422	doc_16270	1
q_15423	doc_16271	1
q_15424	doc_16272	1
q_15425	doc_16273	1
q_15426	doc_16274	1
q_15427	doc_16275	1
q_15428	doc_16276	1
q_15429	doc_16277	1
q_15430	doc_16278	1
q_15431	doc_16279	1
q_15432	doc_16280	1
q_15433	doc_16281	1
q_15434	doc_16282	1
q_15435	doc_16283	1
q_15436	doc_16284	1
q_15437	doc_16285	1
q_15438	doc_16286	1
q_15439	doc_16287	1
q_15440	doc_16288	1
q_15441	doc_16289	1
q_15442	doc_16291	1
q_15443	doc_16292	1
q_15444	doc_16293	1
q_15445	doc_16294	1
q_15446	doc_16295	1
q_15447	doc_16296	1
q_15448	doc_16297	1
q_15449	doc_16298	1
q_15450	doc_16299	1
q_15451	doc_16300	1
q_15452	doc_16301	1
q_15453	doc_16302	1
q_15454	doc_16303	1
q_15455	doc_16304	1
q_15456	doc_16305	1
q_15457	doc_16306	1
q_15458	doc_16307	1
q_15459	doc_16308	1
q_15460	doc_16309	1
q_15461	doc_16310	1
q_15462	doc_16311	1
q_15463	doc_16312	1
q_15464	doc_16313	1
q_15465	doc_16314	1
q_15466	doc_16315	1
q_15467	doc_16316	1
q_15468	doc_16317	1
q_15469	doc_16318	1
q_15470	doc_16319	1
q_15471	doc_16320	1
q_15472	doc_16321	1
q_15473	doc_16322	1
q_15474	doc_16323	1
q_15475	doc_16324	1
q_15476	doc_16325	1
q_15477	doc_16326	1
q_15478	doc_16327	1
q_15479	doc_16328	1
q_15480	doc_16329	1
q_15481	doc_16330	1
q_15482	doc_16331	1
q_15483	doc_16332	1
q_15484	doc_16333	1
q_15485	doc_16334	1
q_15486	doc_16335	1
q_15487	doc_16336	1
q_15488	doc_16337	1
q_15489	doc_16338	1
q_15490	doc_16339	1
q_15491	doc_16340	1
q_15492	doc_16341	1
q_15493	doc_16342	1
q_15494	doc_16343	1
q_15495	doc_16344	1
q_15496	doc_16345	1
q_15497	doc_16346	1
q_15498	doc_16347	1
q_15499	doc_16348	1
q_15500	doc_16349	1
q_15501	doc_16350	1
q_15502	doc_16351	1
q_15503	doc_16352	1
q_15504	doc_16353	1
q_15505	doc_16354	1
q_15506	doc_16355	1
q_15507	doc_16356	1
q_15508	doc_16357	1
q_15509	doc_16358	1
q_15510	doc_16359	1
q_15511	doc_16360	1
q_15512	doc_16361	1
q_15513	doc_16362	1
q_15514	doc_16363	1
q_15515	doc_16364	1
q_15516	doc_16365	1
q_15517	doc_16366	1
q_15518	doc_16367	1
q_15519	doc_16368	1
q_15520	doc_16369	1
q_15521	doc_16370	1
q_15522	doc_16371	1
q_15523	doc_16372	1
q_15524	doc_16373	1
q_15525	doc_16374	1
q_15526	doc_16375	1
q_15527	doc_16376	1
q_15528	doc_16377	1
q_15529	doc_16378	1
q_15530	doc_16379	1
q_15531	doc_16380	1
q_15532	doc_16381	1
q_15533	doc_16382	1
q_15534	doc_16383	1
q_15535	doc_16384	1
q_15536	doc_16385	1
q_15537	doc_16386	1
q_15538	doc_16387	1
q_15539	doc_16388	1
q_15540	doc_16389	1
q_15541	doc_16390	1
q_15542	doc_16391	1
q_15543	doc_16392	1
q_15544	doc_16393	1
q_15545	doc_16394	1
q_15546	doc_16395	1
q_15547	doc_16396	1
q_15548	doc_16397	1
q_15549	doc_16398	1
q_15550	doc_16399	1
q_15551	doc_16400	1
q_15552	doc_16401	1
q_15553	doc_16402	1
q_15554	doc_16403	1
q_15555	doc_16404	1
q_15556	doc_16405	1
q_15557	doc_16406	1
q_15558	doc_16407	1
q_15559	doc_16408	1
q_15560	doc_16409	1
q_15561	doc_16410	1
q_15562	doc_16411	1
q_15563	doc_16412	1
q_15564	doc_16413	1
q_15565	doc_16414	1
q_15566	doc_16415	1
q_15567	doc_16416	1
q_15568	doc_16417	1
q_15569	doc_16418	1
q_15570	doc_16419	1
q_15571	doc_16420	1
q_15572	doc_16421	1
q_15573	doc_16422	1
q_15574	doc_16423	1
q_15575	doc_16424	1
q_15576	doc_16425	1
q_15577	doc_16426	1
q_15578	doc_16427	1
q_15579	doc_16428	1
q_15580	doc_16429	1
q_15581	doc_16430	1
q_15582	doc_16431	1
q_15583	doc_16432	1
q_15584	doc_16433	1
q_15585	doc_16434	1
q_15586	doc_16435	1
q_15587	doc_16436	1
q_15588	doc_16437	1
q_15589	doc_16438	1
q_15590	doc_16439	1
q_15591	doc_16440	1
q_15592	doc_16441	1
q_15593	doc_16442	1
q_15594	doc_16443	1
q_15595	doc_16444	1
q_15596	doc_16445	1
q_15597	doc_16446	1
q_15598	doc_16447	1
q_15599	doc_16448	1
q_15600	doc_16449	1
q_15601	doc_16450	1
q_15602	doc_16451	1
q_15603	doc_16452	1
q_15604	doc_16453	1
q_15605	doc_16454	1
q_15606	doc_16455	1
q_15607	doc_16456	1
q_15608	doc_16457	1
q_15609	doc_16458	1
q_15610	doc_16459	1
q_15611	doc_16460	1
q_15612	doc_16461	1
q_15613	doc_16462	1
q_15614	doc_16463	1
q_15615	doc_16464	1
q_15616	doc_16465	1
q_15617	doc_16466	1
q_15618	doc_16467	1
q_15619	doc_16468	1
q_15620	doc_16469	1
q_15621	doc_16470	1
q_15622	doc_16471	1
q_15623	doc_16472	1
q_15624	doc_16473	1
q_15625	doc_16474	1
q_15626	doc_16475	1
q_15627	doc_16476	1
q_15628	doc_16477	1
q_15629	doc_16478	1
q_15630	doc_16479	1
q_15631	doc_16480	1
q_15632	doc_16481	1
q_15633	doc_16482	1
q_15634	doc_16483	1
q_15635	doc_16484	1
q_15636	doc_16485	1
q_15637	doc_16486	1
q_15638	doc_16487	1
q_15639	doc_16488	1
q_15640	doc_16489	1
q_15641	doc_16490	1
q_15642	doc_16491	1
q_15643	doc_16492	1
q_15644	doc_16493	1
q_15645	doc_16494	1
q_15646	doc_16495	1
q_15647	doc_16496	1
q_15648	doc_16497	1
q_15649	doc_16498	1
q_15650	doc_16499	1
q_15651	doc_16500	1
q_15652	doc_16501	1
q_15653	doc_16502	1
q_15654	doc_16503	1
q_15655	doc_16504	1
q_15656	doc_16505	1
q_15657	doc_16506	1
q_15658	doc_16507	1
q_15659	doc_16508	1
q_15660	doc_16509	1
q_15661	doc_16510	1
q_15662	doc_16511	1
q_15663	doc_16512	1
q_15664	doc_16513	1
q_15665	doc_16514	1
q_15666	doc_16515	1
q_15667	doc_16516	1
q_15668	doc_16517	1
q_15669	doc_16518	1
q_15670	doc_16519	1
q_15671	doc_16520	1
q_15672	doc_16521	1
q_15673	doc_16522	1
q_15674	doc_16523	1
q_15675	doc_16524	1
q_15676	doc_16525	1
q_15677	doc_16526	1
q_15678	doc_16527	1
q_15679	doc_16528	1
q_15680	doc_16529	1
q_15681	doc_16530	1
q_15682	doc_16531	1
q_15683	doc_16532	1
q_15684	doc_16533	1
q_15685	doc_16534	1
q_15686	doc_16535	1
q_15687	doc_16536	1
q_15688	doc_16537	1
q_15689	doc_16538	1
q_15690	doc_16539	1
q_15691	doc_16540	1
q_15692	doc_16541	1
q_15693	doc_16542	1
q_15694	doc_16543	1
q_15695	doc_16544	1
q_15696	doc_16545	1
q_15697	doc_16546	1
q_15698	doc_16547	1
q_15699	doc_16548	1
q_15700	doc_16549	1
q_15701	doc_16550	1
q_15702	doc_16551	1
q_15703	doc_16552	1
q_15704	doc_16553	1
q_15705	doc_16554	1
q_15706	doc_16555	1
q_15707	doc_16556	1
q_15708	doc_16557	1
q_15709	doc_16558	1
q_15710	doc_16559	1
q_15711	doc_16560	1
q_15712	doc_16561	1
q_15713	doc_16562	1
q_15714	doc_16563	1
q_15715	doc_16564	1
q_15716	doc_16565	1
q_15717	doc_16566	1
q_15718	doc_16567	1
q_15719	doc_16568	1
q_15720	doc_16569	1
q_15721	doc_16570	1
q_15722	doc_16571	1
q_15723	doc_16572	1
q_15724	doc_16573	1
q_15725	doc_16574	1
q_15726	doc_16575	1
q_15727	doc_16576	1
q_15728	doc_16577	1
q_15729	doc_16578	1
q_15730	doc_16579	1
q_15731	doc_16580	1
q_15732	doc_16581	1
q_15733	doc_16582	1
q_15734	doc_16583	1
q_15735	doc_16584	1
q_15736	doc_16585	1
q_15737	doc_16586	1
q_15738	doc_16587	1
q_15739	doc_16588	1
q_15740	doc_16589	1
q_15741	doc_16590	1
q_15742	doc_16591	1
q_15743	doc_16592	1
q_15744	doc_16593	1
q_15745	doc_16594	1
q_15746	doc_16595	1
q_15747	doc_16596	1
q_15748	doc_16597	1
q_15749	doc_16598	1
q_15750	doc_16599	1
q_15751	doc_16600	1
q_15752	doc_16601	1
q_15753	doc_16602	1
q_15754	doc_16603	1
q_15755	doc_16604	1
q_15756	doc_16605	1
q_15757	doc_16606	1
q_15758	doc_16607	1
q_15759	doc_16608	1
q_15760	doc_16609	1
q_15761	doc_16610	1
q_15762	doc_16611	1
q_15763	doc_16612	1
q_15764	doc_16613	1
q_15765	doc_16614	1
q_15766	doc_16615	1
q_15767	doc_16616	1
q_15768	doc_16617	1
q_15769	doc_16618	1
q_15770	doc_16619	1
q_15771	doc_16620	1
q_15772	doc_16621	1
q_15773	doc_16622	1
q_15774	doc_16623	1
q_15775	doc_16624	1
q_15776	doc_16625	1
q_15777	doc_16626	1
q_15778	doc_16627	1
q_15779	doc_16628	1
q_15780	doc_16629	1
q_15781	doc_16630	1
q_15782	doc_16631	1
q_15783	doc_16632	1
q_15784	doc_16633	1
q_15785	doc_16634	1
q_15786	doc_16635	1
q_15787	doc_16636	1
q_15788	doc_16637	1
q_15789	doc_16638	1
q_15790	doc_16639	1
q_15791	doc_16640	1
q_15792	doc_16641	1
q_15793	doc_16642	1
q_15794	doc_16643	1
q_15795	doc_16644	1
q_15796	doc_16645	1
q_15797	doc_16646	1
q_15798	doc_16647	1
q_15799	doc_16648	1
q_15800	doc_16649	1
q_15801	doc_16650	1
q_15802	doc_16651	1
q_15803	doc_16652	1
q_15804	doc_16653	1
q_15805	doc_16654	1
q_15806	doc_16655	1
q_15807	doc_16656	1
q_15808	doc_16657	1
q_15809	doc_16658	1
q_15810	doc_16659	1
q_15811	doc_16660	1
q_15812	doc_16661	1
q_15813	doc_16662	1
q_15814	doc_16663	1
q_15815	doc_16664	1
q_15816	doc_16665	1
q_15817	doc_16666	1
q_15818	doc_16667	1
q_15819	doc_16668	1
q_15820	doc_16669	1
q_15821	doc_16670	1
q_15822	doc_16671	1
q_15823	doc_16672	1
q_15824	doc_16673	1
q_15825	doc_16674	1
q_15826	doc_16675	1
q_15827	doc_16676	1
q_15828	doc_16677	1
q_15829	doc_16678	1
q_15830	doc_16679	1
q_15831	doc_16680	1
q_15832	doc_16681	1
q_15833	doc_16682	1
q_15834	doc_16683	1
q_15835	doc_16684	1
q_15836	doc_16685	1
q_15837	doc_16686	1
q_15838	doc_16687	1
q_15839	doc_16688	1
q_15840	doc_16689	1
q_15841	doc_16690	1
q_15842	doc_16691	1
q_15843	doc_16692	1
q_15844	doc_16693	1
q_15845	doc_16694	1
q_15846	doc_16695	1
q_15847	doc_16696	1
q_15848	doc_16697	1
q_15849	doc_16698	1
q_15850	doc_16699	1
q_15851	doc_16700	1
q_15852	doc_16701	1
q_15853	doc_16702	1
q_15854	doc_16703	1
q_15855	doc_16704	1
q_15856	doc_16705	1
q_15857	doc_16706	1
q_15858	doc_16707	1
q_15859	doc_16708	1
q_15860	doc_16709	1
q_15861	doc_16710	1
q_15862	doc_16711	1
q_15863	doc_16712	1
q_15864	doc_16713	1
q_15865	doc_16714	1
q_15866	doc_16715	1
q_15867	doc_16716	1
q_15868	doc_16717	1
q_15869	doc_16718	1
q_15870	doc_16719	1
q_15871	doc_16720	1
q_15872	doc_16721	1
q_15873	doc_16722	1
q_15874	doc_16723	1
q_15875	doc_16724	1
q_15876	doc_16725	1
q_15877	doc_16726	1
q_15878	doc_16727	1
q_15879	doc_16728	1
q_15880	doc_16729	1
q_15881	doc_16730	1
q_15882	doc_16731	1
q_15883	doc_16732	1
q_15884	doc_16733	1
q_15885	doc_16734	1
q_15886	doc_16735	1
q_15887	doc_16736	1
q_15888	doc_16737	1
q_15889	doc_16738	1
q_15890	doc_16739	1
q_15891	doc_16740	1
q_15892	doc_16741	1
q_15893	doc_16742	1
q_15894	doc_16743	1
q_15895	doc_16744	1
q_15896	doc_16745	1
q_15897	doc_16746	1
q_15898	doc_16747	1
q_15899	doc_16748	1
q_15900	doc_16749	1
q_15901	doc_16750	1
q_15902	doc_16751	1
q_15903	doc_16752	1
q_15904	doc_16753	1
q_15905	doc_16754	1
q_15906	doc_16755	1
q_15907	doc_16756	1
q_15908	doc_16757	1
q_15909	doc_16758	1
q_15910	doc_16759	1
q_15911	doc_16760	1
q_15912	doc_16761	1
q_15913	doc_16762	1
q_15914	doc_16763	1
q_15915	doc_16764	1
q_15916	doc_16765	1
q_15917	doc_16766	1
q_15918	doc_16767	1
q_15919	doc_16768	1
q_15920	doc_16769	1
q_15921	doc_16770	1
q_15922	doc_16771	1
q_15923	doc_16772	1
q_15924	doc_16773	1
q_15925	doc_16774	1
q_15926	doc_16775	1
q_15927	doc_16776	1
q_15928	doc_16777	1
q_15929	doc_16778	1
q_15930	doc_16779	1
q_15931	doc_16780	1
q_15932	doc_16781	1
q_15933	doc_16782	1
q_15934	doc_16783	1
q_15935	doc_16784	1
q_15936	doc_16785	1
q_15937	doc_16786	1
q_15938	doc_16787	1
q_15939	doc_16788	1
q_15940	doc_16789	1
q_15941	doc_16790	1
q_15942	doc_16791	1
q_15943	doc_16792	1
q_15944	doc_16793	1
q_15945	doc_16794	1
q_15946	doc_16795	1
q_15947	doc_16796	1
q_15948	doc_16797	1
q_15949	doc_16798	1
q_15950	doc_16799	1
q_15951	doc_16800	1
q_15952	doc_16801	1
q_15953	doc_16802	1
q_15954	doc_16803	1
q_15955	doc_16804	1
q_15956	doc_16805	1
q_15957	doc_16806	1
q_15958	doc_16807	1
q_15959	doc_16808	1
q_15960	doc_16809	1
q_15961	doc_16810	1
q_15962	doc_16811	1
q_15963	doc_16812	1
q_15964	doc_16813	1
q_15965	doc_16814	1
q_15966	doc_16815	1
q_15967	doc_16816	1
q_15968	doc_16817	1
q_15969	doc_16818	1
q_15970	doc_16819	1
q_15971	doc_16820	1
q_15972	doc_16821	1
q_15973	doc_16822	1
q_15974	doc_16823	1
q_15975	doc_16824	1
q_15976	doc_16825	1
q_15977	doc_16826	1
q_15978	doc_16827	1
q_15979	doc_16828	1
q_15980	doc_16829	1
q_15981	doc_16830	1
q_15982	doc_16831	1
q_15983	doc_16832	1
q_15984	doc_16833	1
q_15985	doc_16834	1
q_15986	doc_16835	1
q_15987	doc_16836	1
q_15988	doc_16837	1
q_15989	doc_16838	1
q_15990	doc_16839	1
q_15991	doc_16840	1
q_15992	doc_16841	1
q_15993	doc_16842	1
q_15994	doc_16843	1
q_15995	doc_16844	1
q_15996	doc_16845	1
q_15997	doc_16846	1
q_15998	doc_16847	1
q_15999	doc_16848	1
q_16000	doc_16849	1
q_16001	doc_16850	1
q_16002	doc_16851	1
q_16003	doc_16852	1
q_16004	doc_16853	1
q_16005	doc_16854	1
q_16006	doc_16855	1
q_16007	doc_16856	1
q_16008	doc_16857	1
q_16009	doc_16858	1
q_16010	doc_16859	1
q_16011	doc_16860	1
q_16012	doc_16861	1
q_16013	doc_16862	1
q_16014	doc_16863	1
q_16015	doc_16864	1
q_16016	doc_16865	1
q_16017	doc_16866	1
q_16018	doc_16867	1
q_16019	doc_16868	1
q_16020	doc_16869	1
q_16021	doc_16870	1
q_16022	doc_16871	1
q_16023	doc_16872	1
q_16024	doc_16873	1
q_16025	doc_16874	1
q_16026	doc_16875	1
q_16027	doc_16876	1
q_16028	doc_16877	1
q_16029	doc_16878	1
q_16030	doc_16879	1
q_16031	doc_16880	1
q_16032	doc_16881	1
q_16033	doc_16882	1
q_16034	doc_16883	1
q_16035	doc_16884	1
q_16036	doc_16885	1
q_16037	doc_16886	1
q_16038	doc_16887	1
q_16039	doc_16888	1
q_16040	doc_16889	1
q_16041	doc_16890	1
q_16042	doc_16891	1
q_16043	doc_16892	1
q_16044	doc_16893	1
q_16045	doc_16894	1
q_16046	doc_16895	1
q_16047	doc_16896	1
q_16048	doc_16897	1
q_16049	doc_16898	1
q_16050	doc_16899	1
q_16051	doc_16900	1
q_16052	doc_16901	1
q_16053	doc_16902	1
q_16054	doc_16903	1
q_16055	doc_16904	1
q_16056	doc_16905	1
q_16057	doc_16906	1
q_16058	doc_16907	1
q_16059	doc_16908	1
q_16060	doc_16909	1
q_16061	doc_16910	1
q_16062	doc_16911	1
q_16063	doc_16912	1
q_16064	doc_16913	1
q_16065	doc_16914	1
q_16066	doc_16915	1
q_16067	doc_16916	1
q_16068	doc_16917	1
q_16069	doc_16918	1
q_16070	doc_16919	1
q_16071	doc_16920	1
q_16072	doc_16921	1
q_16073	doc_16922	1
q_16074	doc_16923	1
q_16075	doc_16924	1
q_16076	doc_16925	1
q_16077	doc_16926	1
q_16078	doc_16927	1
q_16079	doc_16928	1
q_16080	doc_16929	1
q_16081	doc_16930	1
q_16082	doc_16931	1
q_16083	doc_16932	1
q_16084	doc_16933	1
q_16085	doc_16934	1
q_16086	doc_16935	1
q_16087	doc_16936	1
q_16088	doc_16937	1
q_16089	doc_16938	1
q_16090	doc_16939	1
q_16091	doc_16940	1
q_16092	doc_16941	1
q_16093	doc_16942	1
q_16094	doc_16943	1
q_16095	doc_16944	1
q_16096	doc_16945	1
q_16097	doc_16946	1
q_16098	doc_16947	1
q_16099	doc_16948	1
q_16100	doc_16949	1
q_16101	doc_16950	1
q_16102	doc_16951	1
q_16103	doc_16952	1
q_16104	doc_16953	1
q_16105	doc_16954	1
q_16106	doc_16955	1
q_16107	doc_16956	1
q_16108	doc_16957	1
q_16109	doc_16958	1
q_16110	doc_16959	1
q_16111	doc_16960	1
q_16112	doc_16961	1
q_16113	doc_16962	1
q_16114	doc_16963	1
q_16115	doc_16964	1
q_16116	doc_16965	1
q_16117	doc_16966	1
q_16118	doc_16967	1
q_16119	doc_16968	1
q_16120	doc_16969	1
q_16121	doc_16970	1
q_16122	doc_16971	1
q_16123	doc_16972	1
q_16124	doc_16973	1
q_16125	doc_16974	1
q_16126	doc_16975	1
q_16127	doc_16976	1
q_16128	doc_16977	1
q_16129	doc_16978	1
q_16130	doc_16979	1
q_16131	doc_16980	1
q_16132	doc_16981	1
q_16133	doc_16982	1
q_16134	doc_16983	1
q_16135	doc_16984	1
q_16136	doc_16985	1
q_16137	doc_16986	1
q_16138	doc_16987	1
q_16139	doc_16988	1
q_16140	doc_16989	1
q_16141	doc_16990	1
q_16142	doc_16991	1
q_16143	doc_16992	1
q_16144	doc_16993	1
q_16145	doc_16994	1
q_16146	doc_16995	1
q_16147	doc_16996	1
q_16148	doc_16997	1
q_16149	doc_16998	1
q_16150	doc_16999	1
q_16151	doc_17000	1
q_16152	doc_17001	1
q_16153	doc_17002	1
q_16154	doc_17003	1
q_16155	doc_17004	1
q_16156	doc_17005	1
q_16157	doc_17006	1
q_16158	doc_17007	1
q_16159	doc_17008	1
q_16160	doc_17009	1
q_16161	doc_17010	1
q_16162	doc_17011	1
q_16163	doc_17012	1
q_16164	doc_17013	1
q_16165	doc_17014	1
q_16166	doc_17015	1
q_16167	doc_17016	1
q_16168	doc_17017	1
q_16169	doc_17018	1
q_16170	doc_17019	1
q_16171	doc_17020	1
q_16172	doc_17021	1
q_16173	doc_17022	1
q_16174	doc_17023	1
q_16175	doc_17024	1
q_16176	doc_17025	1
q_16177	doc_17026	1
q_16178	doc_17027	1
q_16179	doc_17028	1
q_16180	doc_17029	1
q_16181	doc_17030	1
q_16182	doc_17031	1
q_16183	doc_17032	1
q_16184	doc_17033	1
q_16185	doc_17034	1
q_16186	doc_17035	1
q_16187	doc_17036	1
q_16188	doc_17037	1
q_16189	doc_17038	1
q_16190	doc_17039	1
q_16191	doc_17040	1
q_16192	doc_17041	1
q_16193	doc_17042	1
q_16194	doc_17043	1
q_16195	doc_17044	1
q_16196	doc_17045	1
q_16197	doc_17046	1
q_16198	doc_17047	1
q_16199	doc_17048	1
q_16200	doc_17049	1
q_16201	doc_17050	1
q_16202	doc_17051	1
q_16203	doc_17052	1
q_16204	doc_17053	1
q_16205	doc_17054	1
q_16206	doc_17055	1
q_16207	doc_17056	1
q_16208	doc_17057	1
q_16209	doc_17058	1
q_16210	doc_17059	1
q_16211	doc_17060	1
q_16212	doc_17061	1
q_16213	doc_17062	1
q_16214	doc_17063	1
q_16215	doc_17064	1
q_16216	doc_17065	1
q_16217	doc_17066	1
q_16218	doc_17067	1
q_16219	doc_17068	1
q_16220	doc_17069	1
q_16221	doc_17070	1
q_16222	doc_17071	1
q_16223	doc_17072	1
q_16224	doc_17073	1
q_16225	doc_17074	1
q_16226	doc_17075	1
q_16227	doc_17076	1
q_16228	doc_17077	1
q_16229	doc_17078	1
q_16230	doc_17079	1
q_16231	doc_17080	1
q_16232	doc_17081	1
q_16233	doc_17082	1
q_16234	doc_17083	1
q_16235	doc_17084	1
q_16236	doc_17085	1
q_16237	doc_17086	1
q_16238	doc_17087	1
q_16239	doc_17088	1
q_16240	doc_17089	1
q_16241	doc_17090	1
q_16242	doc_17091	1
q_16243	doc_17092	1
q_16244	doc_17093	1
q_16245	doc_17094	1
q_16246	doc_17095	1
q_16247	doc_17096	1
q_16248	doc_17097	1
q_16249	doc_17098	1
q_16250	doc_17099	1
q_16251	doc_17100	1
q_16252	doc_17101	1
q_16253	doc_17102	1
q_16254	doc_17103	1
q_16255	doc_17104	1
q_16256	doc_17105	1
q_16257	doc_17106	1
q_16258	doc_17107	1
q_16259	doc_17108	1
q_16260	doc_17109	1
q_16261	doc_17110	1
q_16262	doc_17111	1
q_16263	doc_17112	1
q_16264	doc_17113	1
q_16265	doc_17114	1
q_16266	doc_17115	1
q_16267	doc_17116	1
q_16268	doc_17117	1
q_16269	doc_17118	1
q_16270	doc_17119	1
q_16271	doc_17120	1
q_16272	doc_17121	1
q_16273	doc_17122	1
q_16274	doc_17123	1
q_16275	doc_17124	1
q_16276	doc_17125	1
q_16277	doc_17126	1
q_16278	doc_17127	1
q_16279	doc_17128	1
q_16280	doc_17129	1
q_16281	doc_17130	1
q_16282	doc_17131	1
q_16283	doc_17132	1
q_16284	doc_17133	1
q_16285	doc_17134	1
q_16286	doc_17135	1
q_16287	doc_17136	1
q_16288	doc_17137	1
q_16289	doc_17138	1
q_16290	doc_17139	1
q_16291	doc_17140	1
q_16292	doc_17141	1
q_16293	doc_17142	1
q_16294	doc_17143	1
q_16295	doc_17144	1
q_16296	doc_17145	1
q_16297	doc_17146	1
q_16298	doc_17147	1
q_16299	doc_17148	1
q_16300	doc_17149	1
q_16301	doc_17150	1
q_16302	doc_17151	1
q_16303	doc_17152	1
q_16304	doc_17153	1
q_16305	doc_17154	1
q_16306	doc_17155	1
q_16307	doc_17156	1
q_16308	doc_17157	1
q_16309	doc_17158	1
q_16310	doc_17159	1
q_16311	doc_17160	1
q_16312	doc_17161	1
q_16313	doc_17162	1
q_16314	doc_17163	1
q_16315	doc_17164	1
q_16316	doc_17165	1
q_16317	doc_17166	1
q_16318	doc_17167	1
q_16319	doc_17168	1
q_16320	doc_17169	1
q_16321	doc_17170	1
q_16322	doc_17171	1
q_16323	doc_17172	1
q_16324	doc_17173	1
q_16325	doc_17174	1
q_16326	doc_17175	1
q_16327	doc_17176	1
q_16328	doc_17177	1
q_16329	doc_17178	1
q_16330	doc_17179	1
q_16331	doc_17180	1
q_16332	doc_17181	1
q_16333	doc_17182	1
q_16334	doc_17183	1
q_16335	doc_17184	1
q_16336	doc_17185	1
q_16337	doc_17186	1
q_16338	doc_17187	1
q_16339	doc_17188	1
q_16340	doc_17189	1
q_16341	doc_17190	1
q_16342	doc_17191	1
q_16343	doc_17192	1
q_16344	doc_17193	1
q_16345	doc_17194	1
q_16346	doc_17195	1
q_16347	doc_17196	1
q_16348	doc_17197	1
q_16349	doc_17198	1
q_16350	doc_17199	1
q_16351	doc_17200	1
q_16352	doc_17201	1
q_16353	doc_17202	1
q_16354	doc_17203	1
q_16355	doc_17204	1
q_16356	doc_17205	1
q_16357	doc_17206	1
q_16358	doc_17207	1
q_16359	doc_17208	1
q_16360	doc_17209	1
q_16361	doc_17210	1
q_16362	doc_17211	1
q_16363	doc_17212	1
q_16364	doc_17213	1
q_16365	doc_17214	1
q_16366	doc_17215	1
q_16367	doc_17216	1
q_16368	doc_17217	1
q_16369	doc_17218	1
q_16370	doc_17219	1
q_16371	doc_17220	1
q_16372	doc_17221	1
q_16373	doc_17222	1
q_16374	doc_17223	1
q_16375	doc_17224	1
q_16376	doc_17225	1
q_16377	doc_17226	1
q_16378	doc_17227	1
q_16379	doc_17228	1
q_16380	doc_17229	1
q_16381	doc_17230	1
q_16382	doc_17231	1
q_16383	doc_17232	1
q_16384	doc_17233	1
q_16385	doc_17234	1
q_16386	doc_17235	1
q_16387	doc_17236	1
q_16388	doc_17237	1
q_16389	doc_17238	1
q_16390	doc_17239	1
q_16391	doc_17240	1
q_16392	doc_17241	1
q_16393	doc_17242	1
q_16394	doc_17243	1
q_16395	doc_17244	1
q_16396	doc_17245	1
q_16397	doc_17246	1
q_16398	doc_17247	1
q_16399	doc_17248	1
q_16400	doc_17249	1
q_16401	doc_17250	1
q_16402	doc_17251	1
q_16403	doc_17252	1
q_16404	doc_17253	1
q_16405	doc_17254	1
q_16406	doc_17255	1
q_16407	doc_17256	1
q_16408	doc_17257	1
q_16409	doc_17258	1
q_16410	doc_17259	1
q_16411	doc_17260	1
q_16412	doc_17261	1
q_16413	doc_17262	1
q_16414	doc_17263	1
q_16415	doc_17264	1
q_16416	doc_17265	1
q_16417	doc_17266	1
q_16418	doc_17267	1
q_16419	doc_17268	1
q_16420	doc_17269	1
q_16421	doc_17270	1
q_16422	doc_17271	1
q_16423	doc_17272	1
q_16424	doc_17273	1
q_16425	doc_17274	1
q_16426	doc_17275	1
q_16427	doc_17276	1
q_16428	doc_17277	1
q_16429	doc_17278	1
q_16430	doc_17279	1
q_16431	doc_17280	1
q_16432	doc_17281	1
q_16433	doc_17282	1
q_16434	doc_17283	1
q_16435	doc_17284	1
q_16436	doc_17285	1
q_16437	doc_17286	1
q_16438	doc_17287	1
q_16439	doc_17288	1
q_16440	doc_17289	1
q_16441	doc_17290	1
q_16442	doc_17291	1
q_16443	doc_17292	1
q_16444	doc_17293	1
q_16445	doc_17294	1
q_16446	doc_17295	1
q_16447	doc_17296	1
q_16448	doc_17297	1
q_16449	doc_17298	1
q_16450	doc_17299	1
q_16451	doc_17300	1
q_16452	doc_17301	1
q_16453	doc_17302	1
q_16454	doc_17303	1
q_16455	doc_17304	1
q_16456	doc_17305	1
q_16457	doc_17306	1
q_16458	doc_17307	1
q_16459	doc_17308	1
q_16460	doc_17309	1
q_16461	doc_17310	1
q_16462	doc_17311	1
q_16463	doc_17312	1
q_16464	doc_17313	1
q_16465	doc_17314	1
q_16466	doc_17315	1
q_16467	doc_17316	1
q_16468	doc_17317	1
q_16469	doc_17318	1
q_16470	doc_17319	1
q_16471	doc_17320	1
q_16472	doc_17321	1
q_16473	doc_17322	1
q_16474	doc_17323	1
q_16475	doc_17324	1
q_16476	doc_17325	1
q_16477	doc_17326	1
q_16478	doc_17327	1
q_16479	doc_17328	1
q_16480	doc_17329	1
q_16481	doc_17330	1
q_16482	doc_17331	1
q_16483	doc_17332	1
q_16484	doc_17333	1
q_16485	doc_17334	1
q_16486	doc_17335	1
q_16487	doc_17336	1
q_16488	doc_17337	1
q_16489	doc_17338	1
q_16490	doc_17339	1
q_16491	doc_17340	1
q_16492	doc_17341	1
q_16493	doc_17342	1
q_16494	doc_17343	1
q_16495	doc_17344	1
q_16496	doc_17345	1
q_16497	doc_17346	1
q_16498	doc_17347	1
q_16499	doc_17348	1
q_16500	doc_17349	1
q_16501	doc_17350	1
q_16502	doc_17351	1
q_16503	doc_17352	1
q_16504	doc_17353	1
q_16505	doc_17354	1
q_16506	doc_17355	1
q_16507	doc_17356	1
q_16508	doc_17357	1
q_16509	doc_17358	1
q_16510	doc_17359	1
q_16511	doc_17360	1
q_16512	doc_17361	1
q_16513	doc_17362	1
q_16514	doc_17363	1
q_16515	doc_17364	1
q_16516	doc_17365	1
q_16517	doc_17366	1
q_16518	doc_17367	1
q_16519	doc_17368	1
q_16520	doc_17369	1
q_16521	doc_17370	1
q_16522	doc_17371	1
q_16523	doc_17372	1
q_16524	doc_17373	1
q_16525	doc_17374	1
q_16526	doc_17375	1
q_16527	doc_17376	1
q_16528	doc_17377	1
q_16529	doc_17378	1
q_16530	doc_17379	1
q_16531	doc_17380	1
q_16532	doc_17381	1
q_16533	doc_17382	1
q_16534	doc_17383	1
q_16535	doc_17384	1
q_16536	doc_17385	1
q_16537	doc_17386	1
q_16538	doc_17387	1
q_16539	doc_17388	1
q_16540	doc_17389	1
q_16541	doc_17390	1
q_16542	doc_17391	1
q_16543	doc_17392	1
q_16544	doc_17393	1
q_16545	doc_17394	1
q_16546	doc_17395	1
q_16547	doc_17396	1
q_16548	doc_17397	1
q_16549	doc_17398	1
q_16550	doc_17399	1
q_16551	doc_17400	1
q_16552	doc_17401	1
q_16553	doc_17402	1
q_16554	doc_17403	1
q_16555	doc_17404	1
q_16556	doc_17405	1
q_16557	doc_17406	1
q_16558	doc_17407	1
q_16559	doc_17408	1
q_16560	doc_17409	1
q_16561	doc_17410	1
q_16562	doc_17411	1
q_16563	doc_17412	1
q_16564	doc_17413	1
q_16565	doc_17414	1
q_16566	doc_17415	1
q_16567	doc_17416	1
q_16568	doc_17417	1
q_16569	doc_17418	1
q_16570	doc_17419	1
q_16571	doc_17420	1
q_16572	doc_17421	1
q_16573	doc_17422	1
q_16574	doc_17423	1
q_16575	doc_17424	1
q_16576	doc_17425	1
q_16577	doc_17426	1
q_16578	doc_17427	1
q_16579	doc_17428	1
q_16580	doc_17429	1
q_16581	doc_17430	1
q_16582	doc_17431	1
q_16583	doc_17432	1
q_16584	doc_17433	1
q_16585	doc_17434	1
q_16586	doc_17435	1
q_16587	doc_17436	1
q_16588	doc_17437	1
q_16589	doc_17438	1
q_16590	doc_17439	1
q_16591	doc_17440	1
q_16592	doc_17441	1
q_16593	doc_17442	1
q_16594	doc_17443	1
q_16595	doc_17444	1
q_16596	doc_17445	1
q_16597	doc_17446	1
q_16598	doc_17447	1
q_16599	doc_17448	1
q_16600	doc_17449	1
q_16601	doc_17450	1
q_16602	doc_17451	1
q_16603	doc_17452	1
q_16604	doc_17453	1
q_16605	doc_17454	1
q_16606	doc_17455	1
q_16607	doc_17456	1
q_16608	doc_17457	1
q_16609	doc_17458	1
q_16610	doc_17459	1
q_16611	doc_17460	1
q_16612	doc_17461	1
q_16613	doc_17462	1
q_16614	doc_17463	1
q_16615	doc_17464	1
q_16616	doc_17465	1
q_16617	doc_17466	1
q_16618	doc_17467	1
q_16619	doc_17468	1
q_16620	doc_17469	1
q_16621	doc_17470	1
q_16622	doc_17471	1
q_16623	doc_17472	1
q_16624	doc_17473	1
q_16625	doc_17474	1
q_16626	doc_17475	1
q_16627	doc_17476	1
q_16628	doc_17477	1
q_16629	doc_17478	1
q_16630	doc_17479	1
q_16631	doc_17480	1
q_16632	doc_17481	1
q_16633	doc_17482	1
q_16634	doc_17483	1
q_16635	doc_17484	1
q_16636	doc_17485	1
q_16637	doc_17486	1
q_16638	doc_17487	1
q_16639	doc_17488	1
q_16640	doc_17489	1
q_16641	doc_17490	1
q_16642	doc_17491	1
q_16643	doc_17492	1
q_16644	doc_17493	1
q_16645	doc_17494	1
q_16646	doc_17495	1
q_16647	doc_17496	1
q_16648	doc_17497	1
q_16649	doc_17498	1
q_16650	doc_17499	1
q_16651	doc_17500	1
q_16652	doc_17501	1
q_16653	doc_17502	1
q_16654	doc_17503	1
q_16655	doc_17504	1
q_16656	doc_17505	1
q_16657	doc_17506	1
q_16658	doc_17507	1
q_16659	doc_17508	1
q_16660	doc_17509	1
q_16661	doc_17510	1
q_16662	doc_17511	1
q_16663	doc_17512	1
q_16664	doc_17513	1
q_16665	doc_17514	1
q_16666	doc_17515	1
q_16667	doc_17516	1
q_16668	doc_17517	1
q_16669	doc_17518	1
q_16670	doc_17519	1
q_16671	doc_17520	1
q_16672	doc_17521	1
q_16673	doc_17522	1
q_16674	doc_17523	1
q_16675	doc_17524	1
q_16676	doc_17525	1
q_16677	doc_17526	1
q_16678	doc_17527	1
q_16679	doc_17528	1
q_16680	doc_17529	1
q_16681	doc_17530	1
q_16682	doc_17531	1
q_16683	doc_17532	1
q_16684	doc_17533	1
q_16685	doc_17534	1
q_16686	doc_17535	1
q_16687	doc_17536	1
q_16688	doc_17537	1
q_16689	doc_17538	1
q_16690	doc_17539	1
q_16691	doc_17540	1
q_16692	doc_17541	1
q_16693	doc_17542	1
q_16694	doc_17543	1
q_16695	doc_17544	1
q_16696	doc_17545	1
q_16697	doc_17546	1
q_16698	doc_17547	1
q_16699	doc_17548	1
q_16700	doc_17549	1
q_16701	doc_17550	1
q_16702	doc_17551	1
q_16703	doc_17552	1
q_16704	doc_17553	1
q_16705	doc_17554	1
q_16706	doc_17555	1
q_16707	doc_17556	1
q_16708	doc_17557	1
q_16709	doc_17558	1
q_16710	doc_17559	1
q_16711	doc_17560	1
q_16712	doc_17561	1
q_16713	doc_17562	1
q_16714	doc_17563	1
q_16715	doc_17564	1
q_16716	doc_17565	1
q_16717	doc_17566	1
q_16718	doc_17567	1
q_16719	doc_17568	1
q_16720	doc_17569	1
q_16721	doc_17570	1
q_16722	doc_17571	1
q_16723	doc_17572	1
q_16724	doc_17573	1
q_16725	doc_17574	1
q_16726	doc_17575	1
q_16727	doc_17576	1
q_16728	doc_17577	1
q_16729	doc_17578	1
q_16730	doc_17579	1
q_16731	doc_17580	1
q_16732	doc_17581	1
q_16733	doc_17582	1
q_16734	doc_17583	1
q_16735	doc_17584	1
q_16736	doc_17585	1
q_16737	doc_17586	1
q_16738	doc_17587	1
q_16739	doc_17588	1
q_16740	doc_17589	1
q_16741	doc_17590	1
q_16742	doc_17591	1
q_16743	doc_17592	1
q_16744	doc_17593	1
q_16745	doc_17594	1
q_16746	doc_17595	1
q_16747	doc_17596	1
q_16748	doc_17597	1
q_16749	doc_17598	1
q_16750	doc_17599	1
q_16751	doc_17600	1
q_16752	doc_17601	1
q_16753	doc_17602	1
q_16754	doc_17603	1
q_16755	doc_17604	1
q_16756	doc_17605	1
q_16757	doc_17606	1
q_16758	doc_17607	1
q_16759	doc_17608	1
q_16760	doc_17609	1
q_16761	doc_17610	1
q_16762	doc_17611	1
q_16763	doc_17612	1
q_16764	doc_17613	1
q_16765	doc_17614	1
q_16766	doc_17615	1
q_16767	doc_17616	1
q_16768	doc_17617	1
q_16769	doc_17618	1
q_16770	doc_17619	1
q_16771	doc_17620	1
q_16772	doc_17621	1
q_16773	doc_17622	1
q_16774	doc_17623	1
q_16775	doc_17624	1
q_16776	doc_17625	1
q_16777	doc_17626	1
q_16778	doc_17627	1
q_16779	doc_17628	1
q_16780	doc_17629	1
q_16781	doc_17630	1
q_16782	doc_17631	1
q_16783	doc_17632	1
q_16784	doc_17633	1
q_16785	doc_17634	1
q_16786	doc_17635	1
q_16787	doc_17636	1
q_16788	doc_17637	1
q_16789	doc_17638	1
q_16790	doc_17639	1
q_16791	doc_17640	1
q_16792	doc_17641	1
q_16793	doc_17642	1
q_16794	doc_17643	1
q_16795	doc_17644	1
q_16796	doc_17645	1
q_16797	doc_17646	1
q_16798	doc_17647	1
q_16799	doc_17648	1
q_16800	doc_17649	1
q_16801	doc_17650	1
q_16802	doc_17651	1
q_16803	doc_17652	1
q_16804	doc_17653	1
q_16805	doc_17654	1
q_16806	doc_17655	1
q_16807	doc_17656	1
q_16808	doc_17657	1
q_16809	doc_17658	1
q_16810	doc_17659	1
q_16811	doc_17660	1
q_16812	doc_17661	1
q_16813	doc_17662	1
q_16814	doc_17663	1
q_16815	doc_17664	1
q_16816	doc_17665	1
q_16817	doc_17666	1
q_16818	doc_17667	1
q_16819	doc_17668	1
q_16820	doc_17669	1
q_16821	doc_17670	1
q_16822	doc_17671	1
q_16823	doc_17672	1
q_16824	doc_17673	1
q_16825	doc_17674	1
q_16826	doc_17675	1
q_16827	doc_17676	1
q_16828	doc_17677	1
q_16829	doc_17678	1
q_16830	doc_17679	1
q_16831	doc_17680	1
q_16832	doc_17681	1
q_16833	doc_17682	1
q_16834	doc_17683	1
q_16835	doc_17684	1
q_16836	doc_17685	1
q_16837	doc_17686	1
q_16838	doc_17687	1
q_16839	doc_17688	1
q_16840	doc_17689	1
q_16841	doc_17690	1
q_16842	doc_17691	1
q_16843	doc_17692	1
q_16844	doc_17693	1
q_16845	doc_17694	1
q_16846	doc_17695	1
q_16847	doc_17696	1
q_16848	doc_17697	1
q_16849	doc_17698	1
q_16850	doc_17699	1
q_16851	doc_17700	1
q_16852	doc_17701	1
q_16853	doc_17702	1
q_16854	doc_17703	1
q_16855	doc_17704	1
q_16856	doc_17705	1
q_16857	doc_17706	1
q_16858	doc_17707	1
q_16859	doc_17708	1
q_16860	doc_17709	1
q_16861	doc_17710	1
q_16862	doc_17711	1
q_16863	doc_17712	1
q_16864	doc_17713	1
q_16865	doc_17714	1
q_16866	doc_17715	1
q_16867	doc_17716	1
q_16868	doc_17717	1
q_16869	doc_17718	1
q_16870	doc_17719	1
q_16871	doc_17720	1
q_16872	doc_17721	1
q_16873	doc_17722	1
q_16874	doc_17723	1
q_16875	doc_17724	1
q_16876	doc_17725	1
q_16877	doc_17726	1
q_16878	doc_17727	1
q_16879	doc_17728	1
q_16880	doc_17729	1
q_16881	doc_17730	1
q_16882	doc_17731	1
q_16883	doc_17732	1
q_16884	doc_17733	1
q_16885	doc_17734	1
q_16886	doc_17735	1
q_16887	doc_17736	1
q_16888	doc_17737	1
q_16889	doc_17738	1
q_16890	doc_17739	1
q_16891	doc_17740	1
q_16892	doc_17741	1
q_16893	doc_17742	1
q_16894	doc_17743	1
q_16895	doc_17744	1
q_16896	doc_17745	1
q_16897	doc_17746	1
q_16898	doc_17747	1
q_16899	doc_17748	1
q_16900	doc_17749	1
q_16901	doc_17750	1
q_16902	doc_17751	1
q_16903	doc_17752	1
q_16904	doc_17753	1
q_16905	doc_17754	1
q_16906	doc_17755	1
q_16907	doc_17756	1
q_16908	doc_17757	1
q_16909	doc_17758	1
q_16910	doc_17759	1
q_16911	doc_17760	1
q_16912	doc_17761	1
q_16913	doc_17762	1
q_16914	doc_17763	1
q_16915	doc_17764	1
q_16916	doc_17765	1
q_16917	doc_17766	1
q_16918	doc_17767	1
q_16919	doc_17768	1
q_16920	doc_17769	1
q_16921	doc_17770	1
q_16922	doc_17771	1
q_16923	doc_17772	1
q_16924	doc_17773	1
q_16925	doc_17774	1
q_16926	doc_17775	1
q_16927	doc_17776	1
q_16928	doc_17777	1
q_16929	doc_17778	1
q_16930	doc_17779	1
q_16931	doc_17780	1
q_16932	doc_17781	1
q_16933	doc_17782	1
q_16934	doc_17783	1
q_16935	doc_17784	1
q_16936	doc_17785	1
q_16937	doc_17786	1
q_16938	doc_17787	1
q_16939	doc_17788	1
q_16940	doc_17789	1
q_16941	doc_17790	1
q_16942	doc_17791	1
q_16943	doc_17792	1
q_16944	doc_17793	1
q_16945	doc_17794	1
q_16946	doc_17795	1
q_16947	doc_17796	1
q_16948	doc_17797	1
q_16949	doc_17798	1
q_16950	doc_17799	1
q_16951	doc_17800	1
q_16952	doc_17801	1
q_16953	doc_17802	1
q_16954	doc_17803	1
q_16955	doc_17804	1
q_16956	doc_17805	1
q_16957	doc_17806	1
q_16958	doc_17807	1
q_16959	doc_17808	1
q_16960	doc_17809	1
q_16961	doc_17810	1
q_16962	doc_17811	1
q_16963	doc_17812	1
q_16964	doc_17813	1
q_16965	doc_17814	1
q_16966	doc_17815	1
q_16967	doc_17816	1
q_16968	doc_17817	1
q_16969	doc_17818	1
q_16970	doc_17819	1
q_16971	doc_17820	1
q_16972	doc_17821	1
q_16973	doc_17822	1
q_16974	doc_17823	1
q_16975	doc_17824	1
q_16976	doc_17825	1
q_16977	doc_17826	1
q_16978	doc_17827	1
q_16979	doc_17828	1
q_16980	doc_17829	1
q_16981	doc_17830	1
q_16982	doc_17831	1
q_16983	doc_17832	1
q_16984	doc_17833	1
q_16985	doc_17834	1
q_16986	doc_17835	1
q_16987	doc_17836	1
q_16988	doc_17837	1
q_16989	doc_17838	1
q_16990	doc_17839	1
q_16991	doc_17840	1
q_16992	doc_17841	1
q_16993	doc_17842	1
q_16994	doc_17843	1
q_16995	doc_17844	1
q_16996	doc_17845	1
q_16997	doc_17846	1
q_16998	doc_17847	1
q_16999	doc_17848	1
q_17000	doc_17849	1
q_17001	doc_17850	1
q_17002	doc_17851	1
q_17003	doc_17852	1
q_17004	doc_17853	1
q_17005	doc_17854	1
q_17006	doc_17855	1
q_17007	doc_17856	1
q_17008	doc_17857	1
q_17009	doc_17858	1
q_17010	doc_17859	1
q_17011	doc_17860	1
q_17012	doc_17861	1
q_17013	doc_17862	1
q_17014	doc_17863	1
q_17015	doc_17864	1
q_17016	doc_17865	1
q_17017	doc_17866	1
q_17018	doc_17867	1
q_17019	doc_17868	1
q_17020	doc_17869	1
q_17021	doc_17870	1
q_17022	doc_17871	1
q_17023	doc_17872	1
q_17024	doc_17873	1
q_17025	doc_17874	1
q_17026	doc_17875	1
q_17027	doc_17876	1
q_17028	doc_17877	1
q_17029	doc_17878	1
q_17030	doc_17879	1
q_17031	doc_17880	1
q_17032	doc_17881	1
q_17033	doc_17882	1
q_17034	doc_17883	1
q_17035	doc_17884	1
q_17036	doc_17885	1
q_17037	doc_17886	1
q_17038	doc_17887	1
q_17039	doc_17888	1
q_17040	doc_17889	1
q_17041	doc_17890	1
q_17042	doc_17891	1
q_17043	doc_17892	1
q_17044	doc_17893	1
q_17045	doc_17894	1
q_17046	doc_17895	1
q_17047	doc_17896	1
q_17048	doc_17897	1
q_17049	doc_17898	1
q_17050	doc_17899	1
q_17051	doc_17900	1
q_17052	doc_17901	1
q_17053	doc_17902	1
q_17054	doc_17903	1
q_17055	doc_17904	1
q_17056	doc_17905	1
q_17057	doc_17906	1
q_17058	doc_17907	1
q_17059	doc_17908	1
q_17060	doc_17909	1
q_17061	doc_17910	1
q_17062	doc_17911	1
q_17063	doc_17912	1
q_17064	doc_17913	1
q_17065	doc_17914	1
q_17066	doc_17915	1
q_17067	doc_17916	1
q_17068	doc_17917	1
q_17069	doc_17918	1
q_17070	doc_14823	1
q_17071	doc_262	1
q_17072	doc_263	1
q_17073	doc_17919	1
q_17074	doc_17920	1
q_17075	doc_17921	1
q_17076	doc_17922	1
q_17077	doc_17926	1
q_17078	doc_17927	1
q_17079	doc_17928	1
q_17080	doc_17929	1
q_17081	doc_17930	1
q_17082	doc_17931	1
q_17083	doc_17932	1
q_17084	doc_17933	1
q_17085	doc_17934	1
q_17086	doc_17935	1
q_17087	doc_17936	1
q_17088	doc_17937	1
q_17089	doc_17938	1
q_17090	doc_17939	1
q_17091	doc_17940	1
q_17092	doc_17941	1
q_17093	doc_17942	1
q_17094	doc_17943	1
q_17095	doc_17944	1
q_17096	doc_17945	1
q_17097	doc_17946	1
q_17098	doc_17947	1
q_17099	doc_17948	1
q_17100	doc_17949	1
q_17101	doc_17950	1
q_17102	doc_17951	1
q_17103	doc_17952	1
q_17104	doc_17953	1
q_17105	doc_17954	1
q_17106	doc_17955	1
q_17107	doc_17956	1
q_17108	doc_17957	1
q_17109	doc_17958	1
q_17110	doc_17959	1
q_17111	doc_17960	1
q_17112	doc_17961	1
q_17113	doc_17962	1
q_17114	doc_17963	1
q_17115	doc_17964	1
q_17116	doc_17965	1
q_17117	doc_17966	1
q_17118	doc_17967	1
q_17119	doc_17968	1
q_17120	doc_17969	1
q_17121	doc_17970	1
q_17122	doc_17971	1
q_17123	doc_17972	1
q_17124	doc_17973	1
q_17125	doc_17974	1
q_17126	doc_17975	1
q_17127	doc_17976	1
q_17128	doc_17977	1
q_17129	doc_17978	1
q_17130	doc_17979	1
q_17131	doc_17980	1
q_17132	doc_17981	1
q_17133	doc_17982	1
q_17134	doc_17983	1
q_17135	doc_17984	1
q_17136	doc_17985	1
q_17137	doc_17986	1
q_17138	doc_17987	1
q_17139	doc_17988	1
q_17140	doc_17989	1
q_17141	doc_17990	1
q_17142	doc_17991	1
q_17143	doc_17992	1
q_17144	doc_17993	1
q_17145	doc_17994	1
q_17146	doc_17995	1
q_17147	doc_17996	1
q_17148	doc_17997	1
q_17149	doc_17998	1
q_17150	doc_17999	1
q_17151	doc_18000	1
q_17152	doc_18001	1
q_17153	doc_18002	1
q_17154	doc_18003	1
q_17155	doc_18004	1
q_17156	doc_18005	1
q_17157	doc_18006	1
q_17158	doc_18007	1
q_17159	doc_18008	1
q_17160	doc_18009	1
q_17161	doc_18010	1
q_17162	doc_18011	1
q_17163	doc_18012	1
q_17164	doc_18013	1
q_17165	doc_18014	1
q_17166	doc_18015	1
q_17167	doc_18016	1
q_17168	doc_18017	1
q_17169	doc_18018	1
q_17170	doc_18019	1
q_17171	doc_18020	1
q_17172	doc_18021	1
q_17173	doc_18022	1
q_17174	doc_18023	1
q_17175	doc_18024	1
q_17176	doc_18025	1
q_17177	doc_18026	1
q_17178	doc_18027	1
q_17179	doc_18028	1
q_17180	doc_18029	1
q_17181	doc_18030	1
q_17182	doc_18031	1
q_17183	doc_18032	1
q_17184	doc_18033	1
q_17185	doc_18034	1
q_17186	doc_18035	1
q_17187	doc_18036	1
q_17188	doc_18037	1
q_17189	doc_18038	1
q_17190	doc_18039	1
q_17191	doc_18040	1
q_17192	doc_18041	1
q_17193	doc_18042	1
q_17194	doc_18043	1
q_17195	doc_18044	1
q_17196	doc_18045	1
q_17197	doc_18046	1
q_17198	doc_18047	1
q_17199	doc_18048	1
q_17200	doc_18049	1
q_17201	doc_18050	1
q_17202	doc_18051	1
q_17203	doc_18052	1
q_17204	doc_18053	1
q_17205	doc_18054	1
q_17206	doc_18055	1
q_17207	doc_18056	1
q_17208	doc_18057	1
q_17209	doc_18058	1
q_17210	doc_18059	1
q_17211	doc_18060	1
q_17212	doc_18061	1
q_17213	doc_18062	1
q_17214	doc_18063	1
q_17215	doc_18064	1
q_17216	doc_18065	1
q_17217	doc_18066	1
q_17218	doc_18067	1
q_17219	doc_18068	1
q_17220	doc_18069	1
q_17221	doc_18070	1
q_17222	doc_18071	1
q_17223	doc_18072	1
q_17224	doc_18073	1
q_17225	doc_18074	1
q_17226	doc_18075	1
q_17227	doc_18076	1
q_17228	doc_18077	1
q_17229	doc_18078	1
q_17230	doc_18079	1
q_17231	doc_18080	1
q_17232	doc_18081	1
q_17233	doc_18082	1
q_17234	doc_18083	1
q_17235	doc_18084	1
q_17236	doc_18085	1
q_17237	doc_18086	1
q_17238	doc_18087	1
q_17239	doc_18088	1
q_17240	doc_18089	1
q_17241	doc_18090	1
q_17242	doc_18091	1
q_17243	doc_18092	1
q_17244	doc_18093	1
q_17245	doc_18094	1
q_17246	doc_18095	1
q_17247	doc_18096	1
q_17248	doc_18097	1
q_17249	doc_18098	1
q_17250	doc_18099	1
q_17251	doc_18100	1
q_17252	doc_18101	1
q_17253	doc_18102	1
q_17254	doc_18103	1
q_17255	doc_18104	1
q_17256	doc_18105	1
q_17257	doc_18106	1
q_17258	doc_18107	1
q_17259	doc_18108	1
q_17260	doc_18109	1
q_17261	doc_18110	1
q_17262	doc_18111	1
q_17263	doc_18112	1
q_17264	doc_18113	1
q_17265	doc_18114	1
q_17266	doc_18115	1
q_17267	doc_18116	1
q_17268	doc_18117	1
q_17269	doc_18118	1
q_17270	doc_18119	1
q_17271	doc_18120	1
q_17272	doc_18121	1
q_17273	doc_18122	1
q_17274	doc_18123	1
q_17275	doc_18124	1
q_17276	doc_18125	1
q_17277	doc_18126	1
q_17278	doc_18127	1
q_17279	doc_18128	1
q_17280	doc_18129	1
q_17281	doc_18130	1
q_17282	doc_18131	1
q_17283	doc_18132	1
q_17284	doc_18133	1
q_17285	doc_18134	1
q_17286	doc_18135	1
q_17287	doc_18136	1
q_17288	doc_18137	1
q_17289	doc_18138	1
q_17290	doc_18139	1
q_17291	doc_18140	1
q_17292	doc_18141	1
q_17293	doc_18142	1
q_17294	doc_18143	1
q_17295	doc_18144	1
q_17296	doc_18145	1
q_17297	doc_18146	1
q_17298	doc_18147	1
q_17299	doc_18148	1
q_17300	doc_18149	1
q_17301	doc_18150	1
q_17302	doc_18151	1
q_17303	doc_18152	1
q_17304	doc_18153	1
q_17305	doc_18154	1
q_17306	doc_18155	1
q_17307	doc_18156	1
q_17308	doc_18157	1
q_17309	doc_18158	1
q_17310	doc_18159	1
q_17311	doc_18160	1
q_17312	doc_18161	1
q_17313	doc_18162	1
q_17314	doc_18163	1
q_17315	doc_18164	1
q_17316	doc_18165	1
q_17317	doc_18166	1
q_17318	doc_18167	1
q_17319	doc_18168	1
q_17320	doc_18169	1
q_17321	doc_18170	1
q_17322	doc_18171	1
q_17323	doc_18172	1
q_17324	doc_18173	1
q_17325	doc_18174	1
q_17326	doc_18175	1
q_17327	doc_18176	1
q_17328	doc_18177	1
q_17329	doc_18178	1
q_17330	doc_18179	1
q_17331	doc_18180	1
q_17332	doc_18181	1
q_17333	doc_18182	1
q_17334	doc_18183	1
q_17335	doc_18185	1
q_17336	doc_18186	1
q_17337	doc_18187	1
q_17338	doc_18188	1
q_17339	doc_18189	1
q_17340	doc_18190	1
q_17341	doc_18191	1
q_17342	doc_18192	1
q_17343	doc_18193	1
q_17344	doc_18194	1
q_17345	doc_18195	1
q_17346	doc_18196	1
q_17347	doc_18197	1
q_17348	doc_18198	1
q_17349	doc_18199	1
q_17350	doc_18200	1
q_17351	doc_18201	1
q_17352	doc_18202	1
q_17353	doc_18203	1
q_17354	doc_18204	1
q_17355	doc_18206	1
q_17356	doc_18207	1
q_17357	doc_18208	1
q_17358	doc_18209	1
q_17359	doc_18210	1
q_17360	doc_18211	1
q_17361	doc_18212	1
q_17362	doc_18213	1
q_17363	doc_18214	1
q_17364	doc_18215	1
q_17365	doc_18216	1
q_17366	doc_18217	1
q_17367	doc_18218	1
q_17368	doc_18219	1
q_17369	doc_18220	1
q_17370	doc_18221	1
q_17371	doc_18222	1
q_17372	doc_18223	1
q_17373	doc_18224	1
q_17374	doc_18225	1
q_17375	doc_18226	1
q_17376	doc_18227	1
q_17377	doc_18228	1
q_17378	doc_18229	1
q_17379	doc_18230	1
q_17380	doc_18231	1
q_17381	doc_18232	1
q_17382	doc_18233	1
q_17383	doc_18234	1
q_17384	doc_18235	1
q_17385	doc_18236	1
q_17386	doc_18237	1
q_17387	doc_18238	1
q_17388	doc_18239	1
q_17389	doc_18240	1
q_17390	doc_18241	1
q_17391	doc_18242	1
q_17392	doc_18243	1
q_17393	doc_18244	1
q_17394	doc_18245	1
q_17395	doc_18246	1
q_17396	doc_18247	1
q_17397	doc_18248	1
q_17398	doc_18249	1
q_17399	doc_18250	1
q_17400	doc_18251	1
q_17401	doc_18252	1
q_17402	doc_18253	1
q_17403	doc_18254	1
q_17404	doc_18255	1
q_17405	doc_18256	1
q_17406	doc_18257	1
q_17407	doc_18258	1
q_17408	doc_18259	1
q_17409	doc_18260	1
q_17410	doc_18261	1
q_17411	doc_18262	1
q_17412	doc_18263	1
q_17413	doc_18264	1
q_17414	doc_18265	1
q_17415	doc_18266	1
q_17416	doc_18267	1
q_17417	doc_18268	1
q_17418	doc_18269	1
q_17419	doc_18270	1
q_17420	doc_18271	1
q_17421	doc_18272	1
q_17422	doc_18273	1
q_17423	doc_18274	1
q_17424	doc_18275	1
q_17425	doc_18276	1
q_17426	doc_18277	1
q_17427	doc_18278	1
q_17428	doc_18279	1
q_17429	doc_18280	1
q_17430	doc_18281	1
q_17431	doc_18282	1
q_17432	doc_18283	1
q_17433	doc_18284	1
q_17434	doc_18285	1
q_17435	doc_18286	1
q_17436	doc_18287	1
q_17437	doc_18288	1
q_17438	doc_18289	1
q_17439	doc_18290	1
q_17440	doc_18291	1
q_17441	doc_18292	1
q_17442	doc_18293	1
q_17443	doc_18294	1
q_17444	doc_18295	1
q_17445	doc_18296	1
q_17446	doc_18297	1
q_17447	doc_18298	1
q_17448	doc_18299	1
q_17449	doc_18300	1
q_17450	doc_18301	1
q_17451	doc_18302	1
q_17452	doc_18303	1
q_17453	doc_18304	1
q_17454	doc_18305	1
q_17455	doc_18306	1
q_17456	doc_18307	1
q_17457	doc_18308	1
q_17458	doc_18309	1
q_17459	doc_18310	1
q_17460	doc_18311	1
q_17461	doc_18312	1
q_17462	doc_18313	1
q_17463	doc_18314	1
q_17464	doc_18315	1
q_17465	doc_18316	1
q_17466	doc_18317	1
q_17467	doc_18318	1
q_17468	doc_18319	1
q_17469	doc_18320	1
q_17470	doc_18321	1
q_17471	doc_18322	1
q_17472	doc_18323	1
q_17473	doc_18324	1
q_17474	doc_18325	1
q_17475	doc_18326	1
q_17476	doc_18327	1
q_17477	doc_18328	1
q_17478	doc_18329	1
q_17479	doc_18330	1
q_17480	doc_18331	1
q_17481	doc_18332	1
q_17482	doc_18333	1
q_17483	doc_18334	1
q_17484	doc_18335	1
q_17485	doc_18336	1
q_17486	doc_18337	1
q_17487	doc_18338	1
q_17488	doc_18339	1
q_17489	doc_18340	1
q_17490	doc_18341	1
q_17491	doc_18342	1
q_17492	doc_18343	1
q_17493	doc_18344	1
q_17494	doc_18345	1
q_17495	doc_18346	1
q_17496	doc_18347	1
q_17497	doc_18348	1
q_17498	doc_18349	1
q_17499	doc_18350	1
q_17500	doc_18351	1
q_17501	doc_18352	1
q_17502	doc_18353	1
q_17503	doc_18354	1
q_17504	doc_18355	1
q_17505	doc_18356	1
q_17506	doc_18357	1
q_17507	doc_18358	1
q_17508	doc_18359	1
q_17509	doc_18360	1
q_17510	doc_18361	1
q_17511	doc_18362	1
q_17512	doc_18363	1
q_17513	doc_18364	1
q_17514	doc_18365	1
q_17515	doc_18366	1
q_17516	doc_18367	1
q_17517	doc_18368	1
q_17518	doc_18369	1
q_17519	doc_18370	1
q_17520	doc_18371	1
q_17521	doc_18372	1
q_17522	doc_18373	1
q_17523	doc_18374	1
q_17524	doc_18375	1
q_17525	doc_18376	1
q_17526	doc_18377	1
q_17527	doc_18378	1
q_17528	doc_18379	1
q_17529	doc_18380	1
q_17530	doc_18381	1
q_17531	doc_18382	1
q_17532	doc_18383	1
q_17533	doc_18384	1
q_17534	doc_18385	1
q_17535	doc_18386	1
q_17536	doc_18387	1
q_17537	doc_18388	1
q_17538	doc_18389	1
q_17539	doc_18390	1
q_17540	doc_18391	1
q_17541	doc_18392	1
q_17542	doc_18393	1
q_17543	doc_18394	1
q_17544	doc_18395	1
q_17545	doc_18396	1
q_17546	doc_18397	1
q_17547	doc_18398	1
q_17548	doc_18399	1
q_17549	doc_18400	1
q_17550	doc_18401	1
q_17551	doc_18402	1
q_17552	doc_18403	1
q_17553	doc_18404	1
q_17554	doc_18405	1
q_17555	doc_18406	1
q_17556	doc_18407	1
q_17557	doc_18408	1
q_17558	doc_18410	1
q_17559	doc_18411	1
q_17560	doc_18412	1
q_17561	doc_18413	1
q_17562	doc_18414	1
q_17563	doc_18415	1
q_17564	doc_18416	1
q_17565	doc_18417	1
q_17566	doc_18418	1
q_17567	doc_18419	1
q_17568	doc_18420	1
q_17569	doc_18421	1
q_17570	doc_18422	1
q_17571	doc_18423	1
q_17572	doc_18424	1
q_17573	doc_18425	1
q_17574	doc_18426	1
q_17575	doc_18427	1
q_17576	doc_18428	1
q_17577	doc_18429	1
q_17578	doc_18430	1
q_17579	doc_18431	1
q_17580	doc_18432	1
q_17581	doc_18433	1
q_17582	doc_18434	1
q_17583	doc_18435	1
q_17584	doc_18436	1
q_17585	doc_18437	1
q_17586	doc_18438	1
q_17587	doc_18439	1
q_17588	doc_18440	1
q_17589	doc_18441	1
q_17590	doc_18442	1
q_17591	doc_18443	1
q_17592	doc_18444	1
q_17593	doc_18445	1
q_17594	doc_18446	1
q_17595	doc_18447	1
q_17596	doc_18448	1
q_17597	doc_18449	1
q_17598	doc_18450	1
q_17599	doc_18451	1
q_17600	doc_18452	1
q_17601	doc_18453	1
q_17602	doc_18454	1
q_17603	doc_18455	1
q_17604	doc_18456	1
q_17605	doc_18457	1
q_17606	doc_18458	1
q_17607	doc_18459	1
q_17608	doc_18460	1
q_17609	doc_18461	1
q_17610	doc_18462	1
q_17611	doc_18463	1
q_17612	doc_18464	1
q_17613	doc_18465	1
q_17614	doc_18466	1
q_17615	doc_18467	1
q_17616	doc_18468	1
q_17617	doc_18469	1
q_17618	doc_18470	1
q_17619	doc_18471	1
q_17620	doc_18472	1
q_17621	doc_18473	1
q_17622	doc_18474	1
q_17623	doc_18475	1
q_17624	doc_18476	1
q_17625	doc_18477	1
q_17626	doc_18478	1
q_17627	doc_18479	1
q_17628	doc_18480	1
q_17629	doc_18481	1
q_17630	doc_18482	1
q_17631	doc_18483	1
q_17632	doc_18484	1
q_17633	doc_18485	1
q_17634	doc_18486	1
q_17635	doc_18487	1
q_17636	doc_18488	1
q_17637	doc_18489	1
q_17638	doc_18490	1
q_17639	doc_18492	1
q_17640	doc_18493	1
q_17641	doc_18494	1
q_17642	doc_18495	1
q_17643	doc_18496	1
q_17644	doc_18497	1
q_17645	doc_18498	1
q_17646	doc_18499	1
q_17647	doc_18500	1
q_17648	doc_18501	1
q_17649	doc_18502	1
q_17650	doc_18503	1
q_17651	doc_18504	1
q_17652	doc_18505	1
q_17653	doc_18506	1
q_17654	doc_18507	1
q_17655	doc_18508	1
q_17656	doc_18510	1
q_17657	doc_18511	1
q_17658	doc_18512	1
q_17659	doc_18513	1
q_17660	doc_18514	1
q_17661	doc_18515	1
q_17662	doc_18516	1
q_17663	doc_18517	1
q_17664	doc_18518	1
q_17665	doc_18519	1
q_17666	doc_18520	1
q_17667	doc_18521	1
q_17668	doc_18522	1
q_17669	doc_18523	1
q_17670	doc_18524	1
q_17671	doc_18525	1
q_17672	doc_18526	1
q_17673	doc_18527	1
q_17674	doc_18529	1
q_17675	doc_18530	1
q_17676	doc_18531	1
q_17677	doc_18532	1
q_17678	doc_18533	1
q_17679	doc_18534	1
q_17680	doc_18535	1
q_17681	doc_18536	1
q_17682	doc_18537	1
q_17683	doc_18538	1
q_17684	doc_18540	1
q_17685	doc_18541	1
q_17686	doc_18542	1
q_17687	doc_18543	1
q_17688	doc_18544	1
q_17689	doc_18545	1
q_17690	doc_18546	1
q_17691	doc_18547	1
q_17692	doc_18548	1
q_17693	doc_18549	1
q_17694	doc_18550	1
q_17695	doc_18551	1
q_17696	doc_18552	1
q_17697	doc_18553	1
q_17698	doc_18554	1
q_17699	doc_18555	1
q_17700	doc_18556	1
q_17701	doc_18557	1
q_17702	doc_18558	1
q_17703	doc_18559	1
q_17704	doc_18560	1
q_17705	doc_18561	1
q_17706	doc_18562	1
q_17707	doc_18563	1
q_17708	doc_18564	1
q_17709	doc_18565	1
q_17710	doc_18566	1
q_17711	doc_18567	1
q_17712	doc_18568	1
q_17713	doc_18569	1
q_17714	doc_18570	1
q_17715	doc_18571	1
q_17716	doc_18572	1
q_17717	doc_18573	1
q_17718	doc_18574	1
q_17719	doc_18575	1
q_17720	doc_18576	1
q_17721	doc_18577	1
q_17722	doc_18578	1
q_17723	doc_18579	1
q_17724	doc_18581	1
q_17725	doc_18582	1
q_17726	doc_18583	1
q_17727	doc_18584	1
q_17728	doc_18585	1
q_17729	doc_18586	1
q_17730	doc_18587	1
q_17731	doc_18588	1
q_17732	doc_18589	1
q_17733	doc_18590	1
q_17734	doc_18591	1
q_17735	doc_18592	1
q_17736	doc_18593	1
q_17737	doc_18594	1
q_17738	doc_18595	1
q_17739	doc_18596	1
q_17740	doc_18597	1
q_17741	doc_18598	1
q_17742	doc_18599	1
q_17743	doc_18600	1
q_17744	doc_18601	1
q_17745	doc_18602	1
q_17746	doc_18603	1
q_17747	doc_18604	1
q_17748	doc_18605	1
q_17749	doc_18606	1
q_17750	doc_18607	1
q_17751	doc_18608	1
q_17752	doc_18609	1
q_17753	doc_18610	1
q_17754	doc_18611	1
q_17755	doc_18612	1
q_17756	doc_18613	1
q_17757	doc_18614	1
q_17758	doc_18615	1
q_17759	doc_18616	1
q_17760	doc_18617	1
q_17761	doc_18618	1
q_17762	doc_18619	1
q_17763	doc_18620	1
q_17764	doc_18621	1
q_17765	doc_18622	1
q_17766	doc_18623	1
q_17767	doc_18624	1
q_17768	doc_18625	1
q_17769	doc_18626	1
q_17770	doc_18627	1
q_17771	doc_18628	1
q_17772	doc_18629	1
q_17773	doc_18630	1
q_17774	doc_18632	1
q_17775	doc_18633	1
q_17776	doc_18634	1
q_17777	doc_18635	1
q_17778	doc_18638	1
q_17779	doc_18639	1
q_17780	doc_18640	1
q_17781	doc_18641	1
q_17782	doc_18642	1
q_17783	doc_18643	1
q_17784	doc_18644	1
q_17785	doc_18645	1
q_17786	doc_18646	1
q_17787	doc_18647	1
q_17788	doc_18648	1
q_17789	doc_18649	1
q_17790	doc_18650	1
q_17791	doc_18651	1
q_17792	doc_18652	1
q_17793	doc_18653	1
q_17794	doc_18654	1
q_17795	doc_18655	1
q_17796	doc_18656	1
q_17797	doc_18657	1
q_17798	doc_18658	1
q_17799	doc_18659	1
q_17800	doc_18660	1
q_17801	doc_18661	1
q_17802	doc_18662	1
q_17803	doc_18663	1
q_17804	doc_18664	1
q_17805	doc_18665	1
q_17806	doc_18666	1
q_17807	doc_18667	1
q_17808	doc_18668	1
q_17809	doc_18669	1
q_17810	doc_18670	1
q_17811	doc_18671	1
q_17812	doc_18672	1
q_17813	doc_18673	1
q_17814	doc_18674	1
q_17815	doc_18678	1
q_17816	doc_18680	1
q_17817	doc_18681	1
q_17818	doc_18682	1
q_17819	doc_18686	1
q_17820	doc_18687	1
q_17821	doc_18689	1
q_17822	doc_14812	1
q_17823	doc_18690	1
q_17824	doc_18691	1
q_17825	doc_18693	1
q_17826	doc_18694	1
q_17827	doc_18695	1
q_17828	doc_18696	1
q_17829	doc_18698	1
q_17830	doc_18699	1
q_17831	doc_18701	1
q_17832	doc_18702	1
q_17833	doc_18703	1
q_17834	doc_18704	1
q_17835	doc_18705	1
q_17836	doc_18706	1
q_17837	doc_18710	1
q_17838	doc_18712	1
q_17839	doc_18714	1
q_17840	doc_18715	1
q_17841	doc_18716	1
q_17842	doc_18717	1
q_17843	doc_18718	1
q_17844	doc_18719	1
q_17845	doc_18720	1
q_17846	doc_18721	1
q_17847	doc_15348	1
q_17848	doc_18722	1
q_17849	doc_18723	1
q_17850	doc_18724	1
q_17851	doc_18725	1
q_17852	doc_15357	1
q_17853	doc_18726	1
q_17854	doc_18727	1
q_17855	doc_18728	1
q_17856	doc_18729	1
q_17857	doc_15366	1
q_17858	doc_18730	1
q_17859	doc_18732	1
q_17860	doc_18734	1
q_17861	doc_18736	1
q_17862	doc_18738	1
q_17863	doc_18739	1
q_17864	doc_18740	1
q_17865	doc_18741	1
q_17866	doc_18742	1
q_17867	doc_18743	1
q_17868	doc_18744	1
q_17869	doc_18745	1
q_17870	doc_15400	1
q_17871	doc_18746	1
q_17872	doc_18747	1
q_17873	doc_18748	1
q_17874	doc_18749	1
q_17875	doc_18750	1
q_17876	doc_18751	1
q_17877	doc_18752	1
q_17878	doc_18753	1
q_17879	doc_15418	1
q_17880	doc_18754	1
q_17881	doc_18755	1
q_17882	doc_18756	1
q_17883	doc_18757	1
q_17884	doc_15427	1
q_17885	doc_18758	1
q_17886	doc_18759	1
q_17887	doc_18760	1
q_17888	doc_18761	1
q_17889	doc_15436	1
q_17890	doc_18762	1
q_17891	doc_18763	1
q_17892	doc_18764	1
q_17893	doc_18765	1
q_17894	doc_15447	1
q_17895	doc_18766	1
q_17896	doc_18767	1
q_17897	doc_18769	1
q_17898	doc_15455	1
q_17899	doc_18770	1
q_17900	doc_18772	1
q_17901	doc_18774	1
q_17902	doc_18775	1
q_17903	doc_18776	1
q_17904	doc_18777	1
q_17905	doc_15472	1
q_17906	doc_18778	1
q_17907	doc_18779	1
q_17908	doc_18780	1
q_17909	doc_18781	1
q_17910	doc_15480	1
q_17911	doc_18782	1
q_17912	doc_18783	1
q_17913	doc_18784	1
q_17914	doc_18785	1
q_17915	doc_18786	1
q_17916	doc_18787	1
q_17917	doc_18788	1
q_17918	doc_18789	1
q_17919	doc_18790	1
q_17920	doc_18791	1
q_17921	doc_18792	1
q_17922	doc_18793	1
q_17923	doc_15489	1
q_17924	doc_18794	1
q_17925	doc_18795	1
q_17926	doc_18796	1
q_17927	doc_18797	1
q_17928	doc_15498	1
q_17929	doc_18798	1
q_17930	doc_18799	1
q_17931	doc_18800	1
q_17932	doc_18801	1
q_17933	doc_15507	1
q_17934	doc_18802	1
q_17935	doc_18803	1
q_17936	doc_18804	1
q_17937	doc_18805	1
q_17938	doc_15516	1
q_17939	doc_18806	1
q_17940	doc_18807	1
q_17941	doc_18808	1
q_17942	doc_18809	1
q_17943	doc_15525	1
q_17944	doc_18810	1
q_17945	doc_18812	1
q_17946	doc_18814	1
q_17947	doc_18815	1
q_17948	doc_18816	1
q_17949	doc_18817	1
q_17950	doc_15543	1
q_17951	doc_18818	1
q_17952	doc_18819	1
q_17953	doc_18820	1
q_17954	doc_18821	1
q_17955	doc_15552	1
q_17956	doc_18822	1
q_17957	doc_18823	1
q_17958	doc_18824	1
q_17959	doc_18825	1
q_17960	doc_18826	1
q_17961	doc_18827	1
q_17962	doc_18828	1
q_17963	doc_18829	1
q_17964	doc_18830	1
q_17965	doc_18831	1
q_17966	doc_18832	1
q_17967	doc_18833	1
q_17968	doc_18834	1
q_17969	doc_18835	1
q_17970	doc_18836	1
q_17971	doc_18837	1
q_17972	doc_15570	1
q_17973	doc_18838	1
q_17974	doc_18839	1
q_17975	doc_18840	1
q_17976	doc_18841	1
q_17977	doc_18842	1
q_17978	doc_18843	1
q_17979	doc_18844	1
q_17980	doc_18845	1
q_17981	doc_18846	1
q_17982	doc_18847	1
q_17983	doc_18848	1
q_17984	doc_18849	1
q_17985	doc_15579	1
q_17986	doc_18850	1
q_17987	doc_18851	1
q_17988	doc_18852	1
q_17989	doc_18853	1
q_17990	doc_15588	1
q_17991	doc_18854	1
q_17992	doc_18855	1
q_17993	doc_18856	1
q_17994	doc_18857	1
q_17995	doc_15597	1
q_17996	doc_18858	1
q_17997	doc_18859	1
q_17998	doc_18860	1
q_17999	doc_18861	1
q_18000	doc_15606	1
q_18001	doc_18862	1
q_18002	doc_18863	1
q_18003	doc_18864	1
q_18004	doc_18865	1
q_18005	doc_15615	1
q_18006	doc_18866	1
q_18007	doc_18867	1
q_18008	doc_18868	1
q_18009	doc_18869	1
q_18010	doc_15624	1
q_18011	doc_18870	1
q_18012	doc_18871	1
q_18013	doc_18872	1
q_18014	doc_18873	1
q_18015	doc_15633	1
q_18016	doc_18874	1
q_18017	doc_18875	1
q_18018	doc_18876	1
q_18019	doc_18877	1
q_18020	doc_15642	1
q_18021	doc_18878	1
q_18022	doc_18879	1
q_18023	doc_18880	1
q_18024	doc_18881	1
q_18025	doc_15651	1
q_18026	doc_18882	1
q_18027	doc_18884	1
q_18028	doc_18886	1
q_18029	doc_18888	1
q_18030	doc_18890	1
q_18031	doc_18891	1
q_18032	doc_18892	1
q_18033	doc_18893	1
q_18034	doc_15678	1
q_18035	doc_18894	1
q_18036	doc_18895	1
q_18037	doc_18896	1
q_18038	doc_18897	1
q_18039	doc_15687	1
q_18040	doc_18898	1
q_18041	doc_18899	1
q_18042	doc_18900	1
q_18043	doc_18901	1
q_18044	doc_15696	1
q_18045	doc_18902	1
q_18046	doc_18903	1
q_18047	doc_18904	1
q_18048	doc_18905	1
q_18049	doc_15705	1
q_18050	doc_18906	1
q_18051	doc_18907	1
q_18052	doc_18908	1
q_18053	doc_18909	1
q_18054	doc_15714	1
q_18055	doc_18910	1
q_18056	doc_18911	1
q_18057	doc_18912	1
q_18058	doc_18913	1
q_18059	doc_15723	1
q_18060	doc_18914	1
q_18061	doc_18915	1
q_18062	doc_18916	1
q_18063	doc_18917	1
q_18064	doc_15732	1
q_18065	doc_18918	1
q_18066	doc_18919	1
q_18067	doc_18920	1
q_18068	doc_18921	1
q_18069	doc_15741	1
q_18070	doc_18922	1
q_18071	doc_18923	1
q_18072	doc_18924	1
q_18073	doc_18925	1
q_18074	doc_18926	1
q_18075	doc_18927	1
q_18076	doc_18928	1
q_18077	doc_18929	1
q_18078	doc_18930	1
q_18079	doc_18931	1
q_18080	doc_18932	1
q_18081	doc_18933	1
q_18082	doc_15750	1
q_18083	doc_18934	1
q_18084	doc_18935	1
q_18085	doc_18936	1
q_18086	doc_18937	1
q_18087	doc_15759	1
q_18088	doc_18938	1
q_18089	doc_18939	1
q_18090	doc_18940	1
q_18091	doc_18941	1
q_18092	doc_15768	1
q_18093	doc_18942	1
q_18094	doc_18943	1
q_18095	doc_18944	1
q_18096	doc_18945	1
q_18097	doc_15777	1
q_18098	doc_18946	1
q_18099	doc_18947	1
q_18100	doc_18948	1
q_18101	doc_18949	1
q_18102	doc_15786	1
q_18103	doc_18950	1
q_18104	doc_18951	1
q_18105	doc_18952	1
q_18106	doc_18953	1
q_18107	doc_15795	1
q_18108	doc_18954	1
q_18109	doc_18955	1
q_18110	doc_18956	1
q_18111	doc_18957	1
q_18112	doc_15804	1
q_18113	doc_18958	1
q_18114	doc_18959	1
q_18115	doc_18960	1
q_18116	doc_18961	1
q_18117	doc_15813	1
q_18118	doc_18962	1
q_18119	doc_18963	1
q_18120	doc_18964	1
q_18121	doc_18965	1
q_18122	doc_15822	1
q_18123	doc_18966	1
q_18124	doc_18967	1
q_18125	doc_18968	1
q_18126	doc_18969	1
q_18127	doc_15831	1
q_18128	doc_18970	1
q_18129	doc_18971	1
q_18130	doc_18972	1
q_18131	doc_18973	1
q_18132	doc_15840	1
q_18133	doc_18974	1
q_18134	doc_18975	1
q_18135	doc_18976	1
q_18136	doc_18977	1
q_18137	doc_18978	1
q_18138	doc_18979	1
q_18139	doc_18980	1
q_18140	doc_18981	1
q_18141	doc_18982	1
q_18142	doc_18983	1
q_18143	doc_18984	1
q_18144	doc_18985	1
q_18145	doc_18986	1
q_18146	doc_18987	1
q_18147	doc_18988	1
q_18148	doc_18989	1
q_18149	doc_18990	1
q_18150	doc_18991	1
q_18151	doc_18992	1
q_18152	doc_18993	1
q_18153	doc_15849	1
q_18154	doc_18994	1
q_18155	doc_18995	1
q_18156	doc_18996	1
q_18157	doc_18997	1
q_18158	doc_15858	1
q_18159	doc_18998	1
q_18160	doc_18999	1
q_18161	doc_19000	1
q_18162	doc_19001	1
q_18163	doc_15867	1
q_18164	doc_19002	1
q_18165	doc_19003	1
q_18166	doc_19004	1
q_18167	doc_19005	1
q_18168	doc_15876	1
q_18169	doc_19006	1
q_18170	doc_19008	1
q_18171	doc_19010	1
q_18172	doc_19011	1
q_18173	doc_19012	1
q_18174	doc_19013	1
q_18175	doc_15894	1
q_18176	doc_19014	1
q_18177	doc_19015	1
q_18178	doc_19016	1
q_18179	doc_19017	1
q_18180	doc_15903	1
q_18181	doc_19018	1
q_18182	doc_19019	1
q_18183	doc_19020	1
q_18184	doc_19021	1
q_18185	doc_15912	1
q_18186	doc_19022	1
q_18187	doc_19023	1
q_18188	doc_19024	1
q_18189	doc_19025	1
q_18190	doc_15921	1
q_18191	doc_19026	1
q_18192	doc_19027	1
q_18193	doc_19028	1
q_18194	doc_19029	1
q_18195	doc_15930	1
q_18196	doc_19030	1
q_18197	doc_19031	1
q_18198	doc_19032	1
q_18199	doc_19033	1
q_18200	doc_15939	1
q_18201	doc_19034	1
q_18202	doc_19035	1
q_18203	doc_19036	1
q_18204	doc_19037	1
q_18205	doc_15948	1
q_18206	doc_19038	1
q_18207	doc_19039	1
q_18208	doc_19040	1
q_18209	doc_19041	1
q_18210	doc_15957	1
q_18211	doc_19042	1
q_18212	doc_19043	1
q_18213	doc_19044	1
q_18214	doc_19045	1
q_18215	doc_15966	1
q_18216	doc_19046	1
q_18217	doc_19047	1
q_18218	doc_19048	1
q_18219	doc_19049	1
q_18220	doc_15975	1
q_18221	doc_19050	1
q_18222	doc_19051	1
q_18223	doc_19052	1
q_18224	doc_19053	1
q_18225	doc_15984	1
q_18226	doc_19054	1
q_18227	doc_19055	1
q_18228	doc_19056	1
q_18229	doc_19057	1
q_18230	doc_15993	1
q_18231	doc_19058	1
q_18232	doc_19059	1
q_18233	doc_19060	1
q_18234	doc_19061	1
q_18235	doc_16002	1
q_18236	doc_19062	1
q_18237	doc_19063	1
q_18238	doc_19064	1
q_18239	doc_19065	1
q_18240	doc_16011	1
q_18241	doc_19066	1
q_18242	doc_19067	1
q_18243	doc_19068	1
q_18244	doc_19069	1
q_18245	doc_16020	1
q_18246	doc_19070	1
q_18247	doc_19071	1
q_18248	doc_19072	1
q_18249	doc_19073	1
q_18250	doc_16029	1
q_18251	doc_19074	1
q_18252	doc_19075	1
q_18253	doc_19076	1
q_18254	doc_19077	1
q_18255	doc_16038	1
q_18256	doc_19078	1
q_18257	doc_19079	1
q_18258	doc_19080	1
q_18259	doc_19081	1
q_18260	doc_16047	1
q_18261	doc_19082	1
q_18262	doc_19083	1
q_18263	doc_19084	1
q_18264	doc_19085	1
q_18265	doc_16056	1
q_18266	doc_19086	1
q_18267	doc_19087	1
q_18268	doc_19088	1
q_18269	doc_19089	1
q_18270	doc_16065	1
q_18271	doc_19090	1
q_18272	doc_19091	1
q_18273	doc_19092	1
q_18274	doc_19093	1
q_18275	doc_16074	1
q_18276	doc_19094	1
q_18277	doc_19095	1
q_18278	doc_19096	1
q_18279	doc_19097	1
q_18280	doc_16083	1
q_18281	doc_19098	1
q_18282	doc_19099	1
q_18283	doc_19100	1
q_18284	doc_19101	1
q_18285	doc_16092	1
q_18286	doc_19102	1
q_18287	doc_19103	1
q_18288	doc_19104	1
q_18289	doc_19105	1
q_18290	doc_16101	1
q_18291	doc_19106	1
q_18292	doc_19107	1
q_18293	doc_19108	1
q_18294	doc_19109	1
q_18295	doc_16110	1
q_18296	doc_19110	1
q_18297	doc_19111	1
q_18298	doc_19112	1
q_18299	doc_19113	1
q_18300	doc_16119	1
q_18301	doc_19114	1
q_18302	doc_19115	1
q_18303	doc_19116	1
q_18304	doc_19117	1
q_18305	doc_19118	1
q_18306	doc_19119	1
q_18307	doc_19120	1
q_18308	doc_19121	1
q_18309	doc_19122	1
q_18310	doc_19123	1
q_18311	doc_19124	1
q_18312	doc_19125	1
q_18313	doc_16128	1
q_18314	doc_19126	1
q_18315	doc_19127	1
q_18316	doc_19128	1
q_18317	doc_19129	1
q_18318	doc_19130	1
q_18319	doc_19131	1
q_18320	doc_19132	1
q_18321	doc_19133	1
q_18322	doc_19134	1
q_18323	doc_19135	1
q_18324	doc_19136	1
q_18325	doc_19137	1
q_18326	doc_16137	1
q_18327	doc_19138	1
q_18328	doc_19139	1
q_18329	doc_19140	1
q_18330	doc_19141	1
q_18331	doc_16146	1
q_18332	doc_19142	1
q_18333	doc_19143	1
q_18334	doc_19144	1
q_18335	doc_19145	1
q_18336	doc_16155	1
q_18337	doc_19146	1
q_18338	doc_19147	1
q_18339	doc_19148	1
q_18340	doc_19149	1
q_18341	doc_16164	1
q_18342	doc_19150	1
q_18343	doc_19151	1
q_18344	doc_19152	1
q_18345	doc_19153	1
q_18346	doc_16173	1
q_18347	doc_19154	1
q_18348	doc_19155	1
q_18349	doc_19156	1
q_18350	doc_19157	1
q_18351	doc_16182	1
q_18352	doc_19158	1
q_18353	doc_19159	1
q_18354	doc_19160	1
q_18355	doc_19161	1
q_18356	doc_16191	1
q_18357	doc_19162	1
q_18358	doc_19163	1
q_18359	doc_19164	1
q_18360	doc_19165	1
q_18361	doc_16200	1
q_18362	doc_19166	1
q_18363	doc_19167	1
q_18364	doc_19168	1
q_18365	doc_19169	1
q_18366	doc_19170	1
q_18367	doc_19171	1
q_18368	doc_19172	1
q_18369	doc_19173	1
q_18370	doc_19174	1
q_18371	doc_19175	1
q_18372	doc_19176	1
q_18373	doc_19177	1
q_18374	doc_16209	1
q_18375	doc_19178	1
q_18376	doc_19179	1
q_18377	doc_19180	1
q_18378	doc_19181	1
q_18379	doc_16218	1
q_18380	doc_19182	1
q_18381	doc_19183	1
q_18382	doc_19184	1
q_18383	doc_19185	1
q_18384	doc_16227	1
q_18385	doc_19186	1
q_18386	doc_19187	1
q_18387	doc_19188	1
q_18388	doc_19189	1
q_18389	doc_16236	1
q_18390	doc_19190	1
q_18391	doc_19191	1
q_18392	doc_19192	1
q_18393	doc_19193	1
q_18394	doc_16245	1
q_18395	doc_19194	1
q_18396	doc_19195	1
q_18397	doc_19196	1
q_18398	doc_19197	1
q_18399	doc_16254	1
q_18400	doc_19198	1
q_18401	doc_19199	1
q_18402	doc_19200	1
q_18403	doc_19201	1
q_18404	doc_19202	1
q_18405	doc_19203	1
q_18406	doc_19204	1
q_18407	doc_19205	1
q_18408	doc_16273	1
q_18409	doc_19206	1
q_18410	doc_19207	1
q_18411	doc_19208	1
q_18412	doc_19209	1
q_18413	doc_16282	1
q_18414	doc_19210	1
q_18415	doc_19211	1
q_18416	doc_19212	1
q_18417	doc_16291	1
q_18418	doc_19214	1
q_18419	doc_19215	1
q_18420	doc_19216	1
q_18421	doc_19217	1
q_18422	doc_16300	1
q_18423	doc_19218	1
q_18424	doc_19219	1
q_18425	doc_19220	1
q_18426	doc_19221	1
q_18427	doc_16309	1
q_18428	doc_19222	1
q_18429	doc_19223	1
q_18430	doc_19224	1
q_18431	doc_19225	1
q_18432	doc_16318	1
q_18433	doc_19226	1
q_18434	doc_19228	1
q_18435	doc_19229	1
q_18436	doc_19231	1
q_18437	doc_19232	1
q_18438	doc_19233	1
q_18439	doc_19234	1
q_18440	doc_19235	1
q_18441	doc_19236	1
q_18442	doc_19237	1
q_18443	doc_19238	1
q_18444	doc_19239	1
q_18445	doc_19240	1
q_18446	doc_19241	1
q_18447	doc_19242	1
q_18448	doc_19243	1
q_18449	doc_19244	1
q_18450	doc_19245	1
q_18451	doc_16327	1
q_18452	doc_19246	1
q_18453	doc_19247	1
q_18454	doc_19248	1
q_18455	doc_19249	1
q_18456	doc_16336	1
q_18457	doc_19250	1
q_18458	doc_19252	1
q_18459	doc_19254	1
q_18460	doc_19255	1
q_18461	doc_19256	1
q_18462	doc_19257	1
q_18463	doc_19258	1
q_18464	doc_19259	1
q_18465	doc_19260	1
q_18466	doc_19261	1
q_18467	doc_16363	1
q_18468	doc_19262	1
q_18469	doc_19263	1
q_18470	doc_19264	1
q_18471	doc_19265	1
q_18472	doc_16372	1
q_18473	doc_19266	1
q_18474	doc_19267	1
q_18475	doc_19268	1
q_18476	doc_19269	1
q_18477	doc_16381	1
q_18478	doc_19270	1
q_18479	doc_19271	1
q_18480	doc_19272	1
q_18481	doc_19273	1
q_18482	doc_16390	1
q_18483	doc_19274	1
q_18484	doc_19275	1
q_18485	doc_19276	1
q_18486	doc_19277	1
q_18487	doc_19278	1
q_18488	doc_19279	1
q_18489	doc_19280	1
q_18490	doc_19281	1
q_18491	doc_19282	1
q_18492	doc_19283	1
q_18493	doc_19284	1
q_18494	doc_19285	1
q_18495	doc_16399	1
q_18496	doc_19286	1
q_18497	doc_19287	1
q_18498	doc_19288	1
q_18499	doc_19289	1
q_18500	doc_16408	1
q_18501	doc_19290	1
q_18502	doc_19291	1
q_18503	doc_19292	1
q_18504	doc_19293	1
q_18505	doc_16417	1
q_18506	doc_19294	1
q_18507	doc_19295	1
q_18508	doc_19296	1
q_18509	doc_19297	1
q_18510	doc_19298	1
q_18511	doc_19299	1
q_18512	doc_19300	1
q_18513	doc_19301	1
q_18514	doc_19302	1
q_18515	doc_19303	1
q_18516	doc_19304	1
q_18517	doc_19305	1
q_18518	doc_16426	1
q_18519	doc_19306	1
q_18520	doc_19307	1
q_18521	doc_19308	1
q_18522	doc_19309	1
q_18523	doc_16435	1
q_18524	doc_19310	1
q_18525	doc_19311	1
q_18526	doc_19312	1
q_18527	doc_19313	1
q_18528	doc_16444	1
q_18529	doc_19314	1
q_18530	doc_19315	1
q_18531	doc_19316	1
q_18532	doc_19317	1
q_18533	doc_16453	1
q_18534	doc_19318	1
q_18535	doc_19319	1
q_18536	doc_19320	1
q_18537	doc_19321	1
q_18538	doc_16462	1
q_18539	doc_19322	1
q_18540	doc_19323	1
q_18541	doc_19324	1
q_18542	doc_19325	1
q_18543	doc_16471	1
q_18544	doc_19326	1
q_18545	doc_19327	1
q_18546	doc_19328	1
q_18547	doc_19329	1
q_18548	doc_16480	1
q_18549	doc_19330	1
q_18550	doc_19331	1
q_18551	doc_19332	1
q_18552	doc_19333	1
q_18553	doc_16489	1
q_18554	doc_19334	1
q_18555	doc_19336	1
q_18556	doc_19338	1
q_18557	doc_19339	1
q_18558	doc_19340	1
q_18559	doc_19341	1
q_18560	doc_19342	1
q_18561	doc_19343	1
q_18562	doc_19344	1
q_18563	doc_19345	1
q_18564	doc_19346	1
q_18565	doc_19347	1
q_18566	doc_19349	1
q_18567	doc_16506	1
q_18568	doc_19350	1
q_18569	doc_19351	1
q_18570	doc_19352	1
q_18571	doc_19353	1
q_18572	doc_16513	1
q_18573	doc_19354	1
q_18574	doc_19355	1
q_18575	doc_19356	1
q_18576	doc_19357	1
q_18577	doc_16522	1
q_18578	doc_19358	1
q_18579	doc_19359	1
q_18580	doc_19360	1
q_18581	doc_19361	1
q_18582	doc_16531	1
q_18583	doc_19362	1
q_18584	doc_19363	1
q_18585	doc_19364	1
q_18586	doc_19365	1
q_18587	doc_16540	1
q_18588	doc_19366	1
q_18589	doc_19367	1
q_18590	doc_19368	1
q_18591	doc_19369	1
q_18592	doc_16549	1
q_18593	doc_19370	1
q_18594	doc_19371	1
q_18595	doc_19372	1
q_18596	doc_19373	1
q_18597	doc_16558	1
q_18598	doc_19374	1
q_18599	doc_19375	1
q_18600	doc_19376	1
q_18601	doc_19377	1
q_18602	doc_16567	1
q_18603	doc_19378	1
q_18604	doc_19379	1
q_18605	doc_19380	1
q_18606	doc_19381	1
q_18607	doc_16576	1
q_18608	doc_19382	1
q_18609	doc_19383	1
q_18610	doc_19384	1
q_18611	doc_19385	1
q_18612	doc_16585	1
q_18613	doc_19386	1
q_18614	doc_19387	1
q_18615	doc_19388	1
q_18616	doc_19389	1
q_18617	doc_16594	1
q_18618	doc_19390	1
q_18619	doc_19391	1
q_18620	doc_19392	1
q_18621	doc_19393	1
q_18622	doc_16603	1
q_18623	doc_19394	1
q_18624	doc_19395	1
q_18625	doc_19396	1
q_18626	doc_19397	1
q_18627	doc_19398	1
q_18628	doc_19399	1
q_18629	doc_19400	1
q_18630	doc_19401	1
q_18631	doc_16621	1
q_18632	doc_19402	1
q_18633	doc_19403	1
q_18634	doc_19404	1
q_18635	doc_19405	1
q_18636	doc_16630	1
q_18637	doc_19406	1
q_18638	doc_19407	1
q_18639	doc_19408	1
q_18640	doc_19409	1
q_18641	doc_16639	1
q_18642	doc_19410	1
q_18643	doc_19411	1
q_18644	doc_19412	1
q_18645	doc_19413	1
q_18646	doc_16648	1
q_18647	doc_19414	1
q_18648	doc_19415	1
q_18649	doc_19417	1
q_18650	doc_16656	1
q_18651	doc_19418	1
q_18652	doc_19419	1
q_18653	doc_19421	1
q_18654	doc_16662	1
q_18655	doc_19422	1
q_18656	doc_19423	1
q_18657	doc_19424	1
q_18658	doc_19425	1
q_18659	doc_16669	1
q_18660	doc_19426	1
q_18661	doc_19427	1
q_18662	doc_19428	1
q_18663	doc_19429	1
q_18664	doc_19430	1
q_18665	doc_19431	1
q_18666	doc_19432	1
q_18667	doc_19433	1
q_18668	doc_19434	1
q_18669	doc_19435	1
q_18670	doc_19437	1
q_18671	doc_16677	1
q_18672	doc_19438	1
q_18673	doc_19439	1
q_18674	doc_19441	1
q_18675	doc_16683	1
q_18676	doc_19442	1
q_18677	doc_19443	1
q_18678	doc_19444	1
q_18679	doc_19445	1
q_18680	doc_16690	1
q_18681	doc_19446	1
q_18682	doc_19447	1
q_18683	doc_19448	1
q_18684	doc_19449	1
q_18685	doc_16699	1
q_18686	doc_19450	1
q_18687	doc_19451	1
q_18688	doc_19452	1
q_18689	doc_19453	1
q_18690	doc_16707	1
q_18691	doc_19454	1
q_18692	doc_19455	1
q_18693	doc_19456	1
q_18694	doc_19457	1
q_18695	doc_16715	1
q_18696	doc_19458	1
q_18697	doc_19459	1
q_18698	doc_19460	1
q_18699	doc_19461	1
q_18700	doc_16723	1
q_18701	doc_19462	1
q_18702	doc_19463	1
q_18703	doc_19464	1
q_18704	doc_19465	1
q_18705	doc_16731	1
q_18706	doc_19466	1
q_18707	doc_19467	1
q_18708	doc_19468	1
q_18709	doc_19469	1
q_18710	doc_16740	1
q_18711	doc_19470	1
q_18712	doc_19471	1
q_18713	doc_19472	1
q_18714	doc_19473	1
q_18715	doc_19474	1
q_18716	doc_19475	1
q_18717	doc_19476	1
q_18718	doc_19477	1
q_18719	doc_19478	1
q_18720	doc_19479	1
q_18721	doc_19480	1
q_18722	doc_19481	1
q_18723	doc_19482	1
q_18724	doc_19483	1
q_18725	doc_19484	1
q_18726	doc_19485	1
q_18727	doc_19486	1
q_18728	doc_19487	1
q_18729	doc_19488	1
q_18730	doc_19489	1
q_18731	doc_16749	1
q_18732	doc_19490	1
q_18733	doc_19491	1
q_18734	doc_19492	1
q_18735	doc_19493	1
q_18736	doc_16758	1
q_18737	doc_19494	1
q_18738	doc_19495	1
q_18739	doc_19496	1
q_18740	doc_19497	1
q_18741	doc_16767	1
q_18742	doc_19498	1
q_18743	doc_19499	1
q_18744	doc_19500	1
q_18745	doc_19501	1
q_18746	doc_16776	1
q_18747	doc_19502	1
q_18748	doc_19503	1
q_18749	doc_19504	1
q_18750	doc_19505	1
q_18751	doc_16785	1
q_18752	doc_19506	1
q_18753	doc_19507	1
q_18754	doc_19508	1
q_18755	doc_19509	1
q_18756	doc_16794	1
q_18757	doc_19510	1
q_18758	doc_19511	1
q_18759	doc_19512	1
q_18760	doc_19513	1
q_18761	doc_16803	1
q_18762	doc_19514	1
q_18763	doc_19515	1
q_18764	doc_19516	1
q_18765	doc_19517	1
q_18766	doc_16812	1
q_18767	doc_19518	1
q_18768	doc_19519	1
q_18769	doc_19520	1
q_18770	doc_19521	1
q_18771	doc_16821	1
q_18772	doc_19522	1
q_18773	doc_19523	1
q_18774	doc_19524	1
q_18775	doc_19525	1
q_18776	doc_16830	1
q_18777	doc_19526	1
q_18778	doc_19527	1
q_18779	doc_19528	1
q_18780	doc_19529	1
q_18781	doc_16839	1
q_18782	doc_19530	1
q_18783	doc_19531	1
q_18784	doc_19532	1
q_18785	doc_19533	1
q_18786	doc_16848	1
q_18787	doc_19534	1
q_18788	doc_19535	1
q_18789	doc_19536	1
q_18790	doc_19537	1
q_18791	doc_16857	1
q_18792	doc_19538	1
q_18793	doc_19539	1
q_18794	doc_19540	1
q_18795	doc_19541	1
q_18796	doc_16866	1
q_18797	doc_19542	1
q_18798	doc_19543	1
q_18799	doc_19544	1
q_18800	doc_19545	1
q_18801	doc_16875	1
q_18802	doc_19546	1
q_18803	doc_19547	1
q_18804	doc_19548	1
q_18805	doc_19549	1
q_18806	doc_16884	1
q_18807	doc_19550	1
q_18808	doc_19551	1
q_18809	doc_19552	1
q_18810	doc_19553	1
q_18811	doc_16893	1
q_18812	doc_19554	1
q_18813	doc_19555	1
q_18814	doc_19556	1
q_18815	doc_19557	1
q_18816	doc_16902	1
q_18817	doc_19558	1
q_18818	doc_19559	1
q_18819	doc_19560	1
q_18820	doc_19561	1
q_18821	doc_16911	1
q_18822	doc_19562	1
q_18823	doc_19563	1
q_18824	doc_19564	1
q_18825	doc_19565	1
q_18826	doc_19566	1
q_18827	doc_19567	1
q_18828	doc_19568	1
q_18829	doc_19569	1
q_18830	doc_19570	1
q_18831	doc_19571	1
q_18832	doc_19572	1
q_18833	doc_19573	1
q_18834	doc_16920	1
q_18835	doc_19574	1
q_18836	doc_19575	1
q_18837	doc_19576	1
q_18838	doc_19577	1
q_18839	doc_16929	1
q_18840	doc_19578	1
q_18841	doc_19579	1
q_18842	doc_19580	1
q_18843	doc_19581	1
q_18844	doc_16938	1
q_18845	doc_19582	1
q_18846	doc_19583	1
q_18847	doc_19584	1
q_18848	doc_19585	1
q_18849	doc_16947	1
q_18850	doc_19586	1
q_18851	doc_19587	1
q_18852	doc_19588	1
q_18853	doc_19589	1
q_18854	doc_16956	1
q_18855	doc_19590	1
q_18856	doc_19591	1
q_18857	doc_19592	1
q_18858	doc_19593	1
q_18859	doc_16965	1
q_18860	doc_19594	1
q_18861	doc_19595	1
q_18862	doc_19596	1
q_18863	doc_19597	1
q_18864	doc_16974	1
q_18865	doc_19598	1
q_18866	doc_19599	1
q_18867	doc_19600	1
q_18868	doc_19601	1
q_18869	doc_16983	1
q_18870	doc_19602	1
q_18871	doc_19603	1
q_18872	doc_19604	1
q_18873	doc_19605	1
q_18874	doc_16992	1
q_18875	doc_19606	1
q_18876	doc_19607	1
q_18877	doc_19608	1
q_18878	doc_19609	1
q_18879	doc_17001	1
q_18880	doc_19610	1
q_18881	doc_19611	1
q_18882	doc_19612	1
q_18883	doc_19613	1
q_18884	doc_17010	1
q_18885	doc_19614	1
q_18886	doc_19615	1
q_18887	doc_19616	1
q_18888	doc_19617	1
q_18889	doc_17019	1
q_18890	doc_19618	1
q_18891	doc_19619	1
q_18892	doc_19620	1
q_18893	doc_19621	1
q_18894	doc_19622	1
q_18895	doc_19623	1
q_18896	doc_19624	1
q_18897	doc_19625	1
q_18898	doc_19626	1
q_18899	doc_19627	1
q_18900	doc_19628	1
q_18901	doc_19629	1
q_18902	doc_17028	1
q_18903	doc_19630	1
q_18904	doc_19631	1
q_18905	doc_19632	1
q_18906	doc_19633	1
q_18907	doc_19634	1
q_18908	doc_19635	1
q_18909	doc_19636	1
q_18910	doc_19637	1
q_18911	doc_19638	1
q_18912	doc_19639	1
q_18913	doc_19640	1
q_18914	doc_19641	1
q_18915	doc_17037	1
q_18916	doc_19642	1
q_18917	doc_19643	1
q_18918	doc_19644	1
q_18919	doc_19645	1
q_18920	doc_17046	1
q_18921	doc_19646	1
q_18922	doc_19647	1
q_18923	doc_19648	1
q_18924	doc_19649	1
q_18925	doc_17055	1
q_18926	doc_19650	1
q_18927	doc_19651	1
q_18928	doc_19652	1
q_18929	doc_19653	1
q_18930	doc_17064	1
q_18931	doc_19654	1
q_18932	doc_19655	1
q_18933	doc_19656	1
q_18934	doc_19657	1
q_18935	doc_17073	1
q_18936	doc_19658	1
q_18937	doc_19659	1
q_18938	doc_19660	1
q_18939	doc_19661	1
q_18940	doc_17082	1
q_18941	doc_19662	1
q_18942	doc_19663	1
q_18943	doc_19664	1
q_18944	doc_19665	1
q_18945	doc_17091	1
q_18946	doc_19666	1
q_18947	doc_19667	1
q_18948	doc_19668	1
q_18949	doc_19669	1
q_18950	doc_17100	1
q_18951	doc_19670	1
q_18952	doc_19671	1
q_18953	doc_19672	1
q_18954	doc_19673	1
q_18955	doc_17109	1
q_18956	doc_19674	1
q_18957	doc_19675	1
q_18958	doc_19676	1
q_18959	doc_19677	1
q_18960	doc_17118	1
q_18961	doc_19678	1
q_18962	doc_19679	1
q_18963	doc_19680	1
q_18964	doc_19681	1
q_18965	doc_17127	1
q_18966	doc_19682	1
q_18967	doc_19683	1
q_18968	doc_19684	1
q_18969	doc_19685	1
q_18970	doc_17136	1
q_18971	doc_19686	1
q_18972	doc_19687	1
q_18973	doc_19688	1
q_18974	doc_19689	1
q_18975	doc_17145	1
q_18976	doc_19690	1
q_18977	doc_19691	1
q_18978	doc_19692	1
q_18979	doc_19693	1
q_18980	doc_17154	1
q_18981	doc_19694	1
q_18982	doc_19695	1
q_18983	doc_19696	1
q_18984	doc_19697	1
q_18985	doc_17163	1
q_18986	doc_19698	1
q_18987	doc_19699	1
q_18988	doc_19700	1
q_18989	doc_19701	1
q_18990	doc_19702	1
q_18991	doc_19703	1
q_18992	doc_19704	1
q_18993	doc_19705	1
q_18994	doc_19706	1
q_18995	doc_19707	1
q_18996	doc_19708	1
q_18997	doc_19709	1
q_18998	doc_17173	1
q_18999	doc_19710	1
q_19000	doc_19711	1
q_19001	doc_19712	1
q_19002	doc_19713	1
q_19003	doc_17182	1
q_19004	doc_19714	1
q_19005	doc_19715	1
q_19006	doc_19716	1
q_19007	doc_19717	1
q_19008	doc_19718	1
q_19009	doc_19719	1
q_19010	doc_19720	1
q_19011	doc_19721	1
q_19012	doc_19722	1
q_19013	doc_19723	1
q_19014	doc_19724	1
q_19015	doc_19725	1
q_19016	doc_17191	1
q_19017	doc_19726	1
q_19018	doc_19727	1
q_19019	doc_19728	1
q_19020	doc_19729	1
q_19021	doc_17200	1
q_19022	doc_19730	1
q_19023	doc_19731	1
q_19024	doc_19732	1
q_19025	doc_19733	1
q_19026	doc_17209	1
q_19027	doc_19734	1
q_19028	doc_19735	1
q_19029	doc_19736	1
q_19030	doc_19737	1
q_19031	doc_17218	1
q_19032	doc_19738	1
q_19033	doc_19739	1
q_19034	doc_19740	1
q_19035	doc_19741	1
q_19036	doc_19742	1
q_19037	doc_19743	1
q_19038	doc_19744	1
q_19039	doc_19745	1
q_19040	doc_19746	1
q_19041	doc_19747	1
q_19042	doc_19748	1
q_19043	doc_19749	1
q_19044	doc_17227	1
q_19045	doc_19750	1
q_19046	doc_19751	1
q_19047	doc_19752	1
q_19048	doc_19753	1
q_19049	doc_17236	1
q_19050	doc_19754	1
q_19051	doc_19755	1
q_19052	doc_19756	1
q_19053	doc_19757	1
q_19054	doc_17245	1
q_19055	doc_19758	1
q_19056	doc_19759	1
q_19057	doc_19760	1
q_19058	doc_19761	1
q_19059	doc_17254	1
q_19060	doc_19762	1
q_19061	doc_19763	1
q_19062	doc_19764	1
q_19063	doc_19765	1
q_19064	doc_19766	1
q_19065	doc_19767	1
q_19066	doc_19768	1
q_19067	doc_19769	1
q_19068	doc_19770	1
q_19069	doc_19771	1
q_19070	doc_19772	1
q_19071	doc_19773	1
q_19072	doc_17263	1
q_19073	doc_19774	1
q_19074	doc_19775	1
q_19075	doc_19776	1
q_19076	doc_19777	1
q_19077	doc_17272	1
q_19078	doc_19778	1
q_19079	doc_19779	1
q_19080	doc_19780	1
q_19081	doc_19781	1
q_19082	doc_17281	1
q_19083	doc_19782	1
q_19084	doc_19783	1
q_19085	doc_19784	1
q_19086	doc_19785	1
q_19087	doc_17290	1
q_19088	doc_19786	1
q_19089	doc_19787	1
q_19090	doc_19788	1
q_19091	doc_19789	1
q_19092	doc_17299	1
q_19093	doc_19790	1
q_19094	doc_19791	1
q_19095	doc_19792	1
q_19096	doc_19793	1
q_19097	doc_17308	1
q_19098	doc_19794	1
q_19099	doc_19795	1
q_19100	doc_19796	1
q_19101	doc_19797	1
q_19102	doc_17317	1
q_19103	doc_19798	1
q_19104	doc_19799	1
q_19105	doc_19800	1
q_19106	doc_19801	1
q_19107	doc_17326	1
q_19108	doc_19802	1
q_19109	doc_19803	1
q_19110	doc_19804	1
q_19111	doc_19805	1
q_19112	doc_17335	1
q_19113	doc_19806	1
q_19114	doc_19807	1
q_19115	doc_19808	1
q_19116	doc_19809	1
q_19117	doc_17344	1
q_19118	doc_19810	1
q_19119	doc_19812	1
q_19120	doc_19814	1
q_19121	doc_19815	1
q_19122	doc_19816	1
q_19123	doc_19817	1
q_19124	doc_19818	1
q_19125	doc_19819	1
q_19126	doc_19820	1
q_19127	doc_19821	1
q_19128	doc_19822	1
q_19129	doc_19823	1
q_19130	doc_19824	1
q_19131	doc_19825	1
q_19132	doc_17362	1
q_19133	doc_19826	1
q_19134	doc_19827	1
q_19135	doc_19828	1
q_19136	doc_19829	1
q_19137	doc_17371	1
q_19138	doc_19830	1
q_19139	doc_19832	1
q_19140	doc_19833	1
q_19141	doc_19835	1
q_19142	doc_19836	1
q_19143	doc_19837	1
q_19144	doc_19838	1
q_19145	doc_19840	1
q_19146	doc_19842	1
q_19147	doc_19843	1
q_19148	doc_19844	1
q_19149	doc_19845	1
q_19150	doc_17389	1
q_19151	doc_19846	1
q_19152	doc_19848	1
q_19153	doc_19850	1
q_19154	doc_19851	1
q_19155	doc_19852	1
q_19156	doc_19853	1
q_19157	doc_17407	1
q_19158	doc_19854	1
q_19159	doc_19855	1
q_19160	doc_19856	1
q_19161	doc_19857	1
q_19162	doc_19858	1
q_19163	doc_19859	1
q_19164	doc_19860	1
q_19165	doc_19861	1
q_19166	doc_19862	1
q_19167	doc_19864	1
q_19168	doc_19866	1
q_19169	doc_19868	1
q_19170	doc_19870	1
q_19171	doc_19871	1
q_19172	doc_19872	1
q_19173	doc_19873	1
q_19174	doc_17434	1
q_19175	doc_19874	1
q_19176	doc_19875	1
q_19177	doc_19877	1
q_19178	doc_17442	1
q_19179	doc_19878	1
q_19180	doc_19879	1
q_19181	doc_19880	1
q_19182	doc_19881	1
q_19183	doc_17449	1
q_19184	doc_19882	1
q_19185	doc_19883	1
q_19186	doc_19884	1
q_19187	doc_19885	1
q_19188	doc_17458	1
q_19189	doc_19886	1
q_19190	doc_19887	1
q_19191	doc_19888	1
q_19192	doc_19889	1
q_19193	doc_17467	1
q_19194	doc_19890	1
q_19195	doc_19891	1
q_19196	doc_19892	1
q_19197	doc_19893	1
q_19198	doc_17476	1
q_19199	doc_19894	1
q_19200	doc_19895	1
q_19201	doc_19896	1
q_19202	doc_19897	1
q_19203	doc_17485	1
q_19204	doc_19898	1
q_19205	doc_19899	1
q_19206	doc_19900	1
q_19207	doc_19901	1
q_19208	doc_17494	1
q_19209	doc_19902	1
q_19210	doc_19903	1
q_19211	doc_19904	1
q_19212	doc_19905	1
q_19213	doc_17503	1
q_19214	doc_19906	1
q_19215	doc_19907	1
q_19216	doc_19908	1
q_19217	doc_19909	1
q_19218	doc_17512	1
q_19219	doc_19910	1
q_19220	doc_19911	1
q_19221	doc_19912	1
q_19222	doc_19913	1
q_19223	doc_17521	1
q_19224	doc_19914	1
q_19225	doc_19915	1
q_19226	doc_19916	1
q_19227	doc_19917	1
q_19228	doc_17530	1
q_19229	doc_19918	1
q_19230	doc_19919	1
q_19231	doc_19920	1
q_19232	doc_19921	1
q_19233	doc_17539	1
q_19234	doc_19922	1
q_19235	doc_19923	1
q_19236	doc_19924	1
q_19237	doc_19925	1
q_19238	doc_17548	1
q_19239	doc_19926	1
q_19240	doc_19927	1
q_19241	doc_19928	1
q_19242	doc_19929	1
q_19243	doc_17557	1
q_19244	doc_19930	1
q_19245	doc_19931	1
q_19246	doc_19932	1
q_19247	doc_19933	1
q_19248	doc_17566	1
q_19249	doc_19934	1
q_19250	doc_19935	1
q_19251	doc_19936	1
q_19252	doc_19937	1
q_19253	doc_17575	1
q_19254	doc_19938	1
q_19255	doc_19939	1
q_19256	doc_19940	1
q_19257	doc_19941	1
q_19258	doc_17584	1
q_19259	doc_19942	1
q_19260	doc_19943	1
q_19261	doc_19944	1
q_19262	doc_19945	1
q_19263	doc_19946	1
q_19264	doc_19947	1
q_19265	doc_19948	1
q_19266	doc_19949	1
q_19267	doc_19950	1
q_19268	doc_19951	1
q_19269	doc_19952	1
q_19270	doc_19953	1
q_19271	doc_17593	1
q_19272	doc_19954	1
q_19273	doc_19955	1
q_19274	doc_19956	1
q_19275	doc_19957	1
q_19276	doc_17602	1
q_19277	doc_19958	1
q_19278	doc_19959	1
q_19279	doc_19960	1
q_19280	doc_19961	1
q_19281	doc_17611	1
q_19282	doc_19962	1
q_19283	doc_19963	1
q_19284	doc_19964	1
q_19285	doc_19965	1
q_19286	doc_17620	1
q_19287	doc_19966	1
q_19288	doc_19967	1
q_19289	doc_19968	1
q_19290	doc_19969	1
q_19291	doc_17629	1
q_19292	doc_19970	1
q_19293	doc_19971	1
q_19294	doc_19972	1
q_19295	doc_19973	1
q_19296	doc_17638	1
q_19297	doc_19974	1
q_19298	doc_19975	1
q_19299	doc_19976	1
q_19300	doc_19977	1
q_19301	doc_17647	1
q_19302	doc_19978	1
q_19303	doc_19979	1
q_19304	doc_19980	1
q_19305	doc_19981	1
q_19306	doc_17656	1
q_19307	doc_19982	1
q_19308	doc_19983	1
q_19309	doc_19984	1
q_19310	doc_19985	1
q_19311	doc_19986	1
q_19312	doc_19987	1
q_19313	doc_19988	1
q_19314	doc_19989	1
q_19315	doc_17674	1
q_19316	doc_19990	1
q_19317	doc_19991	1
q_19318	doc_19992	1
q_19319	doc_19993	1
q_19320	doc_19994	1
q_19321	doc_19995	1
q_19322	doc_19996	1
q_19323	doc_19997	1
q_19324	doc_17692	1
q_19325	doc_19998	1
q_19326	doc_19999	1
q_19327	doc_20000	1
q_19328	doc_20001	1
q_19329	doc_20002	1
q_19330	doc_20003	1
q_19331	doc_20004	1
q_19332	doc_20005	1
q_19333	doc_20006	1
q_19334	doc_20007	1
q_19335	doc_20008	1
q_19336	doc_20009	1
q_19337	doc_17701	1
q_19338	doc_20010	1
q_19339	doc_20011	1
q_19340	doc_20012	1
q_19341	doc_20013	1
q_19342	doc_17710	1
q_19343	doc_20014	1
q_19344	doc_20015	1
q_19345	doc_20016	1
q_19346	doc_20017	1
q_19347	doc_17719	1
q_19348	doc_20018	1
q_19349	doc_20019	1
q_19350	doc_20020	1
q_19351	doc_20021	1
q_19352	doc_20022	1
q_19353	doc_20023	1
q_19354	doc_20024	1
q_19355	doc_20025	1
q_19356	doc_20026	1
q_19357	doc_20027	1
q_19358	doc_20028	1
q_19359	doc_20029	1
q_19360	doc_20030	1
q_19361	doc_20031	1
q_19362	doc_20032	1
q_19363	doc_20033	1
q_19364	doc_20034	1
q_19365	doc_20035	1
q_19366	doc_20036	1
q_19367	doc_20037	1
q_19368	doc_20038	1
q_19369	doc_20039	1
q_19370	doc_20040	1
q_19371	doc_20041	1
q_19372	doc_20042	1
q_19373	doc_20044	1
q_19374	doc_20046	1
q_19375	doc_20047	1
q_19376	doc_20048	1
q_19377	doc_20049	1
q_19378	doc_17737	1
q_19379	doc_20050	1
q_19380	doc_20052	1
q_19381	doc_20054	1
q_19382	doc_20055	1
q_19383	doc_20056	1
q_19384	doc_20057	1
q_19385	doc_17755	1
q_19386	doc_20058	1
q_19387	doc_20059	1
q_19388	doc_20060	1
q_19389	doc_20061	1
q_19390	doc_17764	1
q_19391	doc_20062	1
q_19392	doc_20063	1
q_19393	doc_20064	1
q_19394	doc_20065	1
q_19395	doc_17773	1
q_19396	doc_20066	1
q_19397	doc_20067	1
q_19398	doc_20068	1
q_19399	doc_20069	1
q_19400	doc_17782	1
q_19401	doc_20070	1
q_19402	doc_20071	1
q_19403	doc_20072	1
q_19404	doc_20073	1
q_19405	doc_17791	1
q_19406	doc_20074	1
q_19407	doc_20075	1
q_19408	doc_20076	1
q_19409	doc_20077	1
q_19410	doc_17800	1
q_19411	doc_20078	1
q_19412	doc_20079	1
q_19413	doc_20080	1
q_19414	doc_20081	1
q_19415	doc_17809	1
q_19416	doc_20082	1
q_19417	doc_20083	1
q_19418	doc_20084	1
q_19419	doc_20085	1
q_19420	doc_20086	1
q_19421	doc_20087	1
q_19422	doc_20088	1
q_19423	doc_20089	1
q_19424	doc_17827	1
q_19425	doc_20090	1
q_19426	doc_20091	1
q_19427	doc_20092	1
q_19428	doc_20093	1
q_19429	doc_17836	1
q_19430	doc_20094	1
q_19431	doc_20095	1
q_19432	doc_20096	1
q_19433	doc_20097	1
q_19434	doc_17845	1
q_19435	doc_20098	1
q_19436	doc_20099	1
q_19437	doc_20100	1
q_19438	doc_20101	1
q_19439	doc_17854	1
q_19440	doc_20102	1
q_19441	doc_20104	1
q_19442	doc_20105	1
q_19443	doc_20107	1
q_19444	doc_20108	1
q_19445	doc_20109	1
q_19446	doc_20110	1
q_19447	doc_20111	1
q_19448	doc_20112	1
q_19449	doc_20113	1
q_19450	doc_20114	1
q_19451	doc_20115	1
q_19452	doc_20116	1
q_19453	doc_20117	1
q_19454	doc_20118	1
q_19455	doc_20119	1
q_19456	doc_20120	1
q_19457	doc_20121	1
q_19458	doc_17863	1
q_19459	doc_20122	1
q_19460	doc_20123	1
q_19461	doc_20124	1
q_19462	doc_20125	1
q_19463	doc_17872	1
q_19464	doc_20126	1
q_19465	doc_20127	1
q_19466	doc_20128	1
q_19467	doc_20129	1
q_19468	doc_17881	1
q_19469	doc_20130	1
q_19470	doc_20131	1
q_19471	doc_20132	1
q_19472	doc_20133	1
q_19473	doc_17890	1
q_19474	doc_20134	1
q_19475	doc_20135	1
q_19476	doc_20136	1
q_19477	doc_20137	1
q_19478	doc_17899	1
q_19479	doc_20138	1
q_19480	doc_20139	1
q_19481	doc_20141	1
q_19482	doc_17907	1
q_19483	doc_20142	1
q_19484	doc_20143	1
q_19485	doc_20145	1
q_19486	doc_20146	1
q_19487	doc_20147	1
q_19488	doc_20148	1
q_19489	doc_20149	1
q_19490	doc_20150	1
q_19491	doc_20152	1
q_19492	doc_20153	1
q_19493	doc_20154	1
q_19494	doc_20155	1
q_19495	doc_20156	1
q_19496	doc_20157	1
q_19497	doc_20158	1
q_19498	doc_20159	1
q_19499	doc_20163	1
q_19500	doc_20165	1
q_19501	doc_20166	1
q_19502	doc_20168	1
q_19503	doc_20171	1
q_19504	doc_20172	1
q_19505	doc_20178	1
q_19506	doc_20179	1
q_19507	doc_20180	1
q_19508	doc_20181	1
q_19509	doc_20182	1
q_19510	doc_20183	1
q_19511	doc_20184	1
q_19512	doc_20185	1
q_19513	doc_20186	1
q_19514	doc_20187	1
q_19515	doc_20190	1
q_19516	doc_20191	1
q_19517	doc_20194	1
q_19518	doc_20195	1
q_19519	doc_20196	1
q_19520	doc_20197	1
q_19521	doc_20198	1
q_19522	doc_20199	1
q_19523	doc_20200	1
q_19524	doc_20201	1
q_19525	doc_20202	1
q_19526	doc_20203	1
q_19527	doc_20204	1
q_19528	doc_20205	1
q_19529	doc_20206	1
q_19530	doc_20207	1
q_19531	doc_20208	1
q_19532	doc_20209	1
q_19533	doc_20210	1
q_19534	doc_20211	1
q_19535	doc_20214	1
q_19536	doc_20215	1
q_19537	doc_20216	1
q_19538	doc_20217	1
q_19539	doc_20218	1
q_19540	doc_20219	1
q_19541	doc_20220	1
q_19542	doc_20221	1
q_19543	doc_20222	1
q_19544	doc_20223	1
q_19545	doc_20224	1
q_19546	doc_20225	1
q_19547	doc_20226	1
q_19548	doc_20227	1
q_19549	doc_20228	1
q_19550	doc_20229	1
q_19551	doc_20232	1
q_19552	doc_20233	1
q_19553	doc_20234	1
q_19554	doc_20235	1
q_19555	doc_20236	1
q_19556	doc_20238	1
q_19557	doc_20239	1
q_19558	doc_20240	1
q_19559	doc_20241	1
q_19560	doc_20242	1
q_19561	doc_20243	1
q_19562	doc_20244	1
q_19563	doc_20245	1
q_19564	doc_20246	1
q_19565	doc_20247	1
q_19566	doc_20248	1
q_19567	doc_20249	1
q_19568	doc_20250	1
q_19569	doc_20251	1
q_19570	doc_20252	1
q_19571	doc_20253	1
q_19572	doc_20254	1
q_19573	doc_20255	1
q_19574	doc_20256	1
q_19575	doc_20257	1
q_19576	doc_20258	1
q_19577	doc_20259	1
q_19578	doc_20260	1
q_19579	doc_20261	1
q_19580	doc_20266	1
q_19581	doc_20267	1
q_19582	doc_20268	1
q_19583	doc_20269	1
q_19584	doc_20270	1
q_19585	doc_20271	1
q_19586	doc_20272	1
q_19587	doc_20273	1
q_19588	doc_20274	1
q_19589	doc_20275	1
q_19590	doc_20276	1
q_19591	doc_20277	1
q_19592	doc_20278	1
q_19593	doc_20279	1
q_19594	doc_20280	1
q_19595	doc_20281	1
q_19596	doc_20282	1
q_19597	doc_20283	1
q_19598	doc_20284	1
q_19599	doc_20285	1
q_19600	doc_20286	1
q_19601	doc_20287	1
q_19602	doc_20288	1
q_19603	doc_20289	1
q_19604	doc_20290	1
q_19605	doc_20291	1
q_19606	doc_20292	1
q_19607	doc_20293	1
q_19608	doc_20294	1
q_19609	doc_20295	1
q_19610	doc_20296	1
q_19611	doc_20297	1
q_19612	doc_20298	1
q_19613	doc_20299	1
q_19614	doc_20300	1
q_19615	doc_20301	1
q_19616	doc_20302	1
q_19617	doc_20303	1
q_19618	doc_20304	1
q_19619	doc_20305	1
q_19620	doc_20306	1
q_19621	doc_20307	1
q_19622	doc_20308	1
q_19623	doc_20309	1
q_19624	doc_20310	1
q_19625	doc_20311	1
q_19626	doc_20312	1
q_19627	doc_20313	1
q_19628	doc_20314	1
q_19629	doc_20315	1
q_19630	doc_20316	1
q_19631	doc_20317	1
q_19632	doc_20320	1
q_19633	doc_20321	1
q_19634	doc_20322	1
q_19635	doc_20323	1
q_19636	doc_20324	1
q_19637	doc_20325	1
q_19638	doc_20326	1
q_19639	doc_20327	1
q_19640	doc_20328	1
q_19641	doc_20329	1
q_19642	doc_20330	1
q_19643	doc_20331	1
q_19644	doc_20332	1
q_19645	doc_20333	1
q_19646	doc_20334	1
q_19647	doc_20335	1
q_19648	doc_20336	1
q_19649	doc_20337	1
q_19650	doc_20338	1
q_19651	doc_20339	1
q_19652	doc_20340	1
q_19653	doc_20341	1
q_19654	doc_20342	1
q_19655	doc_20343	1
q_19656	doc_20344	1
q_19657	doc_20345	1
q_19658	doc_20346	1
q_19659	doc_20347	1
q_19660	doc_20348	1
q_19661	doc_20349	1
q_19662	doc_20350	1
q_19663	doc_20351	1
q_19664	doc_20352	1
q_19665	doc_20353	1
q_19666	doc_20354	1
q_19667	doc_20355	1
q_19668	doc_20356	1
q_19669	doc_20357	1
q_19670	doc_20358	1
q_19671	doc_20359	1
q_19672	doc_20360	1
q_19673	doc_20361	1
q_19674	doc_20362	1
q_19675	doc_20363	1
q_19676	doc_20364	1
q_19677	doc_20365	1
q_19678	doc_20366	1
q_19679	doc_20367	1
q_19680	doc_20368	1
q_19681	doc_20369	1
q_19682	doc_20370	1
q_19683	doc_20371	1
q_19684	doc_20372	1
q_19685	doc_20373	1
q_19686	doc_20374	1
q_19687	doc_20375	1
q_19688	doc_20376	1
q_19689	doc_20377	1
q_19690	doc_20378	1
q_19691	doc_20379	1
q_19692	doc_20380	1
q_19693	doc_20381	1
q_19694	doc_20382	1
q_19695	doc_20383	1
q_19696	doc_20384	1
q_19697	doc_20385	1
q_19698	doc_20386	1
q_19699	doc_20387	1
q_19700	doc_20388	1
q_19701	doc_20389	1
q_19702	doc_20390	1
q_19703	doc_20391	1
q_19704	doc_20392	1
q_19705	doc_20393	1
q_19706	doc_20394	1
q_19707	doc_20395	1
q_19708	doc_20396	1
q_19709	doc_20397	1
q_19710	doc_20398	1
q_19711	doc_20399	1
q_19712	doc_20400	1
q_19713	doc_20401	1
q_19714	doc_20402	1
q_19715	doc_20403	1
q_19716	doc_20404	1
q_19717	doc_20405	1
q_19718	doc_20406	1
q_19719	doc_20407	1
q_19720	doc_20408	1
q_19721	doc_20409	1
q_19722	doc_20410	1
q_19723	doc_20411	1
q_19724	doc_20412	1
q_19725	doc_20413	1
q_19726	doc_20414	1
q_19727	doc_20415	1
q_19728	doc_20416	1
q_19729	doc_20417	1
q_19730	doc_20418	1
q_19731	doc_20419	1
q_19732	doc_20420	1
q_19733	doc_20421	1
q_19734	doc_20424	1
q_19735	doc_20425	1
q_19736	doc_20426	1
q_19737	doc_20427	1
q_19738	doc_20428	1
q_19739	doc_20429	1
q_19740	doc_20430	1
q_19741	doc_20431	1
q_19742	doc_20434	1
q_19743	doc_20435	1
q_19744	doc_20436	1
q_19745	doc_20437	1
q_19746	doc_20438	1
q_19747	doc_20439	1
q_19748	doc_20440	1
q_19749	doc_20441	1
q_19750	doc_20442	1
q_19751	doc_20443	1
q_19752	doc_20444	1
q_19753	doc_20445	1
q_19754	doc_20446	1
q_19755	doc_20447	1
q_19756	doc_20448	1
q_19757	doc_20449	1
q_19758	doc_20450	1
q_19759	doc_20451	1
q_19760	doc_20452	1
q_19761	doc_20453	1
q_19762	doc_20454	1
q_19763	doc_20455	1
q_19764	doc_20456	1
q_19765	doc_20457	1
q_19766	doc_20458	1
q_19767	doc_20459	1
q_19768	doc_20460	1
q_19769	doc_20461	1
q_19770	doc_20462	1
q_19771	doc_20463	1
q_19772	doc_20464	1
q_19773	doc_20465	1
q_19774	doc_20466	1
q_19775	doc_20467	1
q_19776	doc_20468	1
q_19777	doc_20469	1
q_19778	doc_20472	1
q_19779	doc_20473	1
q_19780	doc_20474	1
q_19781	doc_20475	1
q_19782	doc_20476	1
q_19783	doc_20477	1
q_19784	doc_20478	1
q_19785	doc_20479	1
q_19786	doc_20480	1
q_19787	doc_20481	1
q_19788	doc_20482	1
q_19789	doc_20483	1
q_19790	doc_20484	1
q_19791	doc_20485	1
q_19792	doc_20486	1
q_19793	doc_20487	1
q_19794	doc_20488	1
q_19795	doc_20489	1
q_19796	doc_20490	1
q_19797	doc_20491	1
q_19798	doc_20492	1
q_19799	doc_20493	1
q_19800	doc_20494	1
q_19801	doc_20495	1
q_19802	doc_20496	1
q_19803	doc_20497	1
q_19804	doc_20498	1
q_19805	doc_20499	1
q_19806	doc_20500	1
q_19807	doc_20501	1
q_19808	doc_20502	1
q_19809	doc_20503	1
q_19810	doc_20504	1
q_19811	doc_20505	1
q_19812	doc_20506	1
q_19813	doc_20507	1
q_19814	doc_20508	1
q_19815	doc_20509	1
q_19816	doc_20510	1
q_19817	doc_20511	1
q_19818	doc_20512	1
q_19819	doc_20513	1
q_19820	doc_20514	1
q_19821	doc_20515	1
q_19822	doc_20516	1
q_19823	doc_20517	1
q_19824	doc_20518	1
q_19825	doc_20519	1
q_19826	doc_20520	1
q_19827	doc_20521	1
q_19828	doc_20522	1
q_19829	doc_20523	1
q_19830	doc_20524	1
q_19831	doc_20525	1
q_19832	doc_20526	1
q_19833	doc_20527	1
q_19834	doc_20528	1
q_19835	doc_20529	1
q_19836	doc_20530	1
q_19837	doc_20531	1
q_19838	doc_20532	1
q_19839	doc_20533	1
q_19840	doc_20534	1
q_19841	doc_20535	1
q_19842	doc_20536	1
q_19843	doc_20537	1
q_19844	doc_20538	1
q_19845	doc_20539	1
q_19846	doc_20540	1
q_19847	doc_20541	1
q_19848	doc_20542	1
q_19849	doc_20543	1
q_19850	doc_20544	1
q_19851	doc_20545	1
q_19852	doc_20546	1
q_19853	doc_20547	1
q_19854	doc_20548	1
q_19855	doc_20549	1
q_19856	doc_20550	1
q_19857	doc_20551	1
q_19858	doc_20552	1
q_19859	doc_20553	1
q_19860	doc_20554	1
q_19861	doc_20555	1
q_19862	doc_20556	1
q_19863	doc_20557	1
q_19864	doc_20558	1
q_19865	doc_20559	1
q_19866	doc_20560	1
q_19867	doc_20561	1
q_19868	doc_20562	1
q_19869	doc_20563	1
q_19870	doc_20564	1
q_19871	doc_20565	1
q_19872	doc_20566	1
q_19873	doc_20567	1
q_19874	doc_20568	1
q_19875	doc_20569	1
q_19876	doc_20570	1
q_19877	doc_20571	1
q_19878	doc_20572	1
q_19879	doc_20573	1
q_19880	doc_20574	1
q_19881	doc_20575	1
q_19882	doc_20576	1
q_19883	doc_20577	1
q_19884	doc_20578	1
q_19885	doc_20579	1
q_19886	doc_20580	1
q_19887	doc_20581	1
q_19888	doc_20582	1
q_19889	doc_20583	1
q_19890	doc_20584	1
q_19891	doc_20585	1
q_19892	doc_20586	1
q_19893	doc_20587	1
q_19894	doc_20588	1
q_19895	doc_20589	1
q_19896	doc_20590	1
q_19897	doc_20591	1
q_19898	doc_20592	1
q_19899	doc_20593	1
q_19900	doc_20594	1
q_19901	doc_20595	1
q_19902	doc_20596	1
q_19903	doc_20597	1
q_19904	doc_20598	1
q_19905	doc_20599	1
q_19906	doc_20600	1
q_19907	doc_20601	1
q_19908	doc_20602	1
q_19909	doc_20603	1
q_19910	doc_20604	1
q_19911	doc_20605	1
q_19912	doc_20606	1
q_19913	doc_20607	1
q_19914	doc_20608	1
q_19915	doc_20609	1
q_19916	doc_20610	1
q_19917	doc_20611	1
q_19918	doc_20612	1
q_19919	doc_20613	1
q_19920	doc_20614	1
q_19921	doc_20615	1
q_19922	doc_20616	1
q_19923	doc_20617	1
q_19924	doc_20618	1
q_19925	doc_20619	1
q_19926	doc_20620	1
q_19927	doc_20621	1
q_19928	doc_20622	1
q_19929	doc_20623	1
q_19930	doc_20624	1
q_19931	doc_20625	1
q_19932	doc_20626	1
q_19933	doc_20627	1
q_19934	doc_20628	1
q_19935	doc_20629	1
q_19936	doc_20630	1
q_19937	doc_20631	1
q_19938	doc_20632	1
q_19939	doc_20633	1
q_19940	doc_20634	1
q_19941	doc_20635	1
q_19942	doc_20636	1
q_19943	doc_20637	1
q_19944	doc_20638	1
q_19945	doc_20639	1
q_19946	doc_20640	1
q_19947	doc_20641	1
q_19948	doc_20642	1
q_19949	doc_20643	1
q_19950	doc_20644	1
q_19951	doc_20645	1
q_19952	doc_20646	1
q_19953	doc_20647	1
q_19954	doc_20648	1
q_19955	doc_20649	1
q_19956	doc_20650	1
q_19957	doc_20651	1
q_19958	doc_20652	1
q_19959	doc_20653	1
q_19960	doc_20654	1
q_19961	doc_20655	1
q_19962	doc_20656	1
q_19963	doc_20657	1
q_19964	doc_20658	1
q_19965	doc_20659	1
q_19966	doc_20660	1
q_19967	doc_20661	1
q_19968	doc_20662	1
q_19969	doc_20663	1
q_19970	doc_20664	1
q_19971	doc_20665	1
q_19972	doc_20666	1
q_19973	doc_20667	1
q_19974	doc_20668	1
q_19975	doc_20669	1
q_19976	doc_20670	1
q_19977	doc_20671	1
q_19978	doc_20672	1
q_19979	doc_20673	1
q_19980	doc_20674	1
q_19981	doc_20675	1
q_19982	doc_20676	1
q_19983	doc_20677	1
q_19984	doc_20678	1
q_19985	doc_20679	1
q_19986	doc_20680	1
q_19987	doc_20681	1
q_19988	doc_20682	1
q_19989	doc_20683	1
q_19990	doc_20684	1
q_19991	doc_20685	1
q_19992	doc_20686	1
q_19993	doc_20687	1
q_19994	doc_20688	1
q_19995	doc_20689	1
q_19996	doc_20690	1
q_19997	doc_20691	1
q_19998	doc_20694	1
q_19999	doc_20695	1
q_20000	doc_20696	1
q_20001	doc_20697	1
q_20002	doc_20698	1
q_20003	doc_20699	1
q_20004	doc_20704	1
q_20005	doc_20705	1
q_20006	doc_20708	1
q_20007	doc_20709	1
q_20008	doc_20710	1
q_20009	doc_20711	1
q_20010	doc_20716	1
q_20011	doc_20717	1
q_20012	doc_20718	1
q_20013	doc_20719	1
q_20014	doc_20720	1
q_20015	doc_20721	1
q_20016	doc_20722	1
q_20017	doc_20723	1
q_20018	doc_20724	1
q_20019	doc_20725	1
q_20020	doc_20726	1
q_20021	doc_20727	1
q_20022	doc_20728	1
q_20023	doc_20729	1
q_20024	doc_20730	1
q_20025	doc_20731	1
q_20026	doc_20732	1
q_20027	doc_20733	1
q_20028	doc_20734	1
q_20029	doc_20735	1
q_20030	doc_20736	1
q_20031	doc_20737	1
q_20032	doc_20738	1
q_20033	doc_20739	1
q_20034	doc_20740	1
q_20035	doc_20741	1
q_20036	doc_20742	1
q_20037	doc_20743	1
q_20038	doc_20744	1
q_20039	doc_20745	1
q_20040	doc_20746	1
q_20041	doc_20747	1
q_20042	doc_20748	1
q_20043	doc_20749	1
q_20044	doc_20750	1
q_20045	doc_20751	1
q_20046	doc_20752	1
q_20047	doc_20753	1
q_20048	doc_20754	1
q_20049	doc_20755	1
q_20050	doc_20756	1
q_20051	doc_20757	1
q_20052	doc_20758	1
q_20053	doc_20759	1
q_20054	doc_20760	1
q_20055	doc_20761	1
q_20056	doc_20762	1
q_20057	doc_20763	1
q_20058	doc_20764	1
q_20059	doc_20765	1
q_20060	doc_20766	1
q_20061	doc_20767	1
q_20062	doc_20768	1
q_20063	doc_20769	1
q_20064	doc_20770	1
q_20065	doc_20772	1
q_20066	doc_20773	1
q_20067	doc_20774	1
q_20068	doc_20775	1
q_20069	doc_20776	1
q_20070	doc_20777	1
q_20071	doc_20778	1
q_20072	doc_20779	1
q_20073	doc_20780	1
q_20074	doc_20781	1
q_20075	doc_20782	1
q_20076	doc_20783	1
q_20077	doc_20784	1
q_20078	doc_20785	1
q_20079	doc_20786	1
q_20080	doc_20787	1
q_20081	doc_20788	1
q_20082	doc_20789	1
q_20083	doc_20790	1
q_20084	doc_20791	1
q_20085	doc_20792	1
q_20086	doc_20793	1
q_20087	doc_20796	1
q_20088	doc_20797	1
q_20089	doc_20800	1
q_20090	doc_20801	1
q_20091	doc_20802	1
q_20092	doc_20803	1
q_20093	doc_20804	1
q_20094	doc_20805	1
q_20095	doc_20806	1
q_20096	doc_20807	1
q_20097	doc_20808	1
q_20098	doc_20809	1
q_20099	doc_20810	1
q_20100	doc_20811	1
q_20101	doc_20812	1
q_20102	doc_20813	1
q_20103	doc_20814	1
q_20104	doc_20816	1
q_20105	doc_20817	1
q_20106	doc_20818	1
q_20107	doc_20819	1
q_20108	doc_20820	1
q_20109	doc_20821	1
q_20110	doc_20822	1
q_20111	doc_20823	1
q_20112	doc_20824	1
q_20113	doc_20825	1
q_20114	doc_20828	1
q_20115	doc_20829	1
q_20116	doc_20830	1
q_20117	doc_20831	1
q_20118	doc_20832	1
q_20119	doc_20833	1
q_20120	doc_20834	1
q_20121	doc_20835	1
q_20122	doc_20836	1
q_20123	doc_20837	1
q_20124	doc_20838	1
q_20125	doc_20839	1
q_20126	doc_20840	1
q_20127	doc_20841	1
q_20128	doc_20842	1
q_20129	doc_20843	1
q_20130	doc_20844	1
q_20131	doc_20845	1
q_20132	doc_20846	1
q_20133	doc_20847	1
q_20134	doc_20848	1
q_20135	doc_20849	1
q_20136	doc_20851	1
q_20137	doc_20853	1
q_20138	doc_20854	1
q_20139	doc_20855	1
q_20140	doc_20856	1
q_20141	doc_20857	1
q_20142	doc_20858	1
q_20143	doc_20859	1
q_20144	doc_20860	1
q_20145	doc_20861	1
q_20146	doc_20862	1
q_20147	doc_20863	1
q_20148	doc_20864	1
q_20149	doc_20866	1
q_20150	doc_20867	1
q_20151	doc_20868	1
q_20152	doc_20869	1
q_20153	doc_20870	1
q_20154	doc_20871	1
q_20155	doc_20872	1
q_20156	doc_20873	1
q_20157	doc_20874	1
q_20158	doc_20875	1
q_20159	doc_20876	1
q_20160	doc_20877	1
q_20161	doc_20878	1
q_20162	doc_20879	1
q_20163	doc_20880	1
q_20164	doc_20881	1
q_20165	doc_20882	1
q_20166	doc_20883	1
q_20167	doc_20884	1
q_20168	doc_20885	1
q_20169	doc_20886	1
q_20170	doc_20887	1
q_20171	doc_20888	1
q_20172	doc_20889	1
q_20173	doc_20890	1
q_20174	doc_20891	1
q_20175	doc_20892	1
q_20176	doc_20893	1
q_20177	doc_20894	1
q_20178	doc_20895	1
q_20179	doc_20896	1
q_20180	doc_20897	1
q_20181	doc_20898	1
q_20182	doc_20899	1
q_20183	doc_20900	1
q_20184	doc_20901	1
q_20185	doc_20902	1
q_20186	doc_20903	1
q_20187	doc_20904	1
q_20188	doc_20905	1
q_20189	doc_20906	1
q_20190	doc_20907	1
q_20191	doc_20908	1
q_20192	doc_20909	1
q_20193	doc_20910	1
q_20194	doc_20911	1
q_20195	doc_20912	1
q_20196	doc_20913	1
q_20197	doc_20914	1
q_20198	doc_20915	1
q_20199	doc_20916	1
q_20200	doc_20917	1
q_20201	doc_20918	1
q_20202	doc_20919	1
q_20203	doc_20920	1
q_20204	doc_20921	1
q_20205	doc_20922	1
q_20206	doc_20923	1
q_20207	doc_20924	1
q_20208	doc_20925	1
q_20209	doc_20926	1
q_20210	doc_20927	1
q_20211	doc_20928	1
q_20212	doc_20929	1
q_20213	doc_20930	1
q_20214	doc_20931	1
q_20215	doc_20932	1
q_20216	doc_20933	1
q_20217	doc_20934	1
q_20218	doc_20935	1
q_20219	doc_20936	1
q_20220	doc_20937	1
q_20221	doc_20938	1
q_20222	doc_20939	1
q_20223	doc_20940	1
q_20224	doc_20941	1
q_20225	doc_20942	1
q_20226	doc_20943	1
q_20227	doc_20944	1
q_20228	doc_20945	1
q_20229	doc_20946	1
q_20230	doc_20947	1
q_20231	doc_20948	1
q_20232	doc_20949	1
q_20233	doc_20950	1
q_20234	doc_20951	1
q_20235	doc_20952	1
q_20236	doc_20953	1
q_20237	doc_20954	1
q_20238	doc_20955	1
q_20239	doc_20956	1
q_20240	doc_20957	1
q_20241	doc_20958	1
q_20242	doc_20959	1
q_20243	doc_20960	1
q_20244	doc_20961	1
q_20245	doc_20962	1
q_20246	doc_20963	1
q_20247	doc_20964	1
q_20248	doc_20965	1
q_20249	doc_20966	1
q_20250	doc_20967	1
q_20251	doc_20968	1
q_20252	doc_20969	1
q_20253	doc_20970	1
q_20254	doc_20971	1
q_20255	doc_20972	1
q_20256	doc_20973	1
q_20257	doc_20974	1
q_20258	doc_20975	1
q_20259	doc_20976	1
q_20260	doc_20977	1
q_20261	doc_20978	1
q_20262	doc_20979	1
q_20263	doc_20980	1
q_20264	doc_20981	1
q_20265	doc_20982	1
q_20266	doc_20983	1
q_20267	doc_20984	1
q_20268	doc_20985	1
q_20269	doc_20986	1
q_20270	doc_20987	1
q_20271	doc_20988	1
q_20272	doc_20989	1
q_20273	doc_20990	1
q_20274	doc_20991	1
q_20275	doc_20992	1
q_20276	doc_20993	1
q_20277	doc_20994	1
q_20278	doc_20995	1
q_20279	doc_20996	1
q_20280	doc_20997	1
q_20281	doc_20998	1
q_20282	doc_20999	1
q_20283	doc_21000	1
q_20284	doc_21001	1
q_20285	doc_21002	1
q_20286	doc_21003	1
q_20287	doc_21004	1
q_20288	doc_21005	1
q_20289	doc_21006	1
q_20290	doc_21007	1
q_20291	doc_21008	1
q_20292	doc_21009	1
q_20293	doc_21010	1
q_20294	doc_21011	1
q_20295	doc_21012	1
q_20296	doc_21013	1
q_20297	doc_21014	1
q_20298	doc_21015	1
q_20299	doc_21016	1
q_20300	doc_21017	1
q_20301	doc_21018	1
q_20302	doc_21019	1
q_20303	doc_21020	1
q_20304	doc_21021	1
q_20305	doc_21022	1
q_20306	doc_21023	1
q_20307	doc_21024	1
q_20308	doc_21025	1
q_20309	doc_21026	1
q_20310	doc_21027	1
q_20311	doc_21028	1
q_20312	doc_21029	1
q_20313	doc_21030	1
q_20314	doc_21031	1
q_20315	doc_21032	1
q_20316	doc_21033	1
q_20317	doc_21034	1
q_20318	doc_21035	1
q_20319	doc_21036	1
q_20320	doc_21037	1
q_20321	doc_21038	1
q_20322	doc_21039	1
q_20323	doc_21040	1
q_20324	doc_21041	1
q_20325	doc_21042	1
q_20326	doc_21043	1
q_20327	doc_21044	1
q_20328	doc_21045	1
q_20329	doc_21046	1
q_20330	doc_21047	1
q_20331	doc_21048	1
q_20332	doc_21049	1
q_20333	doc_21050	1
q_20334	doc_21051	1
q_20335	doc_21052	1
q_20336	doc_21053	1
q_20337	doc_21054	1
q_20338	doc_21055	1
q_20339	doc_21056	1
q_20340	doc_21057	1
q_20341	doc_21058	1
q_20342	doc_21059	1
q_20343	doc_21060	1
q_20344	doc_21061	1
q_20345	doc_21062	1
q_20346	doc_21063	1
q_20347	doc_21064	1
q_20348	doc_21065	1
q_20349	doc_21066	1
q_20350	doc_21067	1
q_20351	doc_21068	1
q_20352	doc_21069	1
q_20353	doc_21070	1
q_20354	doc_21071	1
q_20355	doc_21072	1
q_20356	doc_21073	1
q_20357	doc_21074	1
q_20358	doc_21075	1
q_20359	doc_21076	1
q_20360	doc_21077	1
q_20361	doc_21078	1
q_20362	doc_21079	1
q_20363	doc_21080	1
q_20364	doc_21081	1
q_20365	doc_21082	1
q_20366	doc_21083	1
q_20367	doc_21084	1
q_20368	doc_21085	1
q_20369	doc_21086	1
q_20370	doc_21087	1
q_20371	doc_21088	1
q_20372	doc_21089	1
q_20373	doc_21090	1
q_20374	doc_21091	1
q_20375	doc_21092	1
q_20376	doc_21093	1
q_20377	doc_21094	1
q_20378	doc_21095	1
q_20379	doc_21096	1
q_20380	doc_21097	1
q_20381	doc_21098	1
q_20382	doc_21099	1
q_20383	doc_21100	1
q_20384	doc_21101	1
q_20385	doc_21102	1
q_20386	doc_21103	1
q_20387	doc_21104	1
q_20388	doc_21105	1
q_20389	doc_21106	1
q_20390	doc_21107	1
q_20391	doc_21108	1
q_20392	doc_21109	1
q_20393	doc_21110	1
q_20394	doc_21111	1
q_20395	doc_21112	1
q_20396	doc_21113	1
q_20397	doc_21114	1
q_20398	doc_21115	1
q_20399	doc_21116	1
q_20400	doc_21117	1
q_20401	doc_21118	1
q_20402	doc_21119	1
q_20403	doc_21120	1
q_20404	doc_21121	1
q_20405	doc_21122	1
q_20406	doc_21123	1
q_20407	doc_21124	1
q_20408	doc_21125	1
q_20409	doc_21126	1
q_20410	doc_21127	1
q_20411	doc_21128	1
q_20412	doc_21129	1
q_20413	doc_21130	1
q_20414	doc_21131	1
q_20415	doc_21132	1
q_20416	doc_21133	1
q_20417	doc_21134	1
q_20418	doc_21135	1
q_20419	doc_21136	1
q_20420	doc_21137	1
q_20421	doc_21138	1
q_20422	doc_21139	1
q_20423	doc_21140	1
q_20424	doc_21141	1
q_20425	doc_21142	1
q_20426	doc_21143	1
q_20427	doc_21144	1
q_20428	doc_21145	1
q_20429	doc_21146	1
q_20430	doc_21147	1
q_20431	doc_21148	1
q_20432	doc_21149	1
q_20433	doc_21150	1
q_20434	doc_21151	1
q_20435	doc_21152	1
q_20436	doc_21153	1
q_20437	doc_21154	1
q_20438	doc_21155	1
q_20439	doc_21156	1
q_20440	doc_21157	1
q_20441	doc_21158	1
q_20442	doc_21159	1
q_20443	doc_21160	1
q_20444	doc_21161	1
q_20445	doc_21162	1
q_20446	doc_21163	1
q_20447	doc_21164	1
q_20448	doc_21165	1
q_20449	doc_21166	1
q_20450	doc_21167	1
q_20451	doc_21168	1
q_20452	doc_21169	1
q_20453	doc_21170	1
q_20454	doc_21171	1
q_20455	doc_21172	1
q_20456	doc_21173	1
q_20457	doc_21174	1
q_20458	doc_21175	1
q_20459	doc_21176	1
q_20460	doc_21177	1
q_20461	doc_21178	1
q_20462	doc_21179	1
q_20463	doc_21180	1
q_20464	doc_21181	1
q_20465	doc_21182	1
q_20466	doc_21183	1
q_20467	doc_21184	1
q_20468	doc_21185	1
q_20469	doc_21186	1
q_20470	doc_21187	1
q_20471	doc_21188	1
q_20472	doc_21189	1
q_20473	doc_21190	1
q_20474	doc_21191	1
q_20475	doc_21192	1
q_20476	doc_21193	1
q_20477	doc_21194	1
q_20478	doc_21195	1
q_20479	doc_21196	1
q_20480	doc_21197	1
q_20481	doc_21198	1
q_20482	doc_21199	1
q_20483	doc_21200	1
q_20484	doc_21201	1
q_20485	doc_21202	1
q_20486	doc_21203	1
q_20487	doc_21204	1
q_20488	doc_21205	1
q_20489	doc_21206	1
q_20490	doc_21207	1
q_20491	doc_21208	1
q_20492	doc_21209	1
q_20493	doc_21210	1
q_20494	doc_21211	1
q_20495	doc_21212	1
q_20496	doc_21213	1
q_20497	doc_21214	1
q_20498	doc_21215	1
q_20499	doc_21216	1
q_20500	doc_21217	1
q_20501	doc_21218	1
q_20502	doc_21219	1
q_20503	doc_21220	1
q_20504	doc_21221	1
q_20505	doc_21222	1
q_20506	doc_21223	1
q_20507	doc_21224	1
q_20508	doc_21225	1
q_20509	doc_21226	1
q_20510	doc_21227	1
q_20511	doc_21228	1
q_20512	doc_21229	1
q_20513	doc_21230	1
q_20514	doc_21231	1
q_20515	doc_21232	1
q_20516	doc_21233	1
q_20517	doc_21234	1
q_20518	doc_21235	1
q_20519	doc_21236	1
q_20520	doc_21237	1
q_20521	doc_21238	1
q_20522	doc_21239	1
q_20523	doc_21240	1
q_20524	doc_21241	1
q_20525	doc_21242	1
q_20526	doc_21243	1
q_20527	doc_21244	1
q_20528	doc_21245	1
q_20529	doc_21246	1
q_20530	doc_21247	1
q_20531	doc_21248	1
q_20532	doc_21249	1
q_20533	doc_21250	1
q_20534	doc_21251	1
q_20535	doc_21252	1
q_20536	doc_21253	1
q_20537	doc_21254	1
q_20538	doc_21255	1
q_20539	doc_21256	1
q_20540	doc_21257	1
q_20541	doc_21258	1
q_20542	doc_21259	1
q_20543	doc_21260	1
q_20544	doc_21261	1
q_20545	doc_21262	1
q_20546	doc_21263	1
q_20547	doc_21264	1
q_20548	doc_21265	1
q_20549	doc_21266	1
q_20550	doc_21267	1
q_20551	doc_21268	1
q_20552	doc_21269	1
q_20553	doc_21270	1
q_20554	doc_21271	1
q_20555	doc_21272	1
q_20556	doc_21273	1
q_20557	doc_21274	1
q_20558	doc_21276	1
q_20559	doc_21277	1
q_20560	doc_21278	1
q_20561	doc_21280	1
q_20562	doc_21281	1
q_20563	doc_21282	1
q_20564	doc_21283	1
q_20565	doc_21284	1
q_20566	doc_21285	1
q_20567	doc_21286	1
q_20568	doc_21287	1
q_20569	doc_21288	1
q_20570	doc_21289	1
q_20571	doc_21290	1
q_20572	doc_21291	1
q_20573	doc_21292	1
q_20574	doc_21293	1
q_20575	doc_21294	1
q_20576	doc_21295	1
q_20577	doc_21296	1
q_20578	doc_21297	1
q_20579	doc_21298	1
q_20580	doc_21299	1
q_20581	doc_21300	1
q_20582	doc_21301	1
q_20583	doc_21302	1
q_20584	doc_21303	1
q_20585	doc_21304	1
q_20586	doc_21305	1
q_20587	doc_21306	1
q_20588	doc_21307	1
q_20589	doc_21308	1
q_20590	doc_21309	1
q_20591	doc_21310	1
q_20592	doc_21311	1
q_20593	doc_21312	1
q_20594	doc_21313	1
q_20595	doc_21314	1
q_20596	doc_21315	1
q_20597	doc_21316	1
q_20598	doc_21317	1
q_20599	doc_21318	1
q_20600	doc_21319	1
q_20601	doc_21320	1
q_20602	doc_21321	1
q_20603	doc_21322	1
q_20604	doc_21323	1
q_20605	doc_21324	1
q_20606	doc_21325	1
q_20607	doc_21326	1
q_20608	doc_21327	1
q_20609	doc_21328	1
q_20610	doc_21329	1
q_20611	doc_21330	1
q_20612	doc_21331	1
q_20613	doc_21332	1
q_20614	doc_21333	1
q_20615	doc_21334	1
q_20616	doc_21335	1
q_20617	doc_21336	1
q_20618	doc_21337	1
q_20619	doc_21338	1
q_20620	doc_21339	1
q_20621	doc_21342	1
q_20622	doc_21343	1
q_20623	doc_21344	1
q_20624	doc_21345	1
q_20625	doc_21346	1
q_20626	doc_21347	1
q_20627	doc_21348	1
q_20628	doc_21349	1
q_20629	doc_21350	1
q_20630	doc_21351	1
q_20631	doc_21352	1
q_20632	doc_21353	1
q_20633	doc_21354	1
q_20634	doc_21355	1
q_20635	doc_21356	1
q_20636	doc_21357	1
q_20637	doc_21358	1
q_20638	doc_21359	1
q_20639	doc_21360	1
q_20640	doc_21361	1
q_20641	doc_21362	1
q_20642	doc_21363	1
q_20643	doc_21364	1
q_20644	doc_21365	1
q_20645	doc_21366	1
q_20646	doc_21367	1
q_20647	doc_21368	1
q_20648	doc_21369	1
q_20649	doc_21370	1
q_20650	doc_21371	1
q_20651	doc_21372	1
q_20652	doc_21373	1
q_20653	doc_21374	1
q_20654	doc_21375	1
q_20655	doc_21376	1
q_20656	doc_21377	1
q_20657	doc_21378	1
q_20658	doc_21379	1
q_20659	doc_21380	1
q_20660	doc_21381	1
q_20661	doc_21382	1
q_20662	doc_21383	1
q_20663	doc_21384	1
q_20664	doc_21385	1
q_20665	doc_21386	1
q_20666	doc_21387	1
q_20667	doc_21388	1
q_20668	doc_21389	1
q_20669	doc_21390	1
q_20670	doc_21391	1
q_20671	doc_21392	1
q_20672	doc_21393	1
q_20673	doc_21394	1
q_20674	doc_21395	1
q_20675	doc_21396	1
q_20676	doc_21397	1
q_20677	doc_21398	1
q_20678	doc_21399	1
q_20679	doc_21400	1
q_20680	doc_21401	1
q_20681	doc_21402	1
q_20682	doc_21403	1
q_20683	doc_21404	1
q_20684	doc_21405	1
q_20685	doc_21406	1
q_20686	doc_21407	1
q_20687	doc_21408	1
q_20688	doc_21409	1
q_20689	doc_21410	1
q_20690	doc_21411	1
q_20691	doc_21412	1
q_20692	doc_21413	1
q_20693	doc_21414	1
q_20694	doc_21415	1
q_20695	doc_21416	1
q_20696	doc_21417	1
q_20697	doc_21418	1
q_20698	doc_21419	1
q_20699	doc_21420	1
q_20700	doc_21421	1
q_20701	doc_21422	1
q_20702	doc_21423	1
q_20703	doc_21424	1
q_20704	doc_21425	1
q_20705	doc_21426	1
q_20706	doc_21427	1
q_20707	doc_21428	1
q_20708	doc_21429	1
q_20709	doc_21430	1
q_20710	doc_21431	1
q_20711	doc_21432	1
q_20712	doc_21433	1
q_20713	doc_21434	1
q_20714	doc_21435	1
q_20715	doc_21436	1
q_20716	doc_21437	1
q_20717	doc_21438	1
q_20718	doc_21439	1
q_20719	doc_21440	1
q_20720	doc_21441	1
q_20721	doc_21442	1
q_20722	doc_21443	1
q_20723	doc_21444	1
q_20724	doc_21445	1
q_20725	doc_21446	1
q_20726	doc_21447	1
q_20727	doc_21448	1
q_20728	doc_21449	1
q_20729	doc_21450	1
q_20730	doc_21451	1
q_20731	doc_21452	1
q_20732	doc_21453	1
q_20733	doc_21454	1
q_20734	doc_21455	1
q_20735	doc_21456	1
q_20736	doc_21457	1
q_20737	doc_21458	1
q_20738	doc_21459	1
q_20739	doc_21460	1
q_20740	doc_21461	1
q_20741	doc_21462	1
q_20742	doc_21463	1
q_20743	doc_21464	1
q_20744	doc_21465	1
q_20745	doc_21466	1
q_20746	doc_21467	1
q_20747	doc_21468	1
q_20748	doc_21469	1
q_20749	doc_21470	1
q_20750	doc_21471	1
q_20751	doc_21472	1
q_20752	doc_21473	1
q_20753	doc_21474	1
q_20754	doc_21475	1
q_20755	doc_21476	1
q_20756	doc_21477	1
q_20757	doc_21478	1
q_20758	doc_21479	1
q_20759	doc_21480	1
q_20760	doc_21481	1
q_20761	doc_21482	1
q_20762	doc_21483	1
q_20763	doc_21484	1
q_20764	doc_21485	1
q_20765	doc_21486	1
q_20766	doc_21487	1
q_20767	doc_21488	1
q_20768	doc_21489	1
q_20769	doc_21490	1
q_20770	doc_21491	1
q_20771	doc_21492	1
q_20772	doc_21493	1
q_20773	doc_21494	1
q_20774	doc_21495	1
q_20775	doc_21496	1
q_20776	doc_21497	1
q_20777	doc_21498	1
q_20778	doc_21499	1
q_20779	doc_21500	1
q_20780	doc_21501	1
q_20781	doc_21502	1
q_20782	doc_21503	1
q_20783	doc_21504	1
q_20784	doc_21505	1
q_20785	doc_21506	1
q_20786	doc_21507	1
q_20787	doc_21508	1
q_20788	doc_21509	1
q_20789	doc_21510	1
q_20790	doc_21511	1
q_20791	doc_21512	1
q_20792	doc_21513	1
q_20793	doc_21514	1
q_20794	doc_21515	1
q_20795	doc_21516	1
q_20796	doc_21517	1
q_20797	doc_21518	1
q_20798	doc_21519	1
q_20799	doc_21520	1
q_20800	doc_21521	1
q_20801	doc_21522	1
q_20802	doc_21523	1
q_20803	doc_21524	1
q_20804	doc_21525	1
q_20805	doc_21526	1
q_20806	doc_21527	1
q_20807	doc_21528	1
q_20808	doc_21529	1
q_20809	doc_21530	1
q_20810	doc_21531	1
q_20811	doc_21532	1
q_20812	doc_21533	1
q_20813	doc_21534	1
q_20814	doc_21535	1
q_20815	doc_21536	1
q_20816	doc_21537	1
q_20817	doc_21538	1
q_20818	doc_21539	1
q_20819	doc_21540	1
q_20820	doc_21541	1
q_20821	doc_21542	1
q_20822	doc_21543	1
q_20823	doc_21544	1
q_20824	doc_21545	1
q_20825	doc_21546	1
q_20826	doc_21547	1
q_20827	doc_21548	1
q_20828	doc_21549	1
q_20829	doc_21550	1
q_20830	doc_21551	1
q_20831	doc_21552	1
q_20832	doc_21553	1
q_20833	doc_21554	1
q_20834	doc_21555	1
q_20835	doc_21556	1
q_20836	doc_21557	1
q_20837	doc_21558	1
q_20838	doc_21559	1
q_20839	doc_21560	1
q_20840	doc_21561	1
q_20841	doc_21562	1
q_20842	doc_21563	1
q_20843	doc_21564	1
q_20844	doc_21565	1
q_20845	doc_21566	1
q_20846	doc_21567	1
q_20847	doc_21568	1
q_20848	doc_21569	1
q_20849	doc_21570	1
q_20850	doc_21571	1
q_20851	doc_21572	1
q_20852	doc_21573	1
q_20853	doc_21574	1
q_20854	doc_21575	1
q_20855	doc_21576	1
q_20856	doc_21577	1
q_20857	doc_21578	1
q_20858	doc_21579	1
q_20859	doc_21580	1
q_20860	doc_21581	1
q_20861	doc_21582	1
q_20862	doc_21583	1
q_20863	doc_21584	1
q_20864	doc_21585	1
q_20865	doc_21586	1
q_20866	doc_21587	1
q_20867	doc_21588	1
q_20868	doc_21589	1
q_20869	doc_21590	1
q_20870	doc_21591	1
q_20871	doc_21592	1
q_20872	doc_21593	1
q_20873	doc_21594	1
q_20874	doc_21595	1
q_20875	doc_21596	1
q_20876	doc_21597	1
q_20877	doc_21598	1
q_20878	doc_21599	1
q_20879	doc_21600	1
q_20880	doc_21601	1
q_20881	doc_21602	1
q_20882	doc_21603	1
q_20883	doc_21604	1
q_20884	doc_21605	1
q_20885	doc_21606	1
q_20886	doc_21607	1
q_20887	doc_21608	1
q_20888	doc_21609	1
q_20889	doc_21610	1
q_20890	doc_21611	1
q_20891	doc_21612	1
q_20892	doc_21613	1
q_20893	doc_21614	1
q_20894	doc_21615	1
q_20895	doc_21616	1
q_20896	doc_21617	1
q_20897	doc_21618	1
q_20898	doc_21619	1
q_20899	doc_21620	1
q_20900	doc_21621	1
q_20901	doc_21622	1
q_20902	doc_21623	1
q_20903	doc_21624	1
q_20904	doc_21625	1
q_20905	doc_21626	1
q_20906	doc_21627	1
q_20907	doc_21629	1
q_20908	doc_21631	1
q_20909	doc_21632	1
q_20910	doc_21633	1
q_20911	doc_21634	1
q_20912	doc_21635	1
q_20913	doc_21636	1
q_20914	doc_21637	1
q_20915	doc_21638	1
q_20916	doc_21639	1
q_20917	doc_21640	1
q_20918	doc_21641	1
q_20919	doc_21642	1
q_20920	doc_21643	1
q_20921	doc_21644	1
q_20922	doc_21645	1
q_20923	doc_21646	1
q_20924	doc_21647	1
q_20925	doc_21650	1
q_20926	doc_21651	1
q_20927	doc_21652	1
q_20928	doc_21653	1
q_20929	doc_21654	1
q_20930	doc_21655	1
q_20931	doc_21656	1
q_20932	doc_21657	1
q_20933	doc_21658	1
q_20934	doc_21659	1
q_20935	doc_21660	1
q_20936	doc_21661	1
q_20937	doc_21662	1
q_20938	doc_21663	1
q_20939	doc_21664	1
q_20940	doc_21665	1
q_20941	doc_21666	1
q_20942	doc_21667	1
q_20943	doc_21668	1
q_20944	doc_21669	1
q_20945	doc_21670	1
q_20946	doc_21671	1
q_20947	doc_21672	1
q_20948	doc_21673	1
q_20949	doc_21674	1
q_20950	doc_21675	1
q_20951	doc_21676	1
q_20952	doc_21677	1
q_20953	doc_21678	1
q_20954	doc_21679	1
q_20955	doc_21680	1
q_20956	doc_21681	1
q_20957	doc_21682	1
q_20958	doc_21683	1
q_20959	doc_21684	1
q_20960	doc_21685	1
q_20961	doc_21686	1
q_20962	doc_21687	1
q_20963	doc_21688	1
q_20964	doc_21689	1
q_20965	doc_21690	1
q_20966	doc_21691	1
q_20967	doc_21692	1
q_20968	doc_21693	1
q_20969	doc_21694	1
q_20970	doc_21695	1
q_20971	doc_21696	1
q_20972	doc_21697	1
q_20973	doc_21698	1
q_20974	doc_21699	1
q_20975	doc_21700	1
q_20976	doc_21701	1
q_20977	doc_21702	1
q_20978	doc_21703	1
q_20979	doc_21704	1
q_20980	doc_21705	1
q_20981	doc_21706	1
q_20982	doc_21707	1
q_20983	doc_21708	1
q_20984	doc_21709	1
q_20985	doc_21710	1
q_20986	doc_21711	1
q_20987	doc_21712	1
q_20988	doc_21713	1
q_20989	doc_21714	1
q_20990	doc_21715	1
q_20991	doc_21716	1
q_20992	doc_21717	1
q_20993	doc_21718	1
q_20994	doc_21719	1
q_20995	doc_21720	1
q_20996	doc_21721	1
q_20997	doc_21722	1
q_20998	doc_21723	1
q_20999	doc_21724	1
q_21000	doc_21725	1
q_21001	doc_21726	1
q_21002	doc_21727	1
q_21003	doc_21728	1
q_21004	doc_21729	1
q_21005	doc_21730	1
q_21006	doc_21731	1
q_21007	doc_21732	1
q_21008	doc_21733	1
q_21009	doc_21734	1
q_21010	doc_21735	1
q_21011	doc_21736	1
q_21012	doc_21737	1
q_21013	doc_21738	1
q_21014	doc_21739	1
q_21015	doc_21740	1
q_21016	doc_21741	1
q_21017	doc_21742	1
q_21018	doc_21743	1
q_21019	doc_21744	1
q_21020	doc_21745	1
q_21021	doc_21746	1
q_21022	doc_21747	1
q_21023	doc_21748	1
q_21024	doc_21749	1
q_21025	doc_21750	1
q_21026	doc_21751	1
q_21027	doc_21752	1
q_21028	doc_21753	1
q_21029	doc_21754	1
q_21030	doc_21755	1
q_21031	doc_21756	1
q_21032	doc_21757	1
q_21033	doc_21758	1
q_21034	doc_21759	1
q_21035	doc_21760	1
q_21036	doc_21761	1
q_21037	doc_21762	1
q_21038	doc_21763	1
q_21039	doc_21764	1
q_21040	doc_21765	1
q_21041	doc_21766	1
q_21042	doc_21767	1
q_21043	doc_21768	1
q_21044	doc_21769	1
q_21045	doc_21770	1
q_21046	doc_21771	1
q_21047	doc_21772	1
q_21048	doc_21773	1
q_21049	doc_21774	1
q_21050	doc_21775	1
q_21051	doc_21776	1
q_21052	doc_21777	1
q_21053	doc_21778	1
q_21054	doc_21779	1
q_21055	doc_21780	1
q_21056	doc_21781	1
q_21057	doc_21782	1
q_21058	doc_21783	1
q_21059	doc_21784	1
q_21060	doc_21785	1
q_21061	doc_21786	1
q_21062	doc_21787	1
q_21063	doc_21788	1
q_21064	doc_21789	1
q_21065	doc_21790	1
q_21066	doc_21791	1
q_21067	doc_21792	1
q_21068	doc_21793	1
q_21069	doc_21794	1
q_21070	doc_21795	1
q_21071	doc_21796	1
q_21072	doc_21797	1
q_21073	doc_21798	1
q_21074	doc_21799	1
q_21075	doc_21800	1
q_21076	doc_21801	1
q_21077	doc_21802	1
q_21078	doc_21803	1
q_21079	doc_21804	1
q_21080	doc_21805	1
q_21081	doc_21806	1
q_21082	doc_21807	1
q_21083	doc_21808	1
q_21084	doc_21809	1
q_21085	doc_21810	1
q_21086	doc_21811	1
q_21087	doc_21812	1
q_21088	doc_21813	1
q_21089	doc_21814	1
q_21090	doc_21815	1
q_21091	doc_21816	1
q_21092	doc_21817	1
q_21093	doc_21818	1
q_21094	doc_21819	1
q_21095	doc_21820	1
q_21096	doc_21821	1
q_21097	doc_21822	1
q_21098	doc_21823	1
q_21099	doc_21824	1
q_21100	doc_21825	1
q_21101	doc_21826	1
q_21102	doc_21827	1
q_21103	doc_21828	1
q_21104	doc_21829	1
q_21105	doc_21830	1
q_21106	doc_21831	1
q_21107	doc_21832	1
q_21108	doc_21833	1
q_21109	doc_21834	1
q_21110	doc_21835	1
q_21111	doc_21836	1
q_21112	doc_21837	1
q_21113	doc_21838	1
q_21114	doc_21839	1
q_21115	doc_21840	1
q_21116	doc_21841	1
q_21117	doc_21842	1
q_21118	doc_21843	1
q_21119	doc_21844	1
q_21120	doc_21845	1
q_21121	doc_21846	1
q_21122	doc_21847	1
q_21123	doc_21848	1
q_21124	doc_21849	1
q_21125	doc_21850	1
q_21126	doc_21851	1
q_21127	doc_21852	1
q_21128	doc_21853	1
q_21129	doc_21854	1
q_21130	doc_21855	1
q_21131	doc_21856	1
q_21132	doc_21857	1
q_21133	doc_21858	1
q_21134	doc_21859	1
q_21135	doc_21860	1
q_21136	doc_21861	1
q_21137	doc_21862	1
q_21138	doc_21863	1
q_21139	doc_21864	1
q_21140	doc_21865	1
q_21141	doc_21866	1
q_21142	doc_21867	1
q_21143	doc_21868	1
q_21144	doc_21869	1
q_21145	doc_21870	1
q_21146	doc_21871	1
q_21147	doc_21872	1
q_21148	doc_21873	1
q_21149	doc_21874	1
q_21150	doc_21875	1
q_21151	doc_21876	1
q_21152	doc_21877	1
q_21153	doc_21878	1
q_21154	doc_21879	1
q_21155	doc_21880	1
q_21156	doc_21881	1
q_21157	doc_21882	1
q_21158	doc_21883	1
q_21159	doc_21884	1
q_21160	doc_21885	1
q_21161	doc_21886	1
q_21162	doc_21887	1
q_21163	doc_21888	1
q_21164	doc_21889	1
q_21165	doc_21890	1
q_21166	doc_21891	1
q_21167	doc_21892	1
q_21168	doc_21893	1
q_21169	doc_21894	1
q_21170	doc_21895	1
q_21171	doc_21896	1
q_21172	doc_21897	1
q_21173	doc_21898	1
q_21174	doc_21899	1
q_21175	doc_21900	1
q_21176	doc_21901	1
q_21177	doc_21902	1
q_21178	doc_21903	1
q_21179	doc_21904	1
q_21180	doc_21905	1
q_21181	doc_21906	1
q_21182	doc_21907	1
q_21183	doc_21908	1
q_21184	doc_21909	1
q_21185	doc_21910	1
q_21186	doc_21911	1
q_21187	doc_21912	1
q_21188	doc_21913	1
q_21189	doc_21914	1
q_21190	doc_21915	1
q_21191	doc_21916	1
q_21192	doc_21917	1
q_21193	doc_21918	1
q_21194	doc_21919	1
q_21195	doc_21920	1
q_21196	doc_21921	1
q_21197	doc_21922	1
q_21198	doc_21923	1
q_21199	doc_21924	1
q_21200	doc_21925	1
q_21201	doc_21926	1
q_21202	doc_21927	1
q_21203	doc_21928	1
q_21204	doc_21929	1
q_21205	doc_21930	1
q_21206	doc_21931	1
q_21207	doc_21932	1
q_21208	doc_21933	1
q_21209	doc_21934	1
q_21210	doc_21935	1
q_21211	doc_21936	1
q_21212	doc_21937	1
q_21213	doc_21938	1
q_21214	doc_21939	1
q_21215	doc_21940	1
q_21216	doc_21941	1
q_21217	doc_21942	1
q_21218	doc_21943	1
q_21219	doc_21944	1
q_21220	doc_21945	1
q_21221	doc_21946	1
q_21222	doc_21947	1
q_21223	doc_21948	1
q_21224	doc_21949	1
q_21225	doc_21950	1
q_21226	doc_21951	1
q_21227	doc_21952	1
q_21228	doc_21953	1
q_21229	doc_21954	1
q_21230	doc_21955	1
q_21231	doc_21956	1
q_21232	doc_21957	1
q_21233	doc_21958	1
q_21234	doc_21959	1
q_21235	doc_21960	1
q_21236	doc_21961	1
q_21237	doc_21962	1
q_21238	doc_21963	1
q_21239	doc_21964	1
q_21240	doc_21965	1
q_21241	doc_21966	1
q_21242	doc_21967	1
q_21243	doc_21968	1
q_21244	doc_21969	1
q_21245	doc_21970	1
q_21246	doc_21971	1
q_21247	doc_21972	1
q_21248	doc_21973	1
q_21249	doc_21974	1
q_21250	doc_21977	1
q_21251	doc_21978	1
q_21252	doc_21979	1
q_21253	doc_21980	1
q_21254	doc_21981	1
q_21255	doc_21982	1
q_21256	doc_21983	1
q_21257	doc_21984	1
q_21258	doc_21985	1
q_21259	doc_21986	1
q_21260	doc_21987	1
q_21261	doc_21988	1
q_21262	doc_21989	1
q_21263	doc_21990	1
q_21264	doc_21991	1
q_21265	doc_21992	1
q_21266	doc_21993	1
q_21267	doc_21994	1
q_21268	doc_21995	1
q_21269	doc_21996	1
q_21270	doc_21997	1
q_21271	doc_21998	1
q_21272	doc_21999	1
q_21273	doc_22000	1
q_21274	doc_22001	1
q_21275	doc_22002	1
q_21276	doc_22003	1
q_21277	doc_22004	1
q_21278	doc_22005	1
q_21279	doc_22006	1
q_21280	doc_22007	1
q_21281	doc_22008	1
q_21282	doc_22009	1
q_21283	doc_22010	1
q_21284	doc_22011	1
q_21285	doc_22012	1
q_21286	doc_22013	1
q_21287	doc_22014	1
q_21288	doc_22015	1
q_21289	doc_22016	1
q_21290	doc_22017	1
q_21291	doc_22018	1
q_21292	doc_22019	1
q_21293	doc_22020	1
q_21294	doc_22021	1
q_21295	doc_22022	1
q_21296	doc_22023	1
q_21297	doc_22024	1
q_21298	doc_22025	1
q_21299	doc_22026	1
q_21300	doc_22027	1
q_21301	doc_22028	1
q_21302	doc_22029	1
q_21303	doc_22030	1
q_21304	doc_22031	1
q_21305	doc_22032	1
q_21306	doc_22033	1
q_21307	doc_22034	1
q_21308	doc_22035	1
q_21309	doc_22036	1
q_21310	doc_22037	1
q_21311	doc_22038	1
q_21312	doc_22039	1
q_21313	doc_22040	1
q_21314	doc_22041	1
q_21315	doc_22042	1
q_21316	doc_22043	1
q_21317	doc_22044	1
q_21318	doc_22045	1
q_21319	doc_22046	1
q_21320	doc_22047	1
q_21321	doc_22048	1
q_21322	doc_22049	1
q_21323	doc_22050	1
q_21324	doc_22051	1
q_21325	doc_22052	1
q_21326	doc_22053	1
q_21327	doc_22054	1
q_21328	doc_22055	1
q_21329	doc_22056	1
q_21330	doc_22057	1
q_21331	doc_22058	1
q_21332	doc_22059	1
q_21333	doc_22060	1
q_21334	doc_22061	1
q_21335	doc_22062	1
q_21336	doc_22063	1
q_21337	doc_22064	1
q_21338	doc_22065	1
q_21339	doc_22066	1
q_21340	doc_22067	1
q_21341	doc_22068	1
q_21342	doc_22069	1
q_21343	doc_22070	1
q_21344	doc_22071	1
q_21345	doc_22072	1
q_21346	doc_22073	1
q_21347	doc_22074	1
q_21348	doc_22075	1
q_21349	doc_22076	1
q_21350	doc_22077	1
q_21351	doc_22078	1
q_21352	doc_22079	1
q_21353	doc_22080	1
q_21354	doc_22081	1
q_21355	doc_22082	1
q_21356	doc_22083	1
q_21357	doc_22084	1
q_21358	doc_22085	1
q_21359	doc_22086	1
q_21360	doc_22087	1
q_21361	doc_22088	1
q_21362	doc_22089	1
q_21363	doc_22090	1
q_21364	doc_22091	1
q_21365	doc_22092	1
q_21366	doc_22093	1
q_21367	doc_22094	1
q_21368	doc_22095	1
q_21369	doc_22096	1
q_21370	doc_22097	1
q_21371	doc_22098	1
q_21372	doc_22099	1
q_21373	doc_22100	1
q_21374	doc_22101	1
q_21375	doc_22102	1
q_21376	doc_22103	1
q_21377	doc_22104	1
q_21378	doc_22105	1
q_21379	doc_22106	1
q_21380	doc_22107	1
q_21381	doc_22108	1
q_21382	doc_22109	1
q_21383	doc_22110	1
q_21384	doc_22111	1
q_21385	doc_22112	1
q_21386	doc_22113	1
q_21387	doc_22114	1
q_21388	doc_22115	1
q_21389	doc_22116	1
q_21390	doc_22117	1
q_21391	doc_22118	1
q_21392	doc_22119	1
q_21393	doc_22120	1
q_21394	doc_22121	1
q_21395	doc_22122	1
q_21396	doc_22123	1
q_21397	doc_22124	1
q_21398	doc_22125	1
q_21399	doc_22126	1
q_21400	doc_22127	1
q_21401	doc_22128	1
q_21402	doc_22129	1
q_21403	doc_22130	1
q_21404	doc_22131	1
q_21405	doc_22132	1
q_21406	doc_22133	1
q_21407	doc_22134	1
q_21408	doc_22135	1
q_21409	doc_22136	1
q_21410	doc_22137	1
q_21411	doc_22138	1
q_21412	doc_22139	1
q_21413	doc_22140	1
q_21414	doc_22141	1
q_21415	doc_22142	1
q_21416	doc_22143	1
q_21417	doc_22144	1
q_21418	doc_22145	1
q_21419	doc_22146	1
q_21420	doc_22147	1
q_21421	doc_22148	1
q_21422	doc_22149	1
q_21423	doc_22150	1
q_21424	doc_22151	1
q_21425	doc_22152	1
q_21426	doc_22153	1
q_21427	doc_22154	1
q_21428	doc_22155	1
q_21429	doc_22156	1
q_21430	doc_22157	1
q_21431	doc_22158	1
q_21432	doc_22159	1
q_21433	doc_22160	1
q_21434	doc_22161	1
q_21435	doc_22162	1
q_21436	doc_22163	1
q_21437	doc_22164	1
q_21438	doc_22165	1
q_21439	doc_22166	1
q_21440	doc_22167	1
q_21441	doc_22168	1
q_21442	doc_22169	1
q_21443	doc_22170	1
q_21444	doc_22171	1
q_21445	doc_22172	1
q_21446	doc_22173	1
q_21447	doc_22174	1
q_21448	doc_22175	1
q_21449	doc_22176	1
q_21450	doc_22177	1
q_21451	doc_22178	1
q_21452	doc_22179	1
q_21453	doc_22180	1
q_21454	doc_22181	1
q_21455	doc_22182	1
q_21456	doc_22183	1
q_21457	doc_22184	1
q_21458	doc_22185	1
q_21459	doc_22186	1
q_21460	doc_22187	1
q_21461	doc_22188	1
q_21462	doc_22189	1
q_21463	doc_22190	1
q_21464	doc_22191	1
q_21465	doc_22192	1
q_21466	doc_22193	1
q_21467	doc_22194	1
q_21468	doc_22195	1
q_21469	doc_22196	1
q_21470	doc_22197	1
q_21471	doc_22198	1
q_21472	doc_22199	1
q_21473	doc_22200	1
q_21474	doc_22201	1
q_21475	doc_22202	1
q_21476	doc_22203	1
q_21477	doc_22204	1
q_21478	doc_22205	1
q_21479	doc_22206	1
q_21480	doc_22207	1
q_21481	doc_22208	1
q_21482	doc_22209	1
q_21483	doc_22210	1
q_21484	doc_22211	1
q_21485	doc_22212	1
q_21486	doc_22213	1
q_21487	doc_22214	1
q_21488	doc_22215	1
q_21489	doc_22216	1
q_21490	doc_22217	1
q_21491	doc_22218	1
q_21492	doc_22219	1
q_21493	doc_22220	1
q_21494	doc_22221	1
q_21495	doc_22222	1
q_21496	doc_22223	1
q_21497	doc_22224	1
q_21498	doc_22225	1
q_21499	doc_22226	1
q_21500	doc_22227	1
q_21501	doc_22228	1
q_21502	doc_22229	1
q_21503	doc_22230	1
q_21504	doc_22231	1
q_21505	doc_22232	1
q_21506	doc_22233	1
q_21507	doc_22234	1
q_21508	doc_22235	1
q_21509	doc_22236	1
q_21510	doc_22237	1
q_21511	doc_22238	1
q_21512	doc_22239	1
q_21513	doc_22240	1
q_21514	doc_22241	1
q_21515	doc_22242	1
q_21516	doc_22243	1
q_21517	doc_22244	1
q_21518	doc_22245	1
q_21519	doc_22246	1
q_21520	doc_22247	1
q_21521	doc_22248	1
q_21522	doc_22249	1
q_21523	doc_22250	1
q_21524	doc_22251	1
q_21525	doc_22252	1
q_21526	doc_22253	1
q_21527	doc_22254	1
q_21528	doc_22255	1
q_21529	doc_22256	1
q_21530	doc_22257	1
q_21531	doc_22258	1
q_21532	doc_22259	1
q_21533	doc_22260	1
q_21534	doc_22261	1
q_21535	doc_22262	1
q_21536	doc_22263	1
q_21537	doc_22264	1
q_21538	doc_22265	1
q_21539	doc_22266	1
q_21540	doc_22267	1
q_21541	doc_22268	1
q_21542	doc_22269	1
q_21543	doc_22270	1
q_21544	doc_22271	1
q_21545	doc_22272	1
q_21546	doc_22273	1
q_21547	doc_22274	1
q_21548	doc_22275	1
q_21549	doc_22276	1
q_21550	doc_22277	1
q_21551	doc_22278	1
q_21552	doc_22279	1
q_21553	doc_22280	1
q_21554	doc_22281	1
q_21555	doc_22282	1
q_21556	doc_22283	1
q_21557	doc_22286	1
q_21558	doc_22287	1
q_21559	doc_22288	1
q_21560	doc_22289	1
q_21561	doc_22290	1
q_21562	doc_22291	1
q_21563	doc_22292	1
q_21564	doc_22293	1
q_21565	doc_22294	1
q_21566	doc_22295	1
q_21567	doc_22296	1
q_21568	doc_22297	1
q_21569	doc_22298	1
q_21570	doc_22299	1
q_21571	doc_22300	1
q_21572	doc_22301	1
q_21573	doc_22302	1
q_21574	doc_22303	1
q_21575	doc_22304	1
q_21576	doc_22305	1
q_21577	doc_22306	1
q_21578	doc_22307	1
q_21579	doc_22308	1
q_21580	doc_22309	1
q_21581	doc_22310	1
q_21582	doc_22311	1
q_21583	doc_22312	1
q_21584	doc_22313	1
q_21585	doc_22314	1
q_21586	doc_22315	1
q_21587	doc_22316	1
q_21588	doc_22317	1
q_21589	doc_22318	1
q_21590	doc_22319	1
q_21591	doc_22320	1
q_21592	doc_22321	1
q_21593	doc_22322	1
q_21594	doc_22323	1
q_21595	doc_22324	1
q_21596	doc_22325	1
q_21597	doc_22326	1
q_21598	doc_22327	1
q_21599	doc_22328	1
q_21600	doc_22329	1
q_21601	doc_22330	1
q_21602	doc_22331	1
q_21603	doc_22332	1
q_21604	doc_22333	1
q_21605	doc_22334	1
q_21606	doc_22335	1
q_21607	doc_22336	1
q_21608	doc_22337	1
q_21609	doc_22338	1
q_21610	doc_22339	1
q_21611	doc_22340	1
q_21612	doc_22341	1
q_21613	doc_22342	1
q_21614	doc_22343	1
q_21615	doc_22344	1
q_21616	doc_22345	1
q_21617	doc_22346	1
q_21618	doc_22347	1
q_21619	doc_22348	1
q_21620	doc_22349	1
q_21621	doc_22350	1
q_21622	doc_22351	1
q_21623	doc_22352	1
q_21624	doc_22353	1
q_21625	doc_22354	1
q_21626	doc_22355	1
q_21627	doc_22356	1
q_21628	doc_22357	1
q_21629	doc_22358	1
q_21630	doc_22359	1
q_21631	doc_22360	1
q_21632	doc_22361	1
q_21633	doc_22362	1
q_21634	doc_22363	1
q_21635	doc_22364	1
q_21636	doc_22365	1
q_21637	doc_22366	1
q_21638	doc_22367	1
q_21639	doc_22368	1
q_21640	doc_22369	1
q_21641	doc_22370	1
q_21642	doc_22371	1
q_21643	doc_22372	1
q_21644	doc_22373	1
q_21645	doc_22374	1
q_21646	doc_22375	1
q_21647	doc_22376	1
q_21648	doc_22377	1
q_21649	doc_22378	1
q_21650	doc_22379	1
q_21651	doc_22380	1
q_21652	doc_22381	1
q_21653	doc_22382	1
q_21654	doc_22383	1
q_21655	doc_22384	1
q_21656	doc_22385	1
q_21657	doc_22386	1
q_21658	doc_22387	1
q_21659	doc_22388	1
q_21660	doc_22389	1
q_21661	doc_22390	1
q_21662	doc_22391	1
q_21663	doc_22392	1
q_21664	doc_22393	1
q_21665	doc_22394	1
q_21666	doc_22395	1
q_21667	doc_22396	1
q_21668	doc_22397	1
q_21669	doc_22398	1
q_21670	doc_22399	1
q_21671	doc_22400	1
q_21672	doc_22401	1
q_21673	doc_22402	1
q_21674	doc_22403	1
q_21675	doc_22404	1
q_21676	doc_22405	1
q_21677	doc_22406	1
q_21678	doc_22407	1
q_21679	doc_22408	1
q_21680	doc_22409	1
q_21681	doc_22410	1
q_21682	doc_22411	1
q_21683	doc_22412	1
q_21684	doc_22413	1
q_21685	doc_22414	1
q_21686	doc_22415	1
q_21687	doc_22416	1
q_21688	doc_22417	1
q_21689	doc_22418	1
q_21690	doc_22419	1
q_21691	doc_22420	1
q_21692	doc_22421	1
q_21693	doc_22422	1
q_21694	doc_22423	1
q_21695	doc_22424	1
q_21696	doc_22425	1
q_21697	doc_22426	1
q_21698	doc_22427	1
q_21699	doc_22428	1
q_21700	doc_22429	1
q_21701	doc_22430	1
q_21702	doc_22431	1
q_21703	doc_22432	1
q_21704	doc_22433	1
q_21705	doc_22434	1
q_21706	doc_22435	1
q_21707	doc_22436	1
q_21708	doc_22437	1
q_21709	doc_22438	1
q_21710	doc_22439	1
q_21711	doc_22440	1
q_21712	doc_22441	1
q_21713	doc_22442	1
q_21714	doc_22443	1
q_21715	doc_22444	1
q_21716	doc_22445	1
q_21717	doc_22446	1
q_21718	doc_22447	1
q_21719	doc_22448	1
q_21720	doc_22449	1
q_21721	doc_22450	1
q_21722	doc_22451	1
q_21723	doc_22452	1
q_21724	doc_22453	1
q_21725	doc_22454	1
q_21726	doc_22455	1
q_21727	doc_22456	1
q_21728	doc_22457	1
q_21729	doc_22458	1
q_21730	doc_22459	1
q_21731	doc_22460	1
q_21732	doc_22461	1
q_21733	doc_22462	1
q_21734	doc_22463	1
q_21735	doc_22464	1
q_21736	doc_22465	1
q_21737	doc_22466	1
q_21738	doc_22467	1
q_21739	doc_22468	1
q_21740	doc_22469	1
q_21741	doc_22470	1
q_21742	doc_22471	1
q_21743	doc_22472	1
q_21744	doc_22473	1
q_21745	doc_22474	1
q_21746	doc_22475	1
q_21747	doc_22476	1
q_21748	doc_22477	1
q_21749	doc_22478	1
q_21750	doc_22479	1
q_21751	doc_22480	1
q_21752	doc_22481	1
q_21753	doc_22482	1
q_21754	doc_22483	1
q_21755	doc_22484	1
q_21756	doc_22485	1
q_21757	doc_22486	1
q_21758	doc_22487	1
q_21759	doc_22488	1
q_21760	doc_22489	1
q_21761	doc_22490	1
q_21762	doc_22491	1
q_21763	doc_22492	1
q_21764	doc_22493	1
q_21765	doc_22494	1
q_21766	doc_22495	1
q_21767	doc_22496	1
q_21768	doc_22497	1
q_21769	doc_22498	1
q_21770	doc_22499	1
q_21771	doc_22500	1
q_21772	doc_22501	1
q_21773	doc_22502	1
q_21774	doc_22503	1
q_21775	doc_22504	1
q_21776	doc_22505	1
q_21777	doc_22506	1
q_21778	doc_22507	1
q_21779	doc_22508	1
q_21780	doc_22509	1
q_21781	doc_22510	1
q_21782	doc_22511	1
q_21783	doc_22512	1
q_21784	doc_22513	1
q_21785	doc_22514	1
q_21786	doc_22515	1
q_21787	doc_22516	1
q_21788	doc_22517	1
q_21789	doc_22518	1
q_21790	doc_22519	1
q_21791	doc_22520	1
q_21792	doc_22521	1
q_21793	doc_22522	1
q_21794	doc_22523	1
q_21795	doc_22524	1
q_21796	doc_22525	1
q_21797	doc_22526	1
q_21798	doc_22527	1
q_21799	doc_22528	1
q_21800	doc_22529	1
q_21801	doc_22530	1
q_21802	doc_22531	1
q_21803	doc_22532	1
q_21804	doc_22533	1
q_21805	doc_22534	1
q_21806	doc_22535	1
q_21807	doc_22536	1
q_21808	doc_22537	1
q_21809	doc_22538	1
q_21810	doc_22539	1
q_21811	doc_22540	1
q_21812	doc_22541	1
q_21813	doc_22542	1
q_21814	doc_22543	1
q_21815	doc_22544	1
q_21816	doc_22545	1
q_21817	doc_22546	1
q_21818	doc_22547	1
q_21819	doc_22548	1
q_21820	doc_22549	1
q_21821	doc_22550	1
q_21822	doc_22551	1
q_21823	doc_22552	1
q_21824	doc_22553	1
q_21825	doc_22554	1
q_21826	doc_22555	1
q_21827	doc_22556	1
q_21828	doc_22557	1
q_21829	doc_22558	1
q_21830	doc_22559	1
q_21831	doc_22560	1
q_21832	doc_22561	1
q_21833	doc_22562	1
q_21834	doc_22563	1
q_21835	doc_22564	1
q_21836	doc_22565	1
q_21837	doc_22566	1
q_21838	doc_22567	1
q_21839	doc_22568	1
q_21840	doc_22569	1
q_21841	doc_22570	1
q_21842	doc_22571	1
q_21843	doc_22572	1
q_21844	doc_22573	1
q_21845	doc_22574	1
q_21846	doc_22575	1
q_21847	doc_22576	1
q_21848	doc_22577	1
q_21849	doc_22578	1
q_21850	doc_22579	1
q_21851	doc_22580	1
q_21852	doc_22581	1
q_21853	doc_22582	1
q_21854	doc_22583	1
q_21855	doc_22584	1
q_21856	doc_22585	1
q_21857	doc_22586	1
q_21858	doc_22587	1
q_21859	doc_22588	1
q_21860	doc_22589	1
q_21861	doc_22590	1
q_21862	doc_22591	1
q_21863	doc_22592	1
q_21864	doc_22593	1
q_21865	doc_22594	1
q_21866	doc_22595	1
q_21867	doc_22596	1
q_21868	doc_22597	1
q_21869	doc_22598	1
q_21870	doc_22599	1
q_21871	doc_22600	1
q_21872	doc_22601	1
q_21873	doc_22602	1
q_21874	doc_22603	1
q_21875	doc_22604	1
q_21876	doc_22605	1
q_21877	doc_22606	1
q_21878	doc_22607	1
q_21879	doc_22608	1
q_21880	doc_22609	1
q_21881	doc_22610	1
q_21882	doc_22611	1
q_21883	doc_22612	1
q_21884	doc_22613	1
q_21885	doc_22614	1
q_21886	doc_22615	1
q_21887	doc_22616	1
q_21888	doc_22617	1
q_21889	doc_22618	1
q_21890	doc_22619	1
q_21891	doc_22620	1
q_21892	doc_22621	1
q_21893	doc_22622	1
q_21894	doc_22623	1
q_21895	doc_22624	1
q_21896	doc_22625	1
q_21897	doc_22626	1
q_21898	doc_22627	1
q_21899	doc_22628	1
q_21900	doc_22629	1
q_21901	doc_22630	1
q_21902	doc_22631	1
q_21903	doc_22632	1
q_21904	doc_22633	1
q_21905	doc_22634	1
q_21906	doc_22635	1
q_21907	doc_22636	1
q_21908	doc_22637	1
q_21909	doc_22638	1
q_21910	doc_22639	1
q_21911	doc_22640	1
q_21912	doc_22641	1
q_21913	doc_22642	1
q_21914	doc_22643	1
q_21915	doc_22644	1
q_21916	doc_22645	1
q_21917	doc_22646	1
q_21918	doc_22647	1
q_21919	doc_22648	1
q_21920	doc_22649	1
q_21921	doc_22650	1
q_21922	doc_22651	1
q_21923	doc_22652	1
q_21924	doc_22653	1
q_21925	doc_22654	1
q_21926	doc_22655	1
q_21927	doc_22656	1
q_21928	doc_22657	1
q_21929	doc_22658	1
q_21930	doc_22659	1
q_21931	doc_22660	1
q_21932	doc_22661	1
q_21933	doc_22662	1
q_21934	doc_22663	1
q_21935	doc_22664	1
q_21936	doc_22665	1
q_21937	doc_22666	1
q_21938	doc_22667	1
q_21939	doc_22668	1
q_21940	doc_22669	1
q_21941	doc_22670	1
q_21942	doc_22671	1
q_21943	doc_22672	1
q_21944	doc_22673	1
q_21945	doc_22674	1
q_21946	doc_22675	1
q_21947	doc_22676	1
q_21948	doc_22677	1
q_21949	doc_22678	1
q_21950	doc_22679	1
q_21951	doc_22680	1
q_21952	doc_22681	1
q_21953	doc_22682	1
q_21954	doc_22683	1
q_21955	doc_22684	1
q_21956	doc_22685	1
q_21957	doc_22686	1
q_21958	doc_22687	1
q_21959	doc_22688	1
q_21960	doc_22689	1
q_21961	doc_22690	1
q_21962	doc_22691	1
q_21963	doc_22692	1
q_21964	doc_22693	1
q_21965	doc_22694	1
q_21966	doc_22695	1
q_21967	doc_22696	1
q_21968	doc_22697	1
q_21969	doc_22698	1
q_21970	doc_22699	1
q_21971	doc_22700	1
q_21972	doc_22701	1
q_21973	doc_22702	1
q_21974	doc_22705	1
q_21975	doc_22706	1
q_21976	doc_22707	1
q_21977	doc_22708	1
q_21978	doc_22709	1
q_21979	doc_22710	1
q_21980	doc_22711	1
q_21981	doc_22712	1
q_21982	doc_22713	1
q_21983	doc_22714	1
q_21984	doc_22715	1
q_21985	doc_22716	1
q_21986	doc_22717	1
q_21987	doc_22718	1
q_21988	doc_22719	1
q_21989	doc_22720	1
q_21990	doc_22721	1
q_21991	doc_22722	1
q_21992	doc_22723	1
q_21993	doc_22724	1
q_21994	doc_22725	1
q_21995	doc_22726	1
q_21996	doc_22727	1
q_21997	doc_22728	1
q_21998	doc_22729	1
q_21999	doc_22730	1
q_22000	doc_22731	1
q_22001	doc_22732	1
q_22002	doc_22733	1
q_22003	doc_22734	1
q_22004	doc_22735	1
q_22005	doc_22736	1
q_22006	doc_22737	1
q_22007	doc_22738	1
q_22008	doc_22739	1
q_22009	doc_22740	1
q_22010	doc_22741	1
q_22011	doc_22742	1
q_22012	doc_22743	1
q_22013	doc_22744	1
q_22014	doc_22745	1
q_22015	doc_22746	1
q_22016	doc_22747	1
q_22017	doc_22748	1
q_22018	doc_22749	1
q_22019	doc_22750	1
q_22020	doc_22751	1
q_22021	doc_22752	1
q_22022	doc_22753	1
q_22023	doc_22754	1
q_22024	doc_22755	1
q_22025	doc_22756	1
q_22026	doc_22757	1
q_22027	doc_22758	1
q_22028	doc_22759	1
q_22029	doc_22760	1
q_22030	doc_22761	1
q_22031	doc_22762	1
q_22032	doc_22763	1
q_22033	doc_22764	1
q_22034	doc_22765	1
q_22035	doc_22766	1
q_22036	doc_22767	1
q_22037	doc_22768	1
q_22038	doc_22769	1
q_22039	doc_22770	1
q_22040	doc_22771	1
q_22041	doc_22772	1
q_22042	doc_22773	1
q_22043	doc_22774	1
q_22044	doc_22775	1
q_22045	doc_22776	1
q_22046	doc_22777	1
q_22047	doc_22778	1
q_22048	doc_22779	1
q_22049	doc_22780	1
q_22050	doc_22781	1
q_22051	doc_22782	1
q_22052	doc_22783	1
q_22053	doc_22784	1
q_22054	doc_22785	1
q_22055	doc_22786	1
q_22056	doc_22787	1
q_22057	doc_22788	1
q_22058	doc_22789	1
q_22059	doc_22790	1
q_22060	doc_22791	1
q_22061	doc_22792	1
q_22062	doc_22793	1
q_22063	doc_22794	1
q_22064	doc_22795	1
q_22065	doc_22796	1
q_22066	doc_22797	1
q_22067	doc_22798	1
q_22068	doc_22799	1
q_22069	doc_22800	1
q_22070	doc_22801	1
q_22071	doc_22802	1
q_22072	doc_22803	1
q_22073	doc_22804	1
q_22074	doc_22805	1
q_22075	doc_22806	1
q_22076	doc_22807	1
q_22077	doc_22808	1
q_22078	doc_22809	1
q_22079	doc_22810	1
q_22080	doc_22811	1
q_22081	doc_22812	1
q_22082	doc_22813	1
q_22083	doc_22814	1
q_22084	doc_22815	1
q_22085	doc_22816	1
q_22086	doc_22817	1
q_22087	doc_22818	1
q_22088	doc_22819	1
q_22089	doc_22820	1
q_22090	doc_22821	1
q_22091	doc_22822	1
q_22092	doc_22823	1
q_22093	doc_22824	1
q_22094	doc_22826	1
q_22095	doc_22827	1
q_22096	doc_22828	1
q_22097	doc_22829	1
q_22098	doc_22830	1
q_22099	doc_22831	1
q_22100	doc_22834	1
q_22101	doc_22837	1
q_22102	doc_22838	1
q_22103	doc_22841	1
q_22104	doc_22842	1
q_22105	doc_22843	1
q_22106	doc_22844	1
q_22107	doc_22845	1
q_22108	doc_22846	1
q_22109	doc_22847	1
q_22110	doc_22848	1
q_22111	doc_22849	1
q_22112	doc_22850	1
q_22113	doc_22851	1
q_22114	doc_22852	1
q_22115	doc_22853	1
q_22116	doc_22854	1
q_22117	doc_22855	1
q_22118	doc_22856	1
q_22119	doc_22857	1
q_22120	doc_22858	1
q_22121	doc_22859	1
q_22122	doc_22860	1
q_22123	doc_22861	1
q_22124	doc_22862	1
q_22125	doc_22863	1
q_22126	doc_22864	1
q_22127	doc_22865	1
q_22128	doc_22866	1
q_22129	doc_22867	1
q_22130	doc_22868	1
q_22131	doc_22869	1
q_22132	doc_22870	1
q_22133	doc_22871	1
q_22134	doc_22872	1
q_22135	doc_22873	1
q_22136	doc_22874	1
q_22137	doc_22875	1
q_22138	doc_22876	1
q_22139	doc_22877	1
q_22140	doc_22878	1
q_22141	doc_22879	1
q_22142	doc_22880	1
q_22143	doc_22881	1
q_22144	doc_22882	1
q_22145	doc_22883	1
q_22146	doc_22884	1
q_22147	doc_22885	1
q_22148	doc_22886	1
q_22149	doc_22887	1
q_22150	doc_22888	1
q_22151	doc_22889	1
q_22152	doc_22890	1
q_22153	doc_22891	1
q_22154	doc_22892	1
q_22155	doc_22893	1
q_22156	doc_22894	1
q_22157	doc_22895	1
q_22158	doc_22896	1
q_22159	doc_22897	1
q_22160	doc_22898	1
q_22161	doc_22899	1
q_22162	doc_22900	1
q_22163	doc_22901	1
q_22164	doc_22902	1
q_22165	doc_22903	1
q_22166	doc_22904	1
q_22167	doc_22905	1
q_22168	doc_22906	1
q_22169	doc_22907	1
q_22170	doc_22908	1
q_22171	doc_22909	1
q_22172	doc_22910	1
q_22173	doc_22911	1
q_22174	doc_22912	1
q_22175	doc_22913	1
q_22176	doc_22914	1
q_22177	doc_22915	1
q_22178	doc_22916	1
q_22179	doc_22917	1
q_22180	doc_22918	1
q_22181	doc_22919	1
q_22182	doc_22920	1
q_22183	doc_22921	1
q_22184	doc_22924	1
q_22185	doc_22925	1
q_22186	doc_22928	1
q_22187	doc_22929	1
q_22188	doc_22930	1
q_22189	doc_22931	1
q_22190	doc_22932	1
q_22191	doc_22933	1
q_22192	doc_22934	1
q_22193	doc_22935	1
q_22194	doc_22936	1
q_22195	doc_22937	1
q_22196	doc_22938	1
q_22197	doc_22939	1
q_22198	doc_22940	1
q_22199	doc_22941	1
q_22200	doc_22942	1
q_22201	doc_22943	1
q_22202	doc_22944	1
q_22203	doc_22945	1
q_22204	doc_22946	1
q_22205	doc_22947	1
q_22206	doc_22948	1
q_22207	doc_22949	1
q_22208	doc_22950	1
q_22209	doc_22951	1
q_22210	doc_22952	1
q_22211	doc_22953	1
q_22212	doc_22954	1
q_22213	doc_22955	1
q_22214	doc_22956	1
q_22215	doc_22957	1
q_22216	doc_22958	1
q_22217	doc_22959	1
q_22218	doc_22960	1
q_22219	doc_22961	1
q_22220	doc_22962	1
q_22221	doc_22963	1
q_22222	doc_22964	1
q_22223	doc_22965	1
q_22224	doc_22966	1
q_22225	doc_22967	1
q_22226	doc_22968	1
q_22227	doc_22969	1
q_22228	doc_22970	1
q_22229	doc_22971	1
q_22230	doc_22972	1
q_22231	doc_22973	1
q_22232	doc_22974	1
q_22233	doc_22975	1
q_22234	doc_22976	1
q_22235	doc_22977	1
q_22236	doc_22978	1
q_22237	doc_22979	1
q_22238	doc_22980	1
q_22239	doc_22981	1
q_22240	doc_22982	1
q_22241	doc_22983	1
q_22242	doc_22984	1
q_22243	doc_22985	1
q_22244	doc_22986	1
q_22245	doc_22987	1
q_22246	doc_22988	1
q_22247	doc_22989	1
q_22248	doc_22990	1
q_22249	doc_22991	1
q_22250	doc_22992	1
q_22251	doc_22993	1
q_22252	doc_22994	1
q_22253	doc_22995	1
q_22254	doc_22996	1
q_22255	doc_22997	1
q_22256	doc_22998	1
q_22257	doc_22999	1
q_22258	doc_23000	1
q_22259	doc_23001	1
q_22260	doc_23002	1
q_22261	doc_23003	1
q_22262	doc_23004	1
q_22263	doc_23005	1
q_22264	doc_23006	1
q_22265	doc_23007	1
q_22266	doc_23008	1
q_22267	doc_23009	1
q_22268	doc_23010	1
q_22269	doc_23011	1
q_22270	doc_23012	1
q_22271	doc_23013	1
q_22272	doc_23014	1
q_22273	doc_23015	1
q_22274	doc_23016	1
q_22275	doc_23017	1
q_22276	doc_23018	1
q_22277	doc_23019	1
q_22278	doc_23020	1
q_22279	doc_23021	1
q_22280	doc_23022	1
q_22281	doc_23023	1
q_22282	doc_23024	1
q_22283	doc_23025	1
q_22284	doc_23026	1
q_22285	doc_23027	1
q_22286	doc_23028	1
q_22287	doc_23029	1
q_22288	doc_23030	1
q_22289	doc_23031	1
q_22290	doc_23032	1
q_22291	doc_23033	1
q_22292	doc_23034	1
q_22293	doc_23035	1
q_22294	doc_23036	1
q_22295	doc_23037	1
q_22296	doc_23038	1
q_22297	doc_23039	1
q_22298	doc_23040	1
q_22299	doc_23041	1
q_22300	doc_23042	1
q_22301	doc_23043	1
q_22302	doc_23044	1
q_22303	doc_23045	1
q_22304	doc_23046	1
q_22305	doc_23047	1
q_22306	doc_23048	1
q_22307	doc_23049	1
q_22308	doc_23050	1
q_22309	doc_23051	1
q_22310	doc_23052	1
q_22311	doc_23053	1
q_22312	doc_23054	1
q_22313	doc_23055	1
q_22314	doc_23056	1
q_22315	doc_23057	1
q_22316	doc_23058	1
q_22317	doc_23059	1
q_22318	doc_23060	1
q_22319	doc_23061	1
q_22320	doc_23062	1
q_22321	doc_23063	1
q_22322	doc_23064	1
q_22323	doc_23065	1
q_22324	doc_23066	1
q_22325	doc_23067	1
q_22326	doc_23068	1
q_22327	doc_23069	1
q_22328	doc_23070	1
q_22329	doc_23071	1
q_22330	doc_23072	1
q_22331	doc_23073	1
q_22332	doc_23074	1
q_22333	doc_23075	1
q_22334	doc_23076	1
q_22335	doc_23077	1
q_22336	doc_23078	1
q_22337	doc_23079	1
q_22338	doc_23080	1
q_22339	doc_23081	1
q_22340	doc_23082	1
q_22341	doc_23083	1
q_22342	doc_23084	1
q_22343	doc_23085	1
q_22344	doc_23086	1
q_22345	doc_23087	1
q_22346	doc_23090	1
q_22347	doc_23091	1
q_22348	doc_23092	1
q_22349	doc_23093	1
q_22350	doc_23094	1
q_22351	doc_23095	1
q_22352	doc_23096	1
q_22353	doc_23097	1
q_22354	doc_23098	1
q_22355	doc_23099	1
q_22356	doc_23100	1
q_22357	doc_23101	1
q_22358	doc_23102	1
q_22359	doc_23103	1
q_22360	doc_23104	1
q_22361	doc_23105	1
q_22362	doc_23106	1
q_22363	doc_23107	1
q_22364	doc_23108	1
q_22365	doc_23109	1
q_22366	doc_23110	1
q_22367	doc_23111	1
q_22368	doc_23112	1
q_22369	doc_23113	1
q_22370	doc_23114	1
q_22371	doc_23115	1
q_22372	doc_23116	1
q_22373	doc_23117	1
q_22374	doc_23118	1
q_22375	doc_23119	1
q_22376	doc_23120	1
q_22377	doc_23121	1
q_22378	doc_23122	1
q_22379	doc_23123	1
q_22380	doc_23124	1
q_22381	doc_23125	1
q_22382	doc_23126	1
q_22383	doc_23127	1
q_22384	doc_23128	1
q_22385	doc_23129	1
q_22386	doc_23130	1
q_22387	doc_23131	1
q_22388	doc_23132	1
q_22389	doc_23133	1
q_22390	doc_23134	1
q_22391	doc_23135	1
q_22392	doc_23136	1
q_22393	doc_23141	1
q_22394	doc_23142	1
q_22395	doc_23143	1
q_22396	doc_23144	1
q_22397	doc_23145	1
q_22398	doc_23146	1
q_22399	doc_23147	1
q_22400	doc_23148	1
q_22401	doc_23149	1
q_22402	doc_23150	1
q_22403	doc_23151	1
q_22404	doc_23152	1
q_22405	doc_23153	1
q_22406	doc_23154	1
q_22407	doc_23155	1
q_22408	doc_23156	1
q_22409	doc_23157	1
q_22410	doc_23158	1
q_22411	doc_23159	1
q_22412	doc_23160	1
q_22413	doc_23161	1
q_22414	doc_23162	1
q_22415	doc_23163	1
q_22416	doc_23164	1
q_22417	doc_23165	1
q_22418	doc_23166	1
q_22419	doc_23167	1
q_22420	doc_23168	1
q_22421	doc_23169	1
q_22422	doc_23170	1
q_22423	doc_23171	1
q_22424	doc_23172	1
q_22425	doc_23173	1
q_22426	doc_23174	1
q_22427	doc_23175	1
q_22428	doc_23176	1
q_22429	doc_23177	1
q_22430	doc_23178	1
q_22431	doc_23179	1
q_22432	doc_23180	1
q_22433	doc_23181	1
q_22434	doc_23182	1
q_22435	doc_23183	1
q_22436	doc_23184	1
q_22437	doc_23185	1
q_22438	doc_23186	1
q_22439	doc_23187	1
q_22440	doc_23188	1
q_22441	doc_23189	1
q_22442	doc_23190	1
q_22443	doc_23191	1
q_22444	doc_23192	1
q_22445	doc_23193	1
q_22446	doc_23194	1
q_22447	doc_23195	1
q_22448	doc_23196	1
q_22449	doc_23197	1
q_22450	doc_23198	1
q_22451	doc_23199	1
q_22452	doc_23200	1
q_22453	doc_23201	1
q_22454	doc_23202	1
q_22455	doc_23203	1
q_22456	doc_23204	1
q_22457	doc_23205	1
q_22458	doc_23206	1
q_22459	doc_23207	1
q_22460	doc_23208	1
q_22461	doc_23209	1
q_22462	doc_23210	1
q_22463	doc_23211	1
q_22464	doc_23212	1
q_22465	doc_23213	1
q_22466	doc_23214	1
q_22467	doc_23215	1
q_22468	doc_23216	1
q_22469	doc_23217	1
q_22470	doc_23218	1
q_22471	doc_23219	1
q_22472	doc_23220	1
q_22473	doc_23221	1
q_22474	doc_23222	1
q_22475	doc_23223	1
q_22476	doc_23224	1
q_22477	doc_23225	1
q_22478	doc_23226	1
q_22479	doc_23227	1
q_22480	doc_23228	1
q_22481	doc_23229	1
q_22482	doc_23230	1
q_22483	doc_23231	1
q_22484	doc_23232	1
q_22485	doc_23233	1
q_22486	doc_23234	1
q_22487	doc_23235	1
q_22488	doc_23236	1
q_22489	doc_23237	1
q_22490	doc_23238	1
q_22491	doc_23239	1
q_22492	doc_23240	1
q_22493	doc_23241	1
q_22494	doc_23242	1
q_22495	doc_23243	1
q_22496	doc_23244	1
q_22497	doc_23245	1
q_22498	doc_23246	1
q_22499	doc_23247	1
q_22500	doc_23248	1
q_22501	doc_23249	1
q_22502	doc_23250	1
q_22503	doc_23251	1
q_22504	doc_23252	1
q_22505	doc_23253	1
q_22506	doc_23254	1
q_22507	doc_23255	1
q_22508	doc_23256	1
q_22509	doc_23257	1
q_22510	doc_23258	1
q_22511	doc_23259	1
q_22512	doc_23260	1
q_22513	doc_23261	1
q_22514	doc_23262	1
q_22515	doc_23263	1
q_22516	doc_23264	1
q_22517	doc_23265	1
q_22518	doc_23266	1
q_22519	doc_23267	1
q_22520	doc_23268	1
q_22521	doc_23269	1
q_22522	doc_23270	1
q_22523	doc_23271	1
q_22524	doc_23272	1
q_22525	doc_23273	1
q_22526	doc_23274	1
q_22527	doc_23275	1
q_22528	doc_23276	1
q_22529	doc_23277	1
q_22530	doc_23278	1
q_22531	doc_23279	1
q_22532	doc_23280	1
q_22533	doc_23281	1
q_22534	doc_23282	1
q_22535	doc_23283	1
q_22536	doc_23284	1
q_22537	doc_23285	1
q_22538	doc_23286	1
q_22539	doc_23287	1
q_22540	doc_23288	1
q_22541	doc_23289	1
q_22542	doc_23290	1
q_22543	doc_23291	1
q_22544	doc_23292	1
q_22545	doc_23293	1
q_22546	doc_23294	1
q_22547	doc_23295	1
q_22548	doc_23296	1
q_22549	doc_23297	1
q_22550	doc_23298	1
q_22551	doc_23299	1
q_22552	doc_23300	1
q_22553	doc_23301	1
q_22554	doc_23302	1
q_22555	doc_23303	1
q_22556	doc_23304	1
q_22557	doc_23305	1
q_22558	doc_23306	1
q_22559	doc_23307	1
q_22560	doc_23308	1
q_22561	doc_23309	1
q_22562	doc_23310	1
q_22563	doc_23311	1
q_22564	doc_23314	1
q_22565	doc_23315	1
q_22566	doc_23316	1
q_22567	doc_23317	1
q_22568	doc_23318	1
q_22569	doc_23319	1
q_22570	doc_23320	1
q_22571	doc_23321	1
q_22572	doc_23322	1
q_22573	doc_23323	1
q_22574	doc_23324	1
q_22575	doc_23325	1
q_22576	doc_23326	1
q_22577	doc_23327	1
q_22578	doc_23328	1
q_22579	doc_23329	1
q_22580	doc_23330	1
q_22581	doc_23331	1
q_22582	doc_23332	1
q_22583	doc_23333	1
q_22584	doc_23334	1
q_22585	doc_23335	1
q_22586	doc_23336	1
q_22587	doc_23337	1
q_22588	doc_23338	1
q_22589	doc_23339	1
q_22590	doc_23340	1
q_22591	doc_23341	1
q_22592	doc_23342	1
q_22593	doc_23343	1
q_22594	doc_23344	1
q_22595	doc_23345	1
q_22596	doc_23346	1
q_22597	doc_23347	1
q_22598	doc_23348	1
q_22599	doc_23349	1
q_22600	doc_23350	1
q_22601	doc_23351	1
q_22602	doc_23352	1
q_22603	doc_23353	1
q_22604	doc_23354	1
q_22605	doc_23355	1
q_22606	doc_23356	1
q_22607	doc_23357	1
q_22608	doc_23358	1
q_22609	doc_23359	1
q_22610	doc_23360	1
q_22611	doc_23361	1
q_22612	doc_23362	1
q_22613	doc_23363	1
q_22614	doc_23364	1
q_22615	doc_23365	1
q_22616	doc_23366	1
q_22617	doc_23367	1
q_22618	doc_23368	1
q_22619	doc_23369	1
q_22620	doc_23370	1
q_22621	doc_23371	1
q_22622	doc_23372	1
q_22623	doc_23373	1
q_22624	doc_23374	1
q_22625	doc_23375	1
q_22626	doc_23376	1
q_22627	doc_23377	1
q_22628	doc_23378	1
q_22629	doc_23379	1
q_22630	doc_23380	1
q_22631	doc_23381	1
q_22632	doc_23382	1
q_22633	doc_23383	1
q_22634	doc_23384	1
q_22635	doc_23385	1
q_22636	doc_23386	1
q_22637	doc_23387	1
q_22638	doc_23388	1
q_22639	doc_23389	1
q_22640	doc_23390	1
q_22641	doc_23391	1
q_22642	doc_23392	1
q_22643	doc_23393	1
q_22644	doc_23394	1
q_22645	doc_23395	1
q_22646	doc_23396	1
q_22647	doc_23397	1
q_22648	doc_23398	1
q_22649	doc_23399	1
q_22650	doc_23400	1
q_22651	doc_23401	1
q_22652	doc_23402	1
q_22653	doc_23403	1
q_22654	doc_23404	1
q_22655	doc_23405	1
q_22656	doc_23406	1
q_22657	doc_23407	1
q_22658	doc_23408	1
q_22659	doc_23409	1
q_22660	doc_23410	1
q_22661	doc_23411	1
q_22662	doc_23412	1
q_22663	doc_23413	1
q_22664	doc_23414	1
q_22665	doc_23415	1
q_22666	doc_23416	1
q_22667	doc_23417	1
q_22668	doc_23418	1
q_22669	doc_23419	1
q_22670	doc_23420	1
q_22671	doc_23421	1
q_22672	doc_23422	1
q_22673	doc_23423	1
q_22674	doc_23424	1
q_22675	doc_23425	1
q_22676	doc_23426	1
q_22677	doc_23427	1
q_22678	doc_23428	1
q_22679	doc_23429	1
q_22680	doc_23430	1
q_22681	doc_23431	1
q_22682	doc_23432	1
q_22683	doc_23433	1
q_22684	doc_23434	1
q_22685	doc_23435	1
q_22686	doc_23436	1
q_22687	doc_23437	1
q_22688	doc_23438	1
q_22689	doc_23439	1
q_22690	doc_23440	1
q_22691	doc_23441	1
q_22692	doc_23442	1
q_22693	doc_23443	1
q_22694	doc_23444	1
q_22695	doc_23445	1
q_22696	doc_23446	1
q_22697	doc_23447	1
q_22698	doc_23448	1
q_22699	doc_23449	1
q_22700	doc_23450	1
q_22701	doc_23451	1
q_22702	doc_23452	1
q_22703	doc_23453	1
q_22704	doc_23454	1
q_22705	doc_23455	1
q_22706	doc_23456	1
q_22707	doc_23457	1
q_22708	doc_23458	1
q_22709	doc_23459	1
q_22710	doc_23460	1
q_22711	doc_23461	1
q_22712	doc_23462	1
q_22713	doc_23463	1
q_22714	doc_23464	1
q_22715	doc_23465	1
q_22716	doc_23466	1
q_22717	doc_23467	1
q_22718	doc_23468	1
q_22719	doc_23469	1
q_22720	doc_23470	1
q_22721	doc_23471	1
q_22722	doc_23472	1
q_22723	doc_23473	1
q_22724	doc_23474	1
q_22725	doc_23475	1
q_22726	doc_23476	1
q_22727	doc_23477	1
q_22728	doc_23478	1
q_22729	doc_23479	1
q_22730	doc_23480	1
q_22731	doc_23481	1
q_22732	doc_23482	1
q_22733	doc_23483	1
q_22734	doc_23484	1
q_22735	doc_23485	1
q_22736	doc_23486	1
q_22737	doc_23487	1
q_22738	doc_23488	1
q_22739	doc_23489	1
q_22740	doc_23490	1
q_22741	doc_23491	1
q_22742	doc_23492	1
q_22743	doc_23493	1
q_22744	doc_23494	1
q_22745	doc_23495	1
q_22746	doc_23496	1
q_22747	doc_23497	1
q_22748	doc_23498	1
q_22749	doc_23499	1
q_22750	doc_23500	1
q_22751	doc_23501	1
q_22752	doc_23502	1
q_22753	doc_23503	1
q_22754	doc_23504	1
q_22755	doc_23505	1
q_22756	doc_23506	1
q_22757	doc_23507	1
q_22758	doc_23508	1
q_22759	doc_23509	1
q_22760	doc_23510	1
q_22761	doc_23511	1
q_22762	doc_23512	1
q_22763	doc_23513	1
q_22764	doc_23514	1
q_22765	doc_23515	1
q_22766	doc_23516	1
q_22767	doc_23517	1
q_22768	doc_23518	1
q_22769	doc_23519	1
q_22770	doc_23520	1
q_22771	doc_23521	1
q_22772	doc_23522	1
q_22773	doc_23523	1
q_22774	doc_23524	1
q_22775	doc_23525	1
q_22776	doc_23526	1
q_22777	doc_23527	1
q_22778	doc_23528	1
q_22779	doc_23529	1
q_22780	doc_23530	1
q_22781	doc_23531	1
q_22782	doc_23532	1
q_22783	doc_23533	1
q_22784	doc_23534	1
q_22785	doc_23535	1
q_22786	doc_23536	1
q_22787	doc_23537	1
q_22788	doc_23538	1
q_22789	doc_23541	1
q_22790	doc_23542	1
q_22791	doc_23543	1
q_22792	doc_23544	1
q_22793	doc_23545	1
q_22794	doc_23546	1
q_22795	doc_23547	1
q_22796	doc_23548	1
q_22797	doc_23549	1
q_22798	doc_23550	1
q_22799	doc_23551	1
q_22800	doc_23552	1
q_22801	doc_23553	1
q_22802	doc_23554	1
q_22803	doc_23555	1
q_22804	doc_23556	1
q_22805	doc_23557	1
q_22806	doc_23558	1
q_22807	doc_23559	1
q_22808	doc_23560	1
q_22809	doc_23561	1
q_22810	doc_23562	1
q_22811	doc_23563	1
q_22812	doc_23564	1
q_22813	doc_23565	1
q_22814	doc_23566	1
q_22815	doc_23567	1
q_22816	doc_23568	1
q_22817	doc_23569	1
q_22818	doc_23570	1
q_22819	doc_23571	1
q_22820	doc_23572	1
q_22821	doc_23573	1
q_22822	doc_23574	1
q_22823	doc_23575	1
q_22824	doc_23576	1
q_22825	doc_23577	1
q_22826	doc_23578	1
q_22827	doc_23579	1
q_22828	doc_23580	1
q_22829	doc_23581	1
q_22830	doc_23582	1
q_22831	doc_23583	1
q_22832	doc_23585	1
q_22833	doc_23586	1
q_22834	doc_23588	1
q_22835	doc_23589	1
q_22836	doc_23590	1
q_22837	doc_23591	1
q_22838	doc_23592	1
q_22839	doc_23593	1
q_22840	doc_23594	1
q_22841	doc_23595	1
q_22842	doc_23596	1
q_22843	doc_23597	1
q_22844	doc_23598	1
q_22845	doc_23599	1
q_22846	doc_23600	1
q_22847	doc_23601	1
q_22848	doc_23602	1
q_22849	doc_23603	1
q_22850	doc_23604	1
q_22851	doc_23606	1
q_22852	doc_23607	1
q_22853	doc_23609	1
q_22854	doc_23610	1
q_22855	doc_23611	1
q_22856	doc_23612	1
q_22857	doc_23613	1
q_22858	doc_23614	1
q_22859	doc_23615	1
q_22860	doc_23616	1
q_22861	doc_23617	1
q_22862	doc_23618	1
q_22863	doc_23619	1
q_22864	doc_23620	1
q_22865	doc_23621	1
q_22866	doc_23622	1
q_22867	doc_23623	1
q_22868	doc_23624	1
q_22869	doc_23625	1
q_22870	doc_23626	1
q_22871	doc_23627	1
q_22872	doc_23628	1
q_22873	doc_23629	1
q_22874	doc_23630	1
q_22875	doc_23631	1
q_22876	doc_23632	1
q_22877	doc_23633	1
q_22878	doc_23634	1
q_22879	doc_23635	1
q_22880	doc_23636	1
q_22881	doc_23637	1
q_22882	doc_23638	1
q_22883	doc_23639	1
q_22884	doc_23640	1
q_22885	doc_23641	1
q_22886	doc_23642	1
q_22887	doc_23643	1
q_22888	doc_23644	1
q_22889	doc_23645	1
q_22890	doc_23646	1
q_22891	doc_23647	1
q_22892	doc_23648	1
q_22893	doc_23649	1
q_22894	doc_23650	1
q_22895	doc_23651	1
q_22896	doc_23652	1
q_22897	doc_23653	1
q_22898	doc_23654	1
q_22899	doc_23655	1
q_22900	doc_23656	1
q_22901	doc_23657	1
q_22902	doc_23658	1
q_22903	doc_23659	1
q_22904	doc_23660	1
q_22905	doc_23661	1
q_22906	doc_23662	1
q_22907	doc_23663	1
q_22908	doc_23664	1
q_22909	doc_23665	1
q_22910	doc_23666	1
q_22911	doc_23667	1
q_22912	doc_23668	1
q_22913	doc_23669	1
q_22914	doc_23670	1
q_22915	doc_23671	1
q_22916	doc_23672	1
q_22917	doc_23674	1
q_22918	doc_23675	1
q_22919	doc_23677	1
q_22920	doc_23678	1
q_22921	doc_23679	1
q_22922	doc_23681	1
q_22923	doc_23682	1
q_22924	doc_23684	1
q_22925	doc_23685	1
q_22926	doc_23686	1
q_22927	doc_23687	1
q_22928	doc_23689	1
q_22929	doc_23690	1
q_22930	doc_23692	1
q_22931	doc_23693	1
q_22932	doc_23694	1
q_22933	doc_23695	1
q_22934	doc_23696	1
q_22935	doc_23698	1
q_22936	doc_23699	1
q_22937	doc_23701	1
q_22938	doc_23702	1
q_22939	doc_23705	1
q_22940	doc_23706	1
q_22941	doc_23707	1
q_22942	doc_23708	1
q_22943	doc_23709	1
q_22944	doc_23710	1
q_22945	doc_23711	1
q_22946	doc_23712	1
q_22947	doc_23713	1
q_22948	doc_23714	1
q_22949	doc_23715	1
q_22950	doc_23716	1
q_22951	doc_23717	1
q_22952	doc_23718	1
q_22953	doc_23719	1
q_22954	doc_23720	1
q_22955	doc_23721	1
q_22956	doc_23722	1
q_22957	doc_23723	1
q_22958	doc_23724	1
q_22959	doc_23725	1
q_22960	doc_23726	1
q_22961	doc_23727	1
q_22962	doc_23728	1
q_22963	doc_23729	1
q_22964	doc_23730	1
q_22965	doc_23731	1
q_22966	doc_23732	1
q_22967	doc_23733	1
q_22968	doc_23734	1
q_22969	doc_23735	1
q_22970	doc_23736	1
q_22971	doc_23737	1
q_22972	doc_23738	1
q_22973	doc_23739	1
q_22974	doc_23740	1
q_22975	doc_23741	1
q_22976	doc_23742	1
q_22977	doc_23743	1
q_22978	doc_23744	1
q_22979	doc_23745	1
q_22980	doc_23746	1
q_22981	doc_23747	1
q_22982	doc_23748	1
q_22983	doc_23749	1
q_22984	doc_23750	1
q_22985	doc_23751	1
q_22986	doc_23752	1
q_22987	doc_23753	1
q_22988	doc_23754	1
q_22989	doc_23755	1
q_22990	doc_23756	1
q_22991	doc_23757	1
q_22992	doc_23758	1
q_22993	doc_23759	1
q_22994	doc_23760	1
q_22995	doc_23761	1
q_22996	doc_23762	1
q_22997	doc_23763	1
q_22998	doc_23764	1
q_22999	doc_23765	1
q_23000	doc_23766	1
q_23001	doc_23767	1
q_23002	doc_23768	1
q_23003	doc_23769	1
q_23004	doc_23770	1
q_23005	doc_23771	1
q_23006	doc_23772	1
q_23007	doc_23773	1
q_23008	doc_23774	1
q_23009	doc_23775	1
q_23010	doc_23776	1
q_23011	doc_23777	1
q_23012	doc_23778	1
q_23013	doc_23779	1
q_23014	doc_23780	1
q_23015	doc_23781	1
q_23016	doc_23782	1
q_23017	doc_23783	1
q_23018	doc_23784	1
q_23019	doc_23785	1
q_23020	doc_23786	1
q_23021	doc_23787	1
q_23022	doc_23788	1
q_23023	doc_23789	1
q_23024	doc_23790	1
q_23025	doc_23791	1
q_23026	doc_23792	1
q_23027	doc_23793	1
q_23028	doc_23794	1
q_23029	doc_23795	1
q_23030	doc_23796	1
q_23031	doc_23797	1
q_23032	doc_23798	1
q_23033	doc_23799	1
q_23034	doc_23800	1
q_23035	doc_23801	1
q_23036	doc_23802	1
q_23037	doc_23803	1
q_23038	doc_23804	1
q_23039	doc_23805	1
q_23040	doc_23806	1
q_23041	doc_23807	1
q_23042	doc_23808	1
q_23043	doc_23809	1
q_23044	doc_23810	1
q_23045	doc_23811	1
q_23046	doc_23812	1
q_23047	doc_23813	1
q_23048	doc_23814	1
q_23049	doc_23815	1
q_23050	doc_23816	1
q_23051	doc_23817	1
q_23052	doc_23818	1
q_23053	doc_23819	1
q_23054	doc_23820	1
q_23055	doc_23821	1
q_23056	doc_23822	1
q_23057	doc_23823	1
q_23058	doc_23824	1
q_23059	doc_23825	1
q_23060	doc_23826	1
q_23061	doc_23827	1
q_23062	doc_23828	1
q_23063	doc_23829	1
q_23064	doc_23830	1
q_23065	doc_23831	1
q_23066	doc_23832	1
q_23067	doc_23833	1
q_23068	doc_23834	1
q_23069	doc_23835	1
q_23070	doc_23836	1
q_23071	doc_23837	1
q_23072	doc_23839	1
q_23073	doc_23840	1
q_23074	doc_23841	1
q_23075	doc_23842	1
q_23076	doc_23843	1
q_23077	doc_23844	1
q_23078	doc_23845	1
q_23079	doc_23846	1
q_23080	doc_23847	1
q_23081	doc_23848	1
q_23082	doc_23849	1
q_23083	doc_23850	1
q_23084	doc_23851	1
q_23085	doc_23852	1
q_23086	doc_23853	1
q_23087	doc_23854	1
q_23088	doc_23855	1
q_23089	doc_23856	1
q_23090	doc_23857	1
q_23091	doc_23858	1
q_23092	doc_23859	1
q_23093	doc_23860	1
q_23094	doc_23861	1
q_23095	doc_23862	1
q_23096	doc_23863	1
q_23097	doc_23864	1
q_23098	doc_23865	1
q_23099	doc_23866	1
q_23100	doc_23867	1
q_23101	doc_23868	1
q_23102	doc_23869	1
q_23103	doc_23870	1
q_23104	doc_23871	1
q_23105	doc_23872	1
q_23106	doc_23873	1
q_23107	doc_23874	1
q_23108	doc_23875	1
q_23109	doc_23876	1
q_23110	doc_23877	1
q_23111	doc_23878	1
q_23112	doc_23879	1
q_23113	doc_23880	1
q_23114	doc_23881	1
q_23115	doc_23882	1
q_23116	doc_23883	1
q_23117	doc_23884	1
q_23118	doc_23885	1
q_23119	doc_23886	1
q_23120	doc_23887	1
q_23121	doc_23888	1
q_23122	doc_23889	1
q_23123	doc_23890	1
q_23124	doc_23891	1
q_23125	doc_23892	1
q_23126	doc_23893	1
q_23127	doc_23894	1
q_23128	doc_23895	1
q_23129	doc_23896	1
q_23130	doc_23897	1
q_23131	doc_23898	1
q_23132	doc_23899	1
q_23133	doc_23900	1
q_23134	doc_23901	1
q_23135	doc_23902	1
q_23136	doc_23903	1
q_23137	doc_23904	1
q_23138	doc_23905	1
q_23139	doc_23906	1
q_23140	doc_23907	1
q_23141	doc_23908	1
q_23142	doc_23909	1
q_23143	doc_23910	1
q_23144	doc_23911	1
q_23145	doc_23912	1
q_23146	doc_23916	1
q_23147	doc_23917	1
q_23148	doc_23918	1
q_23149	doc_23919	1
q_23150	doc_23920	1
q_23151	doc_23921	1
q_23152	doc_23922	1
q_23153	doc_23923	1
q_23154	doc_23924	1
q_23155	doc_23925	1
q_23156	doc_23926	1
q_23157	doc_23927	1
q_23158	doc_23928	1
q_23159	doc_23929	1
q_23160	doc_23930	1
q_23161	doc_23931	1
q_23162	doc_23932	1
q_23163	doc_23933	1
q_23164	doc_23934	1
q_23165	doc_23935	1
q_23166	doc_23936	1
q_23167	doc_23937	1
q_23168	doc_23938	1
q_23169	doc_23939	1
q_23170	doc_23940	1
q_23171	doc_23941	1
q_23172	doc_23942	1
q_23173	doc_23943	1
q_23174	doc_23944	1
q_23175	doc_23945	1
q_23176	doc_23946	1
q_23177	doc_23947	1
q_23178	doc_23948	1
q_23179	doc_23949	1
q_23180	doc_23950	1
q_23181	doc_23951	1
q_23182	doc_23952	1
q_23183	doc_23953	1
q_23184	doc_23954	1
q_23185	doc_23955	1
q_23186	doc_23956	1
q_23187	doc_23957	1
q_23188	doc_23958	1
q_23189	doc_23959	1
q_23190	doc_23960	1
q_23191	doc_23961	1
q_23192	doc_23962	1
q_23193	doc_23963	1
q_23194	doc_23964	1
q_23195	doc_23965	1
q_23196	doc_23966	1
q_23197	doc_23967	1
q_23198	doc_23968	1
q_23199	doc_23969	1
q_23200	doc_23971	1
q_23201	doc_23972	1
q_23202	doc_23973	1
q_23203	doc_23974	1
q_23204	doc_23975	1
q_23205	doc_23976	1
q_23206	doc_23977	1
q_23207	doc_23978	1
q_23208	doc_23979	1
q_23209	doc_23980	1
q_23210	doc_23981	1
q_23211	doc_23982	1
q_23212	doc_23983	1
q_23213	doc_23984	1
q_23214	doc_23985	1
q_23215	doc_23986	1
q_23216	doc_23987	1
q_23217	doc_23988	1
q_23218	doc_23989	1
q_23219	doc_23990	1
q_23220	doc_23993	1
q_23221	doc_23994	1
q_23222	doc_23995	1
q_23223	doc_23996	1
q_23224	doc_23997	1
q_23225	doc_23998	1
q_23226	doc_23999	1
q_23227	doc_24000	1
q_23228	doc_24001	1
q_23229	doc_24006	1
q_23230	doc_24007	1
q_23231	doc_24008	1
q_23232	doc_24009	1
q_23233	doc_24010	1
q_23234	doc_24011	1
q_23235	doc_24012	1
q_23236	doc_24013	1
q_23237	doc_24014	1
q_23238	doc_24015	1
q_23239	doc_24016	1
q_23240	doc_24017	1
q_23241	doc_24018	1
q_23242	doc_24019	1
q_23243	doc_24020	1
q_23244	doc_24021	1
q_23245	doc_24022	1
q_23246	doc_24023	1
q_23247	doc_24024	1
q_23248	doc_24025	1
q_23249	doc_24026	1
q_23250	doc_24027	1
q_23251	doc_24028	1
q_23252	doc_24029	1
q_23253	doc_24030	1
q_23254	doc_24031	1
q_23255	doc_24032	1
q_23256	doc_24033	1
q_23257	doc_24034	1
q_23258	doc_24037	1
q_23259	doc_24038	1
q_23260	doc_24039	1
q_23261	doc_24040	1
q_23262	doc_24041	1
q_23263	doc_24042	1
q_23264	doc_24043	1
q_23265	doc_24044	1
q_23266	doc_24045	1
q_23267	doc_24046	1
q_23268	doc_24047	1
q_23269	doc_24048	1
q_23270	doc_24049	1
q_23271	doc_24050	1
q_23272	doc_24051	1
q_23273	doc_24052	1
q_23274	doc_24053	1
q_23275	doc_24054	1
q_23276	doc_24055	1
q_23277	doc_24056	1
q_23278	doc_24057	1
q_23279	doc_24058	1
q_23280	doc_24059	1
q_23281	doc_24060	1
q_23282	doc_24061	1
q_23283	doc_24062	1
q_23284	doc_24063	1
q_23285	doc_24064	1
q_23286	doc_24065	1
q_23287	doc_24066	1
q_23288	doc_24067	1
q_23289	doc_24068	1
q_23290	doc_24069	1
q_23291	doc_24070	1
q_23292	doc_24071	1
q_23293	doc_24072	1
q_23294	doc_24073	1
q_23295	doc_24074	1
q_23296	doc_24075	1
q_23297	doc_24076	1
q_23298	doc_24077	1
q_23299	doc_24078	1
q_23300	doc_24079	1
q_23301	doc_24080	1
q_23302	doc_24081	1
q_23303	doc_24082	1
q_23304	doc_24083	1
q_23305	doc_24084	1
q_23306	doc_24085	1
q_23307	doc_24086	1
q_23308	doc_24087	1
q_23309	doc_24088	1
q_23310	doc_24089	1
q_23311	doc_24092	1
q_23312	doc_24093	1
q_23313	doc_24094	1
q_23314	doc_24095	1
q_23315	doc_24096	1
q_23316	doc_24097	1
q_23317	doc_24098	1
q_23318	doc_24099	1
q_23319	doc_24100	1
q_23320	doc_24101	1
q_23321	doc_24102	1
q_23322	doc_24103	1
q_23323	doc_24104	1
q_23324	doc_24105	1
q_23325	doc_24106	1
q_23326	doc_24107	1
q_23327	doc_24108	1
q_23328	doc_24109	1
q_23329	doc_24111	1
q_23330	doc_24112	1
q_23331	doc_24113	1
q_23332	doc_24114	1
q_23333	doc_24115	1
q_23334	doc_24116	1
q_23335	doc_24117	1
q_23336	doc_24118	1
q_23337	doc_24119	1
q_23338	doc_24120	1
q_23339	doc_24121	1
q_23340	doc_24122	1
q_23341	doc_24123	1
q_23342	doc_24124	1
q_23343	doc_24125	1
q_23344	doc_24126	1
q_23345	doc_24127	1
q_23346	doc_24128	1
q_23347	doc_24129	1
q_23348	doc_24130	1
q_23349	doc_24131	1
q_23350	doc_24132	1
q_23351	doc_24133	1
q_23352	doc_24134	1
q_23353	doc_24135	1
q_23354	doc_24136	1
q_23355	doc_24137	1
q_23356	doc_24138	1
q_23357	doc_24139	1
q_23358	doc_24140	1
q_23359	doc_24141	1
q_23360	doc_24142	1
q_23361	doc_24143	1
q_23362	doc_24144	1
q_23363	doc_24145	1
q_23364	doc_24146	1
q_23365	doc_24147	1
q_23366	doc_24150	1
q_23367	doc_24151	1
q_23368	doc_24152	1
q_23369	doc_24153	1
q_23370	doc_24154	1
q_23371	doc_24155	1
q_23372	doc_24156	1
q_23373	doc_24157	1
q_23374	doc_24158	1
q_23375	doc_24159	1
q_23376	doc_24160	1
q_23377	doc_24161	1
q_23378	doc_24162	1
q_23379	doc_24163	1
q_23380	doc_24164	1
q_23381	doc_24165	1
q_23382	doc_24166	1
q_23383	doc_24167	1
q_23384	doc_24168	1
q_23385	doc_24169	1
q_23386	doc_24170	1
q_23387	doc_24171	1
q_23388	doc_24172	1
q_23389	doc_24173	1
q_23390	doc_24174	1
q_23391	doc_24175	1
q_23392	doc_24176	1
q_23393	doc_24177	1
q_23394	doc_24178	1
q_23395	doc_24179	1
q_23396	doc_24180	1
q_23397	doc_24181	1
q_23398	doc_24182	1
q_23399	doc_24183	1
q_23400	doc_24184	1
q_23401	doc_24185	1
q_23402	doc_24186	1
q_23403	doc_24187	1
q_23404	doc_24188	1
q_23405	doc_24189	1
q_23406	doc_24190	1
q_23407	doc_24191	1
q_23408	doc_24192	1
q_23409	doc_24193	1
q_23410	doc_24194	1
q_23411	doc_24195	1
q_23412	doc_24196	1
q_23413	doc_24197	1
q_23414	doc_24198	1
q_23415	doc_24199	1
q_23416	doc_24200	1
q_23417	doc_24201	1
q_23418	doc_24202	1
q_23419	doc_24203	1
q_23420	doc_24204	1
q_23421	doc_24205	1
q_23422	doc_24206	1
q_23423	doc_24207	1
q_23424	doc_24208	1
q_23425	doc_24209	1
q_23426	doc_24210	1
q_23427	doc_24211	1
q_23428	doc_24212	1
q_23429	doc_24213	1
q_23430	doc_24214	1
q_23431	doc_24215	1
q_23432	doc_24216	1
q_23433	doc_24217	1
q_23434	doc_24218	1
q_23435	doc_24219	1
q_23436	doc_24220	1
q_23437	doc_24221	1
q_23438	doc_24222	1
q_23439	doc_24223	1
q_23440	doc_24224	1
q_23441	doc_24225	1
q_23442	doc_24226	1
q_23443	doc_24227	1
q_23444	doc_24228	1
q_23445	doc_24229	1
q_23446	doc_24230	1
q_23447	doc_24231	1
q_23448	doc_24232	1
q_23449	doc_24233	1
q_23450	doc_24234	1
q_23451	doc_24235	1
q_23452	doc_24236	1
q_23453	doc_24237	1
q_23454	doc_24238	1
q_23455	doc_24239	1
q_23456	doc_24240	1
q_23457	doc_24241	1
q_23458	doc_24242	1
q_23459	doc_24243	1
q_23460	doc_24244	1
q_23461	doc_24245	1
q_23462	doc_24246	1
q_23463	doc_24247	1
q_23464	doc_24248	1
q_23465	doc_24249	1
q_23466	doc_24250	1
q_23467	doc_24251	1
q_23468	doc_24252	1
q_23469	doc_24253	1
q_23470	doc_24254	1
q_23471	doc_24255	1
q_23472	doc_24256	1
q_23473	doc_24257	1
q_23474	doc_24258	1
q_23475	doc_24259	1
q_23476	doc_24260	1
q_23477	doc_24261	1
q_23478	doc_24262	1
q_23479	doc_24263	1
q_23480	doc_24264	1
q_23481	doc_24265	1
q_23482	doc_24266	1
q_23483	doc_24267	1
q_23484	doc_24268	1
q_23485	doc_24269	1
q_23486	doc_24270	1
q_23487	doc_24271	1
q_23488	doc_24272	1
q_23489	doc_24273	1
q_23490	doc_24274	1
q_23491	doc_24275	1
q_23492	doc_24276	1
q_23493	doc_24277	1
q_23494	doc_24278	1
q_23495	doc_24279	1
q_23496	doc_24280	1
q_23497	doc_24281	1
q_23498	doc_24282	1
q_23499	doc_24283	1
q_23500	doc_24284	1
q_23501	doc_24285	1
q_23502	doc_24286	1
q_23503	doc_24287	1
q_23504	doc_24288	1
q_23505	doc_24289	1
q_23506	doc_24290	1
q_23507	doc_24291	1
q_23508	doc_24292	1
q_23509	doc_24293	1
q_23510	doc_24294	1
q_23511	doc_24295	1
q_23512	doc_24296	1
q_23513	doc_24297	1
q_23514	doc_24298	1
q_23515	doc_24299	1
q_23516	doc_24300	1
q_23517	doc_24301	1
q_23518	doc_24302	1
q_23519	doc_24303	1
q_23520	doc_24304	1
q_23521	doc_24306	1
q_23522	doc_24307	1
q_23523	doc_24308	1
q_23524	doc_24309	1
q_23525	doc_24310	1
q_23526	doc_24311	1
q_23527	doc_24312	1
q_23528	doc_24313	1
q_23529	doc_24314	1
q_23530	doc_24315	1
q_23531	doc_24316	1
q_23532	doc_24317	1
q_23533	doc_24318	1
q_23534	doc_24319	1
q_23535	doc_24320	1
q_23536	doc_24321	1
q_23537	doc_24322	1
q_23538	doc_24323	1
q_23539	doc_24324	1
q_23540	doc_24325	1
q_23541	doc_24326	1
q_23542	doc_24327	1
q_23543	doc_24329	1
q_23544	doc_24330	1
q_23545	doc_24331	1
q_23546	doc_24332	1
q_23547	doc_24333	1
q_23548	doc_24334	1
q_23549	doc_24335	1
q_23550	doc_24336	1
q_23551	doc_24337	1
q_23552	doc_24338	1
q_23553	doc_24339	1
q_23554	doc_24340	1
q_23555	doc_24341	1
q_23556	doc_24342	1
q_23557	doc_24343	1
q_23558	doc_24346	1
q_23559	doc_24347	1
q_23560	doc_24348	1
q_23561	doc_24349	1
q_23562	doc_24350	1
q_23563	doc_24351	1
q_23564	doc_24352	1
q_23565	doc_24353	1
q_23566	doc_24354	1
q_23567	doc_24355	1
q_23568	doc_24356	1
q_23569	doc_24357	1
q_23570	doc_24358	1
q_23571	doc_24359	1
q_23572	doc_24360	1
q_23573	doc_24361	1
q_23574	doc_24362	1
q_23575	doc_24363	1
q_23576	doc_24364	1
q_23577	doc_24365	1
q_23578	doc_24366	1
q_23579	doc_24367	1
q_23580	doc_24368	1
q_23581	doc_24369	1
q_23582	doc_24370	1
q_23583	doc_24371	1
q_23584	doc_24372	1
q_23585	doc_24373	1
q_23586	doc_24374	1
q_23587	doc_24375	1
q_23588	doc_24376	1
q_23589	doc_24377	1
q_23590	doc_24378	1
q_23591	doc_24379	1
q_23592	doc_24380	1
q_23593	doc_24381	1
q_23594	doc_24382	1
q_23595	doc_24383	1
q_23596	doc_24384	1
q_23597	doc_24385	1
q_23598	doc_24386	1
q_23599	doc_24387	1
q_23600	doc_24388	1
q_23601	doc_24389	1
q_23602	doc_24390	1
q_23603	doc_24391	1
q_23604	doc_24392	1
q_23605	doc_24393	1
q_23606	doc_24394	1
q_23607	doc_24395	1
q_23608	doc_24396	1
q_23609	doc_24397	1
q_23610	doc_24398	1
q_23611	doc_24399	1
q_23612	doc_24400	1
q_23613	doc_24401	1
q_23614	doc_24402	1
q_23615	doc_24403	1
q_23616	doc_24404	1
q_23617	doc_24405	1
q_23618	doc_24406	1
q_23619	doc_24407	1
q_23620	doc_24408	1
q_23621	doc_24409	1
q_23622	doc_24410	1
q_23623	doc_24411	1
q_23624	doc_24412	1
q_23625	doc_24413	1
q_23626	doc_24414	1
q_23627	doc_24415	1
q_23628	doc_24416	1
q_23629	doc_24417	1
q_23630	doc_24418	1
q_23631	doc_24419	1
q_23632	doc_24420	1
q_23633	doc_24421	1
q_23634	doc_24422	1
q_23635	doc_24423	1
q_23636	doc_24424	1
q_23637	doc_24425	1
q_23638	doc_24426	1
q_23639	doc_24427	1
q_23640	doc_24428	1
q_23641	doc_24429	1
q_23642	doc_24430	1
q_23643	doc_24431	1
q_23644	doc_24432	1
q_23645	doc_24433	1
q_23646	doc_24434	1
q_23647	doc_24435	1
q_23648	doc_24436	1
q_23649	doc_24437	1
q_23650	doc_24438	1
q_23651	doc_24439	1
q_23652	doc_24440	1
q_23653	doc_24441	1
q_23654	doc_24442	1
q_23655	doc_24443	1
q_23656	doc_24444	1
q_23657	doc_24445	1
q_23658	doc_24446	1
q_23659	doc_24447	1
q_23660	doc_24448	1
q_23661	doc_24449	1
q_23662	doc_24450	1
q_23663	doc_24451	1
q_23664	doc_24452	1
q_23665	doc_24453	1
q_23666	doc_24454	1
q_23667	doc_24455	1
q_23668	doc_24456	1
q_23669	doc_24457	1
q_23670	doc_24458	1
q_23671	doc_24459	1
q_23672	doc_24460	1
q_23673	doc_24461	1
q_23674	doc_24462	1
q_23675	doc_24463	1
q_23676	doc_24464	1
q_23677	doc_24465	1
q_23678	doc_24466	1
q_23679	doc_24467	1
q_23680	doc_24468	1
q_23681	doc_24469	1
q_23682	doc_24470	1
q_23683	doc_24471	1
q_23684	doc_24472	1
q_23685	doc_24473	1
q_23686	doc_24474	1
q_23687	doc_24475	1
q_23688	doc_24476	1
q_23689	doc_24477	1
q_23690	doc_24478	1
q_23691	doc_24479	1
q_23692	doc_24480	1
q_23693	doc_24481	1
q_23694	doc_24482	1
q_23695	doc_24483	1
q_23696	doc_24484	1
q_23697	doc_24485	1
q_23698	doc_24486	1
q_23699	doc_24487	1
q_23700	doc_24488	1
q_23701	doc_24489	1
q_23702	doc_24490	1
q_23703	doc_24491	1
q_23704	doc_24492	1
q_23705	doc_24493	1
q_23706	doc_24494	1
q_23707	doc_24495	1
q_23708	doc_24496	1
q_23709	doc_24497	1
q_23710	doc_24498	1
q_23711	doc_24499	1
q_23712	doc_24500	1
q_23713	doc_24501	1
q_23714	doc_24502	1
q_23715	doc_24503	1
q_23716	doc_24504	1
q_23717	doc_24505	1
q_23718	doc_24506	1
q_23719	doc_24507	1
q_23720	doc_24508	1
q_23721	doc_24509	1
q_23722	doc_24510	1
q_23723	doc_24511	1
q_23724	doc_24512	1
q_23725	doc_24513	1
q_23726	doc_24514	1
q_23727	doc_24515	1
q_23728	doc_24516	1
q_23729	doc_24517	1
q_23730	doc_24518	1
q_23731	doc_24519	1
q_23732	doc_24520	1
q_23733	doc_24521	1
q_23734	doc_24522	1
q_23735	doc_24525	1
q_23736	doc_24526	1
q_23737	doc_24527	1
q_23738	doc_24528	1
q_23739	doc_24529	1
q_23740	doc_24530	1
q_23741	doc_24531	1
q_23742	doc_24532	1
q_23743	doc_24533	1
q_23744	doc_24534	1
q_23745	doc_24535	1
q_23746	doc_24536	1
q_23747	doc_24537	1
q_23748	doc_24538	1
q_23749	doc_24539	1
q_23750	doc_24540	1
q_23751	doc_24541	1
q_23752	doc_24542	1
q_23753	doc_24543	1
q_23754	doc_24544	1
q_23755	doc_24545	1
q_23756	doc_24546	1
q_23757	doc_24547	1
q_23758	doc_24548	1
q_23759	doc_24549	1
q_23760	doc_24550	1
q_23761	doc_24551	1
q_23762	doc_24552	1
q_23763	doc_24553	1
q_23764	doc_24554	1
q_23765	doc_24555	1
q_23766	doc_24556	1
q_23767	doc_24557	1
q_23768	doc_24558	1
q_23769	doc_24559	1
q_23770	doc_24560	1
q_23771	doc_24561	1
q_23772	doc_24562	1
q_23773	doc_24563	1
q_23774	doc_24564	1
q_23775	doc_24565	1
q_23776	doc_24566	1
q_23777	doc_24567	1
q_23778	doc_24568	1
q_23779	doc_24569	1
q_23780	doc_24570	1
q_23781	doc_24571	1
q_23782	doc_24572	1
q_23783	doc_24573	1
q_23784	doc_24574	1
q_23785	doc_24575	1
q_23786	doc_24576	1
q_23787	doc_24577	1
q_23788	doc_24578	1
q_23789	doc_24579	1
q_23790	doc_24580	1
q_23791	doc_24581	1
q_23792	doc_24582	1
q_23793	doc_24583	1
q_23794	doc_24584	1
q_23795	doc_24585	1
q_23796	doc_24586	1
q_23797	doc_24587	1
q_23798	doc_24588	1
q_23799	doc_24589	1
q_23800	doc_24590	1
q_23801	doc_24591	1
q_23802	doc_24592	1
q_23803	doc_24593	1
q_23804	doc_24594	1
q_23805	doc_24595	1
q_23806	doc_24596	1
q_23807	doc_24597	1
q_23808	doc_24600	1
q_23809	doc_24601	1
q_23810	doc_24602	1
q_23811	doc_24603	1
q_23812	doc_24604	1
q_23813	doc_24605	1
q_23814	doc_24606	1
q_23815	doc_24607	1
q_23816	doc_24608	1
q_23817	doc_24609	1
q_23818	doc_24610	1
q_23819	doc_24611	1
q_23820	doc_24612	1
q_23821	doc_24613	1
q_23822	doc_24614	1
q_23823	doc_24615	1
q_23824	doc_24616	1
q_23825	doc_24617	1
q_23826	doc_24618	1
q_23827	doc_24619	1
q_23828	doc_24622	1
q_23829	doc_24623	1
q_23830	doc_24626	1
q_23831	doc_24627	1
q_23832	doc_24628	1
q_23833	doc_24629	1
q_23834	doc_24630	1
q_23835	doc_24631	1
q_23836	doc_24632	1
q_23837	doc_24633	1
q_23838	doc_24634	1
q_23839	doc_24635	1
q_23840	doc_24636	1
q_23841	doc_24637	1
q_23842	doc_24638	1
q_23843	doc_24639	1
q_23844	doc_24640	1
q_23845	doc_24641	1
q_23846	doc_24642	1
q_23847	doc_24643	1
q_23848	doc_24644	1
q_23849	doc_24645	1
q_23850	doc_24646	1
q_23851	doc_24647	1
q_23852	doc_24648	1
q_23853	doc_24649	1
q_23854	doc_24650	1
q_23855	doc_24651	1
q_23856	doc_24652	1
q_23857	doc_24653	1
q_23858	doc_24654	1
q_23859	doc_24655	1
q_23860	doc_24656	1
q_23861	doc_24657	1
q_23862	doc_24658	1
q_23863	doc_24659	1
q_23864	doc_24660	1
q_23865	doc_24661	1
q_23866	doc_24662	1
q_23867	doc_24663	1
q_23868	doc_24664	1
q_23869	doc_24665	1
q_23870	doc_24666	1
q_23871	doc_24667	1
q_23872	doc_24668	1
q_23873	doc_24669	1
q_23874	doc_24670	1
q_23875	doc_24671	1
q_23876	doc_24672	1
q_23877	doc_24673	1
q_23878	doc_24674	1
q_23879	doc_24675	1
q_23880	doc_24676	1
q_23881	doc_24677	1
q_23882	doc_24678	1
q_23883	doc_24679	1
q_23884	doc_24680	1
q_23885	doc_24681	1
q_23886	doc_24682	1
q_23887	doc_24683	1
q_23888	doc_24684	1
q_23889	doc_24685	1
q_23890	doc_24686	1
q_23891	doc_24687	1
q_23892	doc_24688	1
q_23893	doc_24689	1
q_23894	doc_24690	1
q_23895	doc_24691	1
q_23896	doc_24692	1
q_23897	doc_24693	1
q_23898	doc_24694	1
q_23899	doc_24695	1
q_23900	doc_24696	1
q_23901	doc_24697	1
q_23902	doc_24698	1
q_23903	doc_24699	1
q_23904	doc_24700	1
q_23905	doc_24701	1
q_23906	doc_24702	1
q_23907	doc_24703	1
q_23908	doc_24704	1
q_23909	doc_24705	1
q_23910	doc_24706	1
q_23911	doc_24707	1
q_23912	doc_24708	1
q_23913	doc_24709	1
q_23914	doc_24710	1
q_23915	doc_24711	1
q_23916	doc_24712	1
q_23917	doc_24713	1
q_23918	doc_24714	1
q_23919	doc_24715	1
q_23920	doc_24716	1
q_23921	doc_24717	1
q_23922	doc_24718	1
q_23923	doc_24719	1
q_23924	doc_24720	1
q_23925	doc_24721	1
q_23926	doc_24722	1
q_23927	doc_24723	1
q_23928	doc_24724	1
q_23929	doc_24725	1
q_23930	doc_24726	1
q_23931	doc_24727	1
q_23932	doc_24728	1
q_23933	doc_24729	1
q_23934	doc_24730	1
q_23935	doc_24731	1
q_23936	doc_24732	1
q_23937	doc_24733	1
q_23938	doc_24734	1
q_23939	doc_24735	1
q_23940	doc_24736	1
q_23941	doc_24737	1
q_23942	doc_24738	1
q_23943	doc_24739	1
q_23944	doc_24740	1
q_23945	doc_24741	1
q_23946	doc_24742	1
q_23947	doc_24743	1
q_23948	doc_24744	1
q_23949	doc_24745	1
q_23950	doc_24746	1
q_23951	doc_24747	1
q_23952	doc_24748	1
q_23953	doc_24749	1
q_23954	doc_24750	1
q_23955	doc_24751	1
q_23956	doc_24752	1
q_23957	doc_24753	1
q_23958	doc_24754	1
q_23959	doc_24755	1
q_23960	doc_24756	1
q_23961	doc_24757	1
q_23962	doc_24758	1
q_23963	doc_24759	1
q_23964	doc_24760	1
q_23965	doc_24761	1
q_23966	doc_24762	1
q_23967	doc_24763	1
q_23968	doc_24764	1
q_23969	doc_24765	1
q_23970	doc_24766	1
q_23971	doc_24767	1
q_23972	doc_24768	1
q_23973	doc_24769	1
q_23974	doc_24770	1
q_23975	doc_24771	1
q_23976	doc_24772	1
q_23977	doc_24775	1
q_23978	doc_24776	1
q_23979	doc_24777	1
q_23980	doc_24778	1
q_23981	doc_24779	1
q_23982	doc_24780	1
q_23983	doc_24781	1
q_23984	doc_24782	1
q_23985	doc_24783	1
q_23986	doc_24784	1
q_23987	doc_24785	1
q_23988	doc_24786	1
q_23989	doc_24787	1
q_23990	doc_24788	1
q_23991	doc_24789	1
q_23992	doc_24790	1
q_23993	doc_24791	1
q_23994	doc_24792	1
q_23995	doc_24793	1
q_23996	doc_24794	1
q_23997	doc_24795	1
q_23998	doc_24796	1
q_23999	doc_24797	1
q_24000	doc_24798	1
q_24001	doc_24799	1
q_24002	doc_24800	1
q_24003	doc_24801	1
q_24004	doc_24802	1
q_24005	doc_24803	1
q_24006	doc_24804	1
q_24007	doc_24805	1
q_24008	doc_24806	1
q_24009	doc_24807	1
q_24010	doc_24808	1
q_24011	doc_24809	1
q_24012	doc_24810	1
q_24013	doc_24811	1
q_24014	doc_24812	1
q_24015	doc_24813	1
q_24016	doc_24814	1
q_24017	doc_24815	1
q_24018	doc_24816	1
q_24019	doc_24817	1
q_24020	doc_24818	1
q_24021	doc_24819	1
q_24022	doc_24820	1
q_24023	doc_24821	1
q_24024	doc_24822	1
q_24025	doc_24823	1
q_24026	doc_24824	1
q_24027	doc_24825	1
q_24028	doc_24826	1
q_24029	doc_24827	1
q_24030	doc_24828	1
q_24031	doc_24829	1
q_24032	doc_24830	1
q_24033	doc_24831	1
q_24034	doc_24832	1
q_24035	doc_24833	1
q_24036	doc_24834	1
q_24037	doc_24835	1
q_24038	doc_24836	1
q_24039	doc_24837	1
q_24040	doc_24838	1
q_24041	doc_24839	1
q_24042	doc_24840	1
q_24043	doc_24841	1
q_24044	doc_24842	1
q_24045	doc_24843	1
q_24046	doc_24844	1
q_24047	doc_24845	1
q_24048	doc_24846	1
q_24049	doc_24847	1
q_24050	doc_24848	1
q_24051	doc_24849	1
q_24052	doc_24850	1
q_24053	doc_24851	1
q_24054	doc_24852	1
q_24055	doc_24853	1
q_24056	doc_24854	1
q_24057	doc_24855	1
q_24058	doc_24856	1
q_24059	doc_24857	1
q_24060	doc_24858	1
q_24061	doc_24859	1
q_24062	doc_24860	1
q_24063	doc_24861	1
q_24064	doc_24862	1
q_24065	doc_24863	1
q_24066	doc_24864	1
q_24067	doc_24865	1
q_24068	doc_24866	1
q_24069	doc_24867	1
q_24070	doc_24868	1
q_24071	doc_24869	1
q_24072	doc_24870	1
q_24073	doc_24871	1
q_24074	doc_24872	1
q_24075	doc_24873	1
q_24076	doc_24874	1
q_24077	doc_24875	1
q_24078	doc_24876	1
q_24079	doc_24877	1
q_24080	doc_24878	1
q_24081	doc_24879	1
q_24082	doc_24880	1
q_24083	doc_24881	1
q_24084	doc_24882	1
q_24085	doc_24883	1
q_24086	doc_24884	1
q_24087	doc_24885	1
q_24088	doc_24886	1
q_24089	doc_24887	1
q_24090	doc_24888	1
q_24091	doc_24889	1
q_24092	doc_24890	1
q_24093	doc_24891	1
q_24094	doc_24892	1
q_24095	doc_24893	1
q_24096	doc_24894	1
q_24097	doc_24895	1
q_24098	doc_24896	1
q_24099	doc_24897	1
q_24100	doc_24898	1
q_24101	doc_24899	1
q_24102	doc_24900	1
q_24103	doc_24901	1
q_24104	doc_24902	1
q_24105	doc_24903	1
q_24106	doc_24904	1
q_24107	doc_24905	1
q_24108	doc_24906	1
q_24109	doc_24907	1
q_24110	doc_24908	1
q_24111	doc_24909	1
q_24112	doc_24910	1
q_24113	doc_24911	1
q_24114	doc_24912	1
q_24115	doc_24913	1
q_24116	doc_24914	1
q_24117	doc_24915	1
q_24118	doc_24916	1
q_24119	doc_24917	1
q_24120	doc_24918	1
q_24121	doc_24919	1
q_24122	doc_24920	1
q_24123	doc_24921	1
q_24124	doc_24922	1
q_24125	doc_24923	1
q_24126	doc_24924	1
q_24127	doc_24925	1
q_24128	doc_24926	1
q_24129	doc_24927	1
q_24130	doc_24928	1
q_24131	doc_24929	1
q_24132	doc_24930	1
q_24133	doc_24931	1
q_24134	doc_24932	1
q_24135	doc_24933	1
q_24136	doc_24934	1
q_24137	doc_24935	1
q_24138	doc_24936	1
q_24139	doc_24937	1
q_24140	doc_24938	1
q_24141	doc_24939	1
q_24142	doc_24940	1
q_24143	doc_24941	1
q_24144	doc_24942	1
q_24145	doc_24943	1
q_24146	doc_24944	1
q_24147	doc_24945	1
q_24148	doc_24946	1
q_24149	doc_24947	1
q_24150	doc_24948	1
q_24151	doc_24949	1
q_24152	doc_24950	1
q_24153	doc_24951	1
q_24154	doc_24952	1
q_24155	doc_24953	1
q_24156	doc_24954	1
q_24157	doc_24955	1
q_24158	doc_24956	1
q_24159	doc_24957	1
q_24160	doc_24958	1
q_24161	doc_24959	1
q_24162	doc_24960	1
q_24163	doc_24961	1
q_24164	doc_24962	1
q_24165	doc_24963	1
q_24166	doc_24964	1
q_24167	doc_24965	1
q_24168	doc_24966	1
q_24169	doc_24967	1
q_24170	doc_24968	1
q_24171	doc_24969	1
q_24172	doc_24970	1
q_24173	doc_24971	1
q_24174	doc_24972	1
q_24175	doc_24973	1
q_24176	doc_24974	1
q_24177	doc_24975	1
q_24178	doc_24976	1
q_24179	doc_24977	1
q_24180	doc_24978	1
q_24181	doc_24979	1
q_24182	doc_24980	1
q_24183	doc_24981	1
q_24184	doc_24982	1
q_24185	doc_24983	1
q_24186	doc_24984	1
q_24187	doc_24985	1
q_24188	doc_24986	1
q_24189	doc_24987	1
q_24190	doc_24988	1
q_24191	doc_24989	1
q_24192	doc_24990	1
q_24193	doc_24991	1
q_24194	doc_24992	1
q_24195	doc_24993	1
q_24196	doc_24994	1
q_24197	doc_24995	1
q_24198	doc_24996	1
q_24199	doc_24997	1
q_24200	doc_24998	1
q_24201	doc_24999	1
q_24202	doc_25000	1
q_24203	doc_25001	1
q_24204	doc_25002	1
q_24205	doc_25003	1
q_24206	doc_25004	1
q_24207	doc_25005	1
q_24208	doc_25006	1
q_24209	doc_25007	1
q_24210	doc_25008	1
q_24211	doc_25009	1
q_24212	doc_25010	1
q_24213	doc_25011	1
q_24214	doc_25012	1
q_24215	doc_25013	1
q_24216	doc_25014	1
q_24217	doc_25015	1
q_24218	doc_25016	1
q_24219	doc_25017	1
q_24220	doc_25018	1
q_24221	doc_25019	1
q_24222	doc_25020	1
q_24223	doc_25021	1
q_24224	doc_25022	1
q_24225	doc_25023	1
q_24226	doc_25024	1
q_24227	doc_25025	1
q_24228	doc_25026	1
q_24229	doc_25027	1
q_24230	doc_25028	1
q_24231	doc_25029	1
q_24232	doc_25030	1
q_24233	doc_25031	1
q_24234	doc_25032	1
q_24235	doc_25033	1
q_24236	doc_25034	1
q_24237	doc_25035	1
q_24238	doc_25036	1
q_24239	doc_25037	1
q_24240	doc_25038	1
q_24241	doc_25039	1
q_24242	doc_25040	1
q_24243	doc_25041	1
q_24244	doc_25042	1
q_24245	doc_25043	1
q_24246	doc_25044	1
q_24247	doc_25045	1
q_24248	doc_25046	1
q_24249	doc_25047	1
q_24250	doc_25048	1
q_24251	doc_25049	1
q_24252	doc_25050	1
q_24253	doc_25051	1
q_24254	doc_25052	1
q_24255	doc_25053	1
q_24256	doc_25054	1
q_24257	doc_25055	1
q_24258	doc_25056	1
q_24259	doc_25057	1
q_24260	doc_25058	1
q_24261	doc_25059	1
q_24262	doc_25060	1
q_24263	doc_25061	1
q_24264	doc_25062	1
q_24265	doc_25063	1
q_24266	doc_25064	1
q_24267	doc_25065	1
q_24268	doc_25066	1
q_24269	doc_25067	1
q_24270	doc_25068	1
q_24271	doc_25069	1
q_24272	doc_25070	1
q_24273	doc_25071	1
q_24274	doc_25072	1
q_24275	doc_25073	1
q_24276	doc_25074	1
q_24277	doc_25075	1
q_24278	doc_25076	1
q_24279	doc_25077	1
q_24280	doc_25078	1
q_24281	doc_25079	1
q_24282	doc_25080	1
q_24283	doc_25081	1
q_24284	doc_25082	1
q_24285	doc_25083	1
q_24286	doc_25084	1
q_24287	doc_25085	1
q_24288	doc_25086	1
q_24289	doc_25087	1
q_24290	doc_25088	1
q_24291	doc_25089	1
q_24292	doc_25090	1
q_24293	doc_25091	1
q_24294	doc_25092	1
q_24295	doc_25093	1
q_24296	doc_25094	1
q_24297	doc_25095	1
q_24298	doc_25096	1
q_24299	doc_25097	1
q_24300	doc_25098	1
q_24301	doc_25099	1
q_24302	doc_25100	1
q_24303	doc_25101	1
q_24304	doc_25102	1
q_24305	doc_25103	1
q_24306	doc_25104	1
q_24307	doc_25105	1
q_24308	doc_25106	1
q_24309	doc_25107	1
q_24310	doc_25108	1
q_24311	doc_25109	1
q_24312	doc_25110	1
q_24313	doc_25111	1
q_24314	doc_25112	1
q_24315	doc_25113	1
q_24316	doc_25114	1
q_24317	doc_25115	1
q_24318	doc_25116	1
q_24319	doc_25117	1
q_24320	doc_25118	1
q_24321	doc_25119	1
q_24322	doc_25120	1
q_24323	doc_25121	1
q_24324	doc_25122	1
q_24325	doc_25123	1
q_24326	doc_25124	1
q_24327	doc_25125	1
q_24328	doc_25126	1
q_24329	doc_25127	1
q_24330	doc_25128	1
q_24331	doc_25129	1
q_24332	doc_25130	1
q_24333	doc_25131	1
q_24334	doc_25132	1
q_24335	doc_25133	1
q_24336	doc_25134	1
q_24337	doc_25135	1
q_24338	doc_25136	1
q_24339	doc_25137	1
q_24340	doc_25138	1
q_24341	doc_25139	1
q_24342	doc_25140	1
q_24343	doc_25141	1
q_24344	doc_25142	1
q_24345	doc_25143	1
q_24346	doc_25144	1
q_24347	doc_25145	1
q_24348	doc_25146	1
q_24349	doc_25147	1
q_24350	doc_25148	1
q_24351	doc_25149	1
q_24352	doc_25150	1
q_24353	doc_25151	1
q_24354	doc_25152	1
q_24355	doc_25153	1
q_24356	doc_25154	1
q_24357	doc_25155	1
q_24358	doc_25156	1
q_24359	doc_25157	1
q_24360	doc_25158	1
q_24361	doc_25159	1
q_24362	doc_25160	1
q_24363	doc_25161	1
q_24364	doc_25162	1
q_24365	doc_25163	1
q_24366	doc_25164	1
q_24367	doc_25165	1
q_24368	doc_25166	1
q_24369	doc_25167	1
q_24370	doc_25168	1
q_24371	doc_25169	1
q_24372	doc_25170	1
q_24373	doc_25171	1
q_24374	doc_25172	1
q_24375	doc_25173	1
q_24376	doc_25174	1
q_24377	doc_25175	1
q_24378	doc_25176	1
q_24379	doc_25177	1
q_24380	doc_25178	1
q_24381	doc_25179	1
q_24382	doc_25180	1
q_24383	doc_25181	1
q_24384	doc_25182	1
q_24385	doc_25183	1
q_24386	doc_25184	1
q_24387	doc_25185	1
q_24388	doc_25186	1
q_24389	doc_25187	1
q_24390	doc_25188	1
q_24391	doc_25189	1
q_24392	doc_25190	1
q_24393	doc_25191	1
q_24394	doc_25192	1
q_24395	doc_25193	1
q_24396	doc_25194	1
q_24397	doc_25195	1
q_24398	doc_25196	1
q_24399	doc_25197	1
q_24400	doc_25198	1
q_24401	doc_25199	1
q_24402	doc_25200	1
q_24403	doc_25201	1
q_24404	doc_25202	1
q_24405	doc_25203	1
q_24406	doc_25204	1
q_24407	doc_25205	1
q_24408	doc_25206	1
q_24409	doc_25207	1
q_24410	doc_25208	1
q_24411	doc_25209	1
q_24412	doc_25210	1
q_24413	doc_25211	1
q_24414	doc_25212	1
q_24415	doc_25213	1
q_24416	doc_25214	1
q_24417	doc_25215	1
q_24418	doc_25217	1
q_24419	doc_25218	1
q_24420	doc_25220	1
q_24421	doc_25221	1
q_24422	doc_25222	1
q_24423	doc_25223	1
q_24424	doc_25224	1
q_24425	doc_25225	1
q_24426	doc_25226	1
q_24427	doc_25227	1
q_24428	doc_25228	1
q_24429	doc_25229	1
q_24430	doc_25230	1
q_24431	doc_25231	1
q_24432	doc_25232	1
q_24433	doc_25233	1
q_24434	doc_25234	1
q_24435	doc_25235	1
q_24436	doc_25236	1
q_24437	doc_25237	1
q_24438	doc_25238	1
q_24439	doc_25239	1
q_24440	doc_25240	1
q_24441	doc_25241	1
q_24442	doc_25242	1
q_24443	doc_25243	1
q_24444	doc_25244	1
q_24445	doc_25245	1
q_24446	doc_25246	1
q_24447	doc_25247	1
q_24448	doc_25248	1
q_24449	doc_25249	1
q_24450	doc_25250	1
q_24451	doc_25251	1
q_24452	doc_25252	1
q_24453	doc_25253	1
q_24454	doc_25254	1
q_24455	doc_25255	1
q_24456	doc_25256	1
q_24457	doc_25257	1
q_24458	doc_25258	1
q_24459	doc_25259	1
q_24460	doc_25260	1
q_24461	doc_25261	1
q_24462	doc_25262	1
q_24463	doc_25263	1
q_24464	doc_25264	1
q_24465	doc_25265	1
q_24466	doc_25266	1
q_24467	doc_25267	1
q_24468	doc_25268	1
q_24469	doc_25269	1
q_24470	doc_25270	1
q_24471	doc_25271	1
q_24472	doc_25272	1
q_24473	doc_25273	1
q_24474	doc_25274	1
q_24475	doc_25275	1
q_24476	doc_25276	1
q_24477	doc_25277	1
q_24478	doc_25278	1
q_24479	doc_25279	1
q_24480	doc_25280	1
q_24481	doc_25281	1
q_24482	doc_25282	1
q_24483	doc_25283	1
q_24484	doc_25284	1
q_24485	doc_25285	1
q_24486	doc_25286	1
q_24487	doc_25287	1
q_24488	doc_25288	1
q_24489	doc_25289	1
q_24490	doc_25290	1
q_24491	doc_25291	1
q_24492	doc_25292	1
q_24493	doc_25293	1
q_24494	doc_25294	1
q_24495	doc_25295	1
q_24496	doc_25296	1
q_24497	doc_25297	1
q_24498	doc_25298	1
q_24499	doc_25299	1
q_24500	doc_25300	1
q_24501	doc_25301	1
q_24502	doc_25302	1
q_24503	doc_25303	1
q_24504	doc_25304	1
q_24505	doc_25305	1
q_24506	doc_25306	1
q_24507	doc_25307	1
q_24508	doc_25308	1
q_24509	doc_25309	1
q_24510	doc_25310	1
q_24511	doc_25311	1
q_24512	doc_25312	1
q_24513	doc_25313	1
q_24514	doc_25314	1
q_24515	doc_25315	1
q_24516	doc_25316	1
q_24517	doc_25317	1
q_24518	doc_25318	1
q_24519	doc_25319	1
q_24520	doc_25320	1
q_24521	doc_25321	1
q_24522	doc_25322	1
q_24523	doc_25323	1
q_24524	doc_25324	1
q_24525	doc_25325	1
q_24526	doc_25326	1
q_24527	doc_25327	1
q_24528	doc_25328	1
q_24529	doc_25329	1
q_24530	doc_25330	1
q_24531	doc_25331	1
q_24532	doc_25332	1
q_24533	doc_25333	1
q_24534	doc_25334	1
q_24535	doc_25335	1
q_24536	doc_25336	1
q_24537	doc_25337	1
q_24538	doc_25338	1
q_24539	doc_25339	1
q_24540	doc_25340	1
q_24541	doc_25341	1
q_24542	doc_25342	1
q_24543	doc_25343	1
q_24544	doc_25344	1
q_24545	doc_25345	1
q_24546	doc_25346	1
q_24547	doc_25347	1
q_24548	doc_25348	1
q_24549	doc_25349	1
q_24550	doc_25350	1
q_24551	doc_25351	1
q_24552	doc_25352	1
q_24553	doc_25353	1
q_24554	doc_25354	1
q_24555	doc_25355	1
q_24556	doc_25356	1
q_24557	doc_25357	1
q_24558	doc_25358	1
q_24559	doc_25359	1
q_24560	doc_25360	1
q_24561	doc_25361	1
q_24562	doc_25362	1
q_24563	doc_25363	1
q_24564	doc_25364	1
q_24565	doc_25365	1
q_24566	doc_25366	1
q_24567	doc_25367	1
q_24568	doc_25368	1
q_24569	doc_25369	1
q_24570	doc_25370	1
q_24571	doc_25371	1
q_24572	doc_25372	1
q_24573	doc_25373	1
q_24574	doc_25374	1
q_24575	doc_25375	1
q_24576	doc_25376	1
q_24577	doc_25377	1
q_24578	doc_25378	1
q_24579	doc_25379	1
q_24580	doc_25380	1
q_24581	doc_25381	1
q_24582	doc_25382	1
q_24583	doc_25383	1
q_24584	doc_25384	1
q_24585	doc_25385	1
q_24586	doc_25386	1
q_24587	doc_25387	1
q_24588	doc_25388	1
q_24589	doc_25389	1
q_24590	doc_25390	1
q_24591	doc_25391	1
q_24592	doc_25392	1
q_24593	doc_25393	1
q_24594	doc_25394	1
q_24595	doc_25395	1
q_24596	doc_25396	1
q_24597	doc_25397	1
q_24598	doc_25398	1
q_24599	doc_25399	1
q_24600	doc_25400	1
q_24601	doc_25401	1
q_24602	doc_25402	1
q_24603	doc_25403	1
q_24604	doc_25404	1
q_24605	doc_25405	1
q_24606	doc_25406	1
q_24607	doc_25407	1
q_24608	doc_25408	1
q_24609	doc_25409	1
q_24610	doc_25410	1
q_24611	doc_25411	1
q_24612	doc_25412	1
q_24613	doc_25413	1
q_24614	doc_25414	1
q_24615	doc_25415	1
q_24616	doc_25416	1
q_24617	doc_25417	1
q_24618	doc_25418	1
q_24619	doc_25419	1
q_24620	doc_25420	1
q_24621	doc_25421	1
q_24622	doc_25422	1
q_24623	doc_25423	1
q_24624	doc_25424	1
q_24625	doc_25425	1
q_24626	doc_25426	1
q_24627	doc_25427	1
q_24628	doc_25428	1
q_24629	doc_25429	1
q_24630	doc_25430	1
q_24631	doc_25431	1
q_24632	doc_25432	1
q_24633	doc_25433	1
q_24634	doc_25434	1
q_24635	doc_25435	1
q_24636	doc_25438	1
q_24637	doc_25439	1
q_24638	doc_25440	1
q_24639	doc_25441	1
q_24640	doc_25442	1
q_24641	doc_25443	1
q_24642	doc_25444	1
q_24643	doc_25445	1
q_24644	doc_25446	1
q_24645	doc_25447	1
q_24646	doc_25448	1
q_24647	doc_25449	1
q_24648	doc_25450	1
q_24649	doc_25451	1
q_24650	doc_25452	1
q_24651	doc_25453	1
q_24652	doc_25454	1
q_24653	doc_25455	1
q_24654	doc_25456	1
q_24655	doc_25459	1
q_24656	doc_25460	1
q_24657	doc_25461	1
q_24658	doc_25462	1
q_24659	doc_25463	1
q_24660	doc_25464	1
q_24661	doc_25465	1
q_24662	doc_25466	1
q_24663	doc_25467	1
q_24664	doc_25468	1
q_24665	doc_25469	1
q_24666	doc_25470	1
q_24667	doc_25471	1
q_24668	doc_25472	1
q_24669	doc_25473	1
q_24670	doc_25474	1
q_24671	doc_25475	1
q_24672	doc_25476	1
q_24673	doc_25477	1
q_24674	doc_25478	1
q_24675	doc_25479	1
q_24676	doc_25480	1
q_24677	doc_25481	1
q_24678	doc_25482	1
q_24679	doc_25483	1
q_24680	doc_25484	1
q_24681	doc_25485	1
q_24682	doc_25486	1
q_24683	doc_25487	1
q_24684	doc_25488	1
q_24685	doc_25489	1
q_24686	doc_25490	1
q_24687	doc_25491	1
q_24688	doc_25492	1
q_24689	doc_25493	1
q_24690	doc_25494	1
q_24691	doc_25495	1
q_24692	doc_25496	1
q_24693	doc_25497	1
q_24694	doc_25498	1
q_24695	doc_25499	1
q_24696	doc_25500	1
q_24697	doc_25501	1
q_24698	doc_25502	1
q_24699	doc_25503	1
q_24700	doc_25504	1
q_24701	doc_25505	1
q_24702	doc_25506	1
q_24703	doc_25507	1
q_24704	doc_25508	1
q_24705	doc_25509	1
q_24706	doc_25510	1
q_24707	doc_25511	1
q_24708	doc_25512	1
q_24709	doc_25513	1
q_24710	doc_25514	1
q_24711	doc_25515	1
q_24712	doc_25516	1
q_24713	doc_25517	1
q_24714	doc_25518	1
q_24715	doc_25519	1
q_24716	doc_25520	1
q_24717	doc_25521	1
q_24718	doc_25522	1
q_24719	doc_25523	1
q_24720	doc_25524	1
q_24721	doc_25525	1
q_24722	doc_25526	1
q_24723	doc_25527	1
q_24724	doc_25528	1
q_24725	doc_25529	1
q_24726	doc_25530	1
q_24727	doc_25531	1
q_24728	doc_25532	1
q_24729	doc_25533	1
q_24730	doc_25534	1
q_24731	doc_25535	1
q_24732	doc_25536	1
q_24733	doc_25537	1
q_24734	doc_25538	1
q_24735	doc_25539	1
q_24736	doc_25540	1
q_24737	doc_25541	1
q_24738	doc_25542	1
q_24739	doc_25543	1
q_24740	doc_25544	1
q_24741	doc_25545	1
q_24742	doc_25546	1
q_24743	doc_25547	1
q_24744	doc_25548	1
q_24745	doc_25549	1
q_24746	doc_25550	1
q_24747	doc_25551	1
q_24748	doc_25552	1
q_24749	doc_25553	1
q_24750	doc_25554	1
q_24751	doc_25555	1
q_24752	doc_25556	1
q_24753	doc_25557	1
q_24754	doc_25558	1
q_24755	doc_25559	1
q_24756	doc_25560	1
q_24757	doc_25561	1
q_24758	doc_25562	1
q_24759	doc_25563	1
q_24760	doc_25564	1
q_24761	doc_25565	1
q_24762	doc_25566	1
q_24763	doc_25567	1
q_24764	doc_25568	1
q_24765	doc_25569	1
q_24766	doc_25570	1
q_24767	doc_25571	1
q_24768	doc_25572	1
q_24769	doc_25573	1
q_24770	doc_25574	1
q_24771	doc_25575	1
q_24772	doc_25576	1
q_24773	doc_25577	1
q_24774	doc_25578	1
q_24775	doc_25579	1
q_24776	doc_25580	1
q_24777	doc_25581	1
q_24778	doc_25582	1
q_24779	doc_25584	1
q_24780	doc_25585	1
q_24781	doc_25587	1
q_24782	doc_25588	1
q_24783	doc_25589	1
q_24784	doc_25590	1
q_24785	doc_25591	1
q_24786	doc_25592	1
q_24787	doc_25593	1
q_24788	doc_25594	1
q_24789	doc_25595	1
q_24790	doc_25596	1
q_24791	doc_25597	1
q_24792	doc_25598	1
q_24793	doc_25599	1
q_24794	doc_25600	1
q_24795	doc_25601	1
q_24796	doc_25602	1
q_24797	doc_25603	1
q_24798	doc_25604	1
q_24799	doc_25605	1
q_24800	doc_25606	1
q_24801	doc_25607	1
q_24802	doc_25608	1
q_24803	doc_25609	1
q_24804	doc_25610	1
q_24805	doc_25611	1
q_24806	doc_25612	1
q_24807	doc_25613	1
q_24808	doc_25614	1
q_24809	doc_25615	1
q_24810	doc_25616	1
q_24811	doc_25617	1
q_24812	doc_25618	1
q_24813	doc_25619	1
q_24814	doc_25620	1
q_24815	doc_25621	1
q_24816	doc_25622	1
q_24817	doc_25623	1
q_24818	doc_25624	1
q_24819	doc_25625	1
q_24820	doc_25626	1
q_24821	doc_25627	1
q_24822	doc_25628	1
q_24823	doc_25629	1
q_24824	doc_25630	1
q_24825	doc_25631	1
q_24826	doc_25632	1
q_24827	doc_25633	1
q_24828	doc_25634	1
q_24829	doc_25635	1
q_24830	doc_25636	1
q_24831	doc_25637	1
q_24832	doc_25638	1
q_24833	doc_25639	1
q_24834	doc_25640	1
q_24835	doc_25641	1
q_24836	doc_25642	1
q_24837	doc_25643	1
q_24838	doc_25644	1
q_24839	doc_25645	1
q_24840	doc_25646	1
q_24841	doc_25647	1
q_24842	doc_25648	1
q_24843	doc_25649	1
q_24844	doc_25650	1
q_24845	doc_25651	1
q_24846	doc_25652	1
q_24847	doc_25653	1
q_24848	doc_25654	1
q_24849	doc_25655	1
q_24850	doc_25656	1
q_24851	doc_25657	1
q_24852	doc_25658	1
q_24853	doc_25659	1
q_24854	doc_25660	1
q_24855	doc_25661	1
q_24856	doc_25664	1
q_24857	doc_25667	1
q_24858	doc_25668	1
q_24859	doc_25669	1
q_24860	doc_25670	1
q_24861	doc_25671	1
q_24862	doc_25672	1
q_24863	doc_25673	1
q_24864	doc_25674	1
q_24865	doc_25675	1
q_24866	doc_25676	1
q_24867	doc_25677	1
q_24868	doc_25678	1
q_24869	doc_25679	1
q_24870	doc_25680	1
q_24871	doc_25681	1
q_24872	doc_25682	1
q_24873	doc_25683	1
q_24874	doc_25684	1
q_24875	doc_25685	1
q_24876	doc_25686	1
q_24877	doc_25687	1
q_24878	doc_25688	1
q_24879	doc_25689	1
q_24880	doc_25690	1
q_24881	doc_25691	1
q_24882	doc_25692	1
q_24883	doc_25693	1
q_24884	doc_25694	1
q_24885	doc_25695	1
q_24886	doc_25696	1
q_24887	doc_25697	1
q_24888	doc_25701	1
q_24889	doc_25704	1
q_24890	doc_25706	1
q_24891	doc_25709	1
q_24892	doc_25710	1
q_24893	doc_25711	1
q_24894	doc_25712	1
q_24895	doc_25713	1
q_24896	doc_25714	1
q_24897	doc_25715	1
q_24898	doc_25716	1
q_24899	doc_25717	1
q_24900	doc_25718	1
q_24901	doc_25719	1
q_24902	doc_25720	1
q_24903	doc_25721	1
q_24904	doc_25722	1
q_24905	doc_25723	1
q_24906	doc_25724	1
q_24907	doc_25725	1
q_24908	doc_25726	1
q_24909	doc_25727	1
q_24910	doc_25728	1
q_24911	doc_25729	1
q_24912	doc_25730	1
q_24913	doc_25731	1
q_24914	doc_25732	1
q_24915	doc_25733	1
q_24916	doc_25734	1
q_24917	doc_25735	1
q_24918	doc_25736	1
q_24919	doc_25737	1
q_24920	doc_25739	1
q_24921	doc_25740	1
q_24922	doc_25741	1
q_24923	doc_25742	1
q_24924	doc_25743	1
q_24925	doc_25744	1
q_24926	doc_25745	1
q_24927	doc_25746	1
q_24928	doc_25747	1
q_24929	doc_25748	1
q_24930	doc_25750	1
q_24931	doc_25751	1
q_24932	doc_25752	1
q_24933	doc_25753	1
q_24934	doc_25755	1
q_24935	doc_25756	1
q_24936	doc_25757	1
q_24937	doc_25758	1
q_24938	doc_25760	1
q_24939	doc_25761	1
q_24940	doc_25762	1
q_24941	doc_25763	1
q_24942	doc_25765	1
q_24943	doc_25766	1
q_24944	doc_25767	1
q_24945	doc_25768	1
q_24946	doc_25770	1
q_24947	doc_25771	1
q_24948	doc_25772	1
q_24949	doc_25773	1
q_24950	doc_25774	1
q_24951	doc_25775	1
q_24952	doc_25776	1
q_24953	doc_25777	1
q_24954	doc_25778	1
q_24955	doc_25779	1
q_24956	doc_25780	1
q_24957	doc_25782	1
q_24958	doc_25783	1
q_24959	doc_25784	1
q_24960	doc_25785	1
q_24961	doc_25786	1
q_24962	doc_25787	1
q_24963	doc_25788	1
q_24964	doc_25789	1
q_24965	doc_25790	1
q_24966	doc_25791	1
q_24967	doc_25793	1
q_24968	doc_25794	1
q_24969	doc_25795	1
q_24970	doc_25796	1
q_24971	doc_25798	1
q_24972	doc_25799	1
q_24973	doc_25800	1
q_24974	doc_25801	1
q_24975	doc_25803	1
q_24976	doc_25804	1
q_24977	doc_25805	1
q_24978	doc_25806	1
q_24979	doc_25807	1
q_24980	doc_25808	1
q_24981	doc_25810	1
q_24982	doc_25811	1
q_24983	doc_25812	1
q_24984	doc_25813	1
q_24985	doc_25814	1
q_24986	doc_25815	1
q_24987	doc_25816	1
q_24988	doc_25817	1
q_24989	doc_25818	1
q_24990	doc_25819	1
q_24991	doc_25820	1
q_24992	doc_25822	1
q_24993	doc_25823	1
q_24994	doc_25824	1
q_24995	doc_25825	1
q_24996	doc_25827	1
q_24997	doc_25828	1
q_24998	doc_25829	1
q_24999	doc_25830	1
q_25000	doc_25831	1
q_25001	doc_25832	1
q_25002	doc_25833	1
q_25003	doc_25834	1
q_25004	doc_25835	1
q_25005	doc_25836	1
q_25006	doc_25837	1
q_25007	doc_25838	1
q_25008	doc_25839	1
q_25009	doc_25841	1
q_25010	doc_25842	1
q_25011	doc_25843	1
q_25012	doc_25844	1
q_25013	doc_25845	1
q_25014	doc_25846	1
q_25015	doc_25847	1
q_25016	doc_25848	1
q_25017	doc_25849	1
q_25018	doc_25850	1
q_25019	doc_25851	1
q_25020	doc_25852	1
q_25021	doc_25853	1
q_25022	doc_25854	1
q_25023	doc_25855	1
q_25024	doc_20903	1
q_25025	doc_25856	1
q_25026	doc_25857	1
q_25027	doc_25858	1
q_25028	doc_25859	1
q_25029	doc_25860	1
q_25030	doc_25861	1
q_25031	doc_25862	1
q_25032	doc_25863	1
q_25033	doc_25864	1
q_25034	doc_25865	1
q_25035	doc_25866	1
q_25036	doc_25867	1
q_25037	doc_25868	1
q_25038	doc_25869	1
q_25039	doc_25870	1
q_25040	doc_25871	1
q_25041	doc_25872	1
q_25042	doc_25873	1
q_25043	doc_25874	1
q_25044	doc_25875	1
q_25045	doc_25876	1
q_25046	doc_25877	1
q_25047	doc_21496	1
q_25048	doc_25878	1
q_25049	doc_25879	1
q_25050	doc_25880	1
q_25051	doc_25881	1
q_25052	doc_25882	1
q_25053	doc_25883	1
q_25054	doc_25884	1
q_25055	doc_25885	1
q_25056	doc_25886	1
q_25057	doc_25887	1
q_25058	doc_25888	1
q_25059	doc_25889	1
q_25060	doc_25890	1
q_25061	doc_25891	1
q_25062	doc_25892	1
q_25063	doc_25893	1
q_25064	doc_25894	1
q_25065	doc_25896	1
q_25066	doc_25898	1
q_25067	doc_25899	1
q_25068	doc_25900	1
q_25069	doc_25901	1
q_25070	doc_25903	1
q_25071	doc_25904	1
q_25072	doc_25906	1
q_25073	doc_25907	1
q_25074	doc_25908	1
q_25075	doc_25909	1
q_25076	doc_25910	1
q_25077	doc_25911	1
q_25078	doc_25912	1
q_25079	doc_25913	1
q_25080	doc_25914	1
q_25081	doc_25915	1
q_25082	doc_25916	1
q_25083	doc_25917	1
q_25084	doc_25918	1
q_25085	doc_25919	1
q_25086	doc_25920	1
q_25087	doc_25921	1
q_25088	doc_25922	1
q_25089	doc_25923	1
q_25090	doc_25925	1
q_25091	doc_25926	1
q_25092	doc_25927	1
q_25093	doc_25928	1
q_25094	doc_25929	1
q_25095	doc_25930	1
q_25096	doc_25931	1
q_25097	doc_25932	1
q_25098	doc_25933	1
q_25099	doc_25934	1
q_25100	doc_25936	1
q_25101	doc_25937	1
q_25102	doc_25938	1
q_25103	doc_25939	1
q_25104	doc_25940	1
q_25105	doc_25941	1
q_25106	doc_25943	1
q_25107	doc_25944	1
q_25108	doc_25945	1
q_25109	doc_25946	1
q_25110	doc_25947	1
q_25111	doc_25948	1
q_25112	doc_25949	1
q_25113	doc_25951	1
q_25114	doc_25952	1
q_25115	doc_25953	1
q_25116	doc_25954	1
q_25117	doc_25955	1
q_25118	doc_25956	1
q_25119	doc_25957	1
q_25120	doc_25958	1
q_25121	doc_25959	1
q_25122	doc_25960	1
q_25123	doc_25961	1
q_25124	doc_25962	1
q_25125	doc_25963	1
q_25126	doc_25964	1
q_25127	doc_25965	1
q_25128	doc_25966	1
q_25129	doc_25967	1
q_25130	doc_25968	1
q_25131	doc_25969	1
q_25132	doc_25970	1
q_25133	doc_25971	1
q_25134	doc_25972	1
q_25135	doc_25973	1
q_25136	doc_25974	1
q_25137	doc_25975	1
q_25138	doc_25976	1
q_25139	doc_25977	1
q_25140	doc_25979	1
q_25141	doc_25981	1
q_25142	doc_25983	1
q_25143	doc_25984	1
q_25144	doc_25985	1
q_25145	doc_25986	1
